ISO-10303-21;
HEADER;
FILE_DESCRIPTION((''),'2;1');
FILE_NAME('CloudPad Case', '2026-08-13T20:39:42', (''), (''), 'ImageToStl.com STEP Converter','', '');
FILE_SCHEMA(('AUTOMOTIVE_DESIGN_CC2'));
ENDSEC;
DATA;
#1=PRODUCT_DEFINITION_CONTEXT('',#4,'design');
#2=APPLICATION_PROTOCOL_DEFINITION('INTERNATIONAL STANDARD','automotive_design',1994,#4);
#3=(GEOMETRIC_REPRESENTATION_CONTEXT(3)GLOBAL_UNCERTAINTY_ASSIGNED_CONTEXT((#5))GLOBAL_UNIT_ASSIGNED_CONTEXT((#6,#7,#8))REPRESENTATION_CONTEXT('NONE','WORKSPACE'));
#4=APPLICATION_CONTEXT(' ');
#5=UNCERTAINTY_MEASURE_WITH_UNIT(LENGTH_MEASURE(1.0E-006),#6,'','');
#6=(CONVERSION_BASED_UNIT('METRE',#10)LENGTH_UNIT()NAMED_UNIT(#11));
#7=(NAMED_UNIT(#12)PLANE_ANGLE_UNIT()SI_UNIT($,.RADIAN.));
#8=(NAMED_UNIT(#12)SOLID_ANGLE_UNIT()SI_UNIT($,.STERADIAN.));
#9=AXIS2_PLACEMENT_3D('',#14,#15,#16);
#10=LENGTH_MEASURE_WITH_UNIT(LENGTH_MEASURE(1.0),#17);
#11=DIMENSIONAL_EXPONENTS(1.0,0.0,0.0,0.0,0.0,0.0,0.0);
#12=DIMENSIONAL_EXPONENTS(0.0,0.0,0.0,0.0,0.0,0.0,0.0);
#13=PRODUCT_CONTEXT('',#4,'mechanical');
#14=CARTESIAN_POINT('',(0.0,0.0,0.0));
#15=DIRECTION('',(0.0,0.0,1.0));
#16=DIRECTION('',(1.0,0.0,0.0));
#17=(NAMED_UNIT(#11)LENGTH_UNIT()SI_UNIT(.MILLI.,.METRE.));
#18=PRESENTATION_STYLE_ASSIGNMENT((#19));
#19=SURFACE_STYLE_USAGE(.BOTH.,#20);
#20=SURFACE_SIDE_STYLE('',(#21));
#21=SURFACE_STYLE_FILL_AREA(#22);
#22=FILL_AREA_STYLE('',(#23));
#23=FILL_AREA_STYLE_COLOUR('',#24);
#24=COLOUR_RGB('',0.9,0.9,0.9);
#25=SHAPE_DEFINITION_REPRESENTATION(#26,#27);
#26=PRODUCT_DEFINITION_SHAPE('productshape0','',#30);
#27=MANIFOLD_SURFACE_SHAPE_REPRESENTATION('',(#28,#9),#3);
#28=SHELL_BASED_SURFACE_MODEL('shell0',(#33));
#29=PRODUCT('product0','','',(#13));
#30=PRODUCT_DEFINITION('mesh0','',#31,#2);
#31=PRODUCT_DEFINITION_FORMATION_WITH_SPECIFIED_SOURCE('prodsource0','',#29,.NOT_KNOWN.);
#32=STYLED_ITEM('',(#18),#33);
#33=CLOSED_SHELL('',(#860,#882,#904,#926,#948,#970,#992,#1014,#1036,#1058,#1080,#1102,#1124,#1146,#1168,#1190,#1212,#1234,#1256,#1278,#1300,#1322,#1344,#1366,#1388,#1410,#1432,#1454,#1476,#1498,#1520,#1542,#1564,#1586,#1608,#1630,#1652,#1674,#1696,#1718,#1740,#1762,#1784,#1806,#1828,#1850,#1872,#1894,#1916,#1938,#1960,#1982,#2004,#2026,#2048,#2070,#2092,#2114,#2136,#2158,#2180,#2202,#2224,#2246,#2268,#2290,#2312,#2334,#2356,#2378,#2400,#2422,#2444,#2466,#2488,#2510,#2532,#2554,#2576,#2598,#2620,#2642,#2664,#2686,#2708,#2730,#2752,#2774,#2796,#2818,#2840,#2862,#2884,#2906,#2928,#2950,#2972,#2994,#3016,#3038,#3060,#3082,#3104,#3126,#3148,#3170,#3192,#3214,#3236,#3258,#3280,#3302,#3324,#3346,#3368,#3390,#3412,#3434,#3456,#3478,#3500,#3522,#3544,#3566,#3588,#3610,#3632,#3654,#3676,#3698,#3720,#3742,#3764,#3786,#3808,#3830,#3852,#3874,#3896,#3918,#3940,#3962,#3984,#4006,#4028,#4050,#4072,#4094,#4116,#4138,#4160,#4182,#4204,#4226,#4248,#4270,#4292,#4314,#4336,#4358,#4380,#4402,#4424,#4446,#4468,#4490,#4512,#4534,#4556,#4578,#4600,#4622,#4644,#4666,#4688,#4710,#4732,#4754,#4776,#4798,#4820,#4842,#4864,#4886,#4908,#4930,#4952,#4974,#4996,#5018,#5040,#5062,#5084,#5106,#5128,#5150,#5172,#5194,#5216,#5238,#5260,#5282,#5304,#5326,#5348,#5370,#5392,#5414,#5436,#5458,#5480,#5502,#5524,#5546,#5568,#5590,#5612,#5634,#5656,#5678,#5700,#5722,#5744,#5766,#5788,#5810,#5832,#5854,#5876,#5898,#5920,#5942,#5964,#5986,#6008,#6030,#6052,#6074,#6096,#6118,#6140,#6162,#6184,#6206,#6228,#6250,#6272,#6294,#6316,#6338,#6360,#6382,#6404,#6426,#6448,#6470,#6492,#6514,#6536,#6558,#6580,#6602,#6624,#6646,#6668,#6690,#6712,#6734,#6756,#6778,#6800,#6822,#6844,#6866,#6888,#6910,#6932,#6954,#6976,#6998,#7020,#7042,#7064,#7086,#7108,#7130,#7152,#7174,#7196,#7218,#7240,#7262,#7284,#7306,#7328,#7350,#7372,#7394,#7416,#7438,#7460,#7482,#7504,#7526,#7548,#7570,#7592,#7614,#7636,#7658,#7680,#7702,#7724,#7746,#7768,#7790,#7812,#7834,#7856,#7878,#7900,#7922,#7944,#7966,#7988,#8010,#8032,#8054,#8076,#8098,#8120,#8142,#8164,#8186,#8208,#8230,#8252,#8274,#8296,#8318,#8340,#8362,#8384,#8406,#8428,#8450,#8472,#8494,#8516,#8538,#8560,#8582,#8604,#8626,#8648,#8670,#8692,#8714,#8736,#8758,#8780,#8802,#8824,#8846,#8868,#8890,#8912,#8934,#8956,#8978,#9000,#9022,#9044,#9066,#9088,#9110,#9132,#9154,#9176,#9198,#9220,#9242,#9264,#9286,#9308,#9330,#9352,#9374,#9396,#9418,#9440,#9462,#9484,#9506,#9528,#9550,#9572,#9594,#9616,#9638,#9660,#9682,#9704,#9726,#9748,#9770,#9792,#9814,#9836,#9858,#9880,#9902,#9924,#9946,#9968,#9990,#10012,#10034,#10056,#10078,#10100,#10122,#10144,#10166,#10188,#10210,#10232,#10254,#10276,#10298,#10320,#10342,#10364,#10386,#10408,#10430,#10452,#10474,#10496,#10518,#10540,#10562,#10584,#10606,#10628,#10650,#10672,#10694,#10716,#10738,#10760,#10782,#10804,#10826,#10848,#10870,#10892,#10914,#10936,#10958,#10980,#11002,#11024,#11046,#11068,#11090,#11112,#11134,#11156,#11178,#11200,#11222,#11244,#11266,#11288,#11310,#11332,#11354,#11376,#11398,#11420,#11442,#11464,#11486,#11508,#11530,#11552,#11574,#11596,#11618,#11640,#11662,#11684,#11706,#11728,#11750,#11772,#11794,#11816,#11838,#11860,#11882,#11904,#11926,#11948,#11970,#11992,#12014,#12036,#12058,#12080,#12102,#12124,#12146,#12168,#12190,#12212,#12234,#12256,#12278,#12300,#12322,#12344,#12366,#12388,#12410,#12432,#12454,#12476,#12498,#12520,#12542,#12564,#12586,#12608,#12630,#12652,#12674,#12696,#12718,#12740,#12762,#12784,#12806,#12828,#12850,#12872,#12894,#12916,#12938,#12960,#12982,#13004,#13026,#13048,#13070,#13092,#13114,#13136,#13158,#13180,#13202,#13224,#13246,#13268,#13290,#13312,#13334,#13356,#13378,#13400,#13422,#13444,#13466,#13488,#13510,#13532,#13554,#13576,#13598,#13620,#13642,#13664,#13686,#13708,#13730,#13752,#13774,#13796,#13818,#13840,#13862,#13884,#13906,#13928,#13950,#13972,#13994,#14016,#14038,#14060,#14082,#14104,#14126,#14148,#14170,#14192,#14214,#14236,#14258,#14280,#14302,#14324,#14346,#14368,#14390,#14412,#14434,#14456,#14478,#14500,#14522,#14544,#14566,#14588,#14610,#14632,#14654,#14676,#14698,#14720,#14742,#14764,#14786,#14808,#14830,#14852,#14874,#14896,#14918,#14940,#14962,#14984,#15006,#15028,#15050,#15072,#15094,#15116,#15138,#15160,#15182,#15204,#15226,#15248,#15270,#15292,#15314,#15336,#15358,#15380,#15402,#15424,#15446,#15468,#15490,#15512,#15534,#15556,#15578,#15600,#15622,#15644,#15666,#15688,#15710,#15732,#15754,#15776,#15798,#15820,#15842,#15864,#15886,#15908,#15930,#15952,#15974,#15996,#16018,#16040,#16062,#16084,#16106,#16128,#16150,#16172,#16194,#16216,#16238,#16260,#16282,#16304,#16326,#16348,#16370,#16392,#16414,#16436,#16458,#16480,#16502,#16524,#16546,#16568,#16590,#16612,#16634,#16656,#16678,#16700,#16722,#16744,#16766,#16788,#16810,#16832,#16854,#16876,#16898,#16920,#16942,#16964,#16986,#17008,#17030,#17052,#17074,#17096,#17118,#17140,#17162,#17184,#17206,#17228,#17250,#17272,#17294,#17316,#17338,#17360,#17382,#17404,#17426,#17448,#17470,#17492,#17514,#17536,#17558,#17580,#17602,#17624,#17646,#17668,#17690,#17712,#17734,#17756,#17778,#17800,#17822,#17844,#17866,#17888,#17910,#17932,#17954,#17976,#17998,#18020,#18042,#18064,#18086,#18108,#18130,#18152,#18174,#18196,#18218,#18240,#18262,#18284,#18306,#18328,#18350,#18372,#18394,#18416,#18438,#18460,#18482,#18504,#18526,#18548,#18570,#18592,#18614,#18636,#18658,#18680,#18702,#18724,#18746,#18768,#18790,#18812,#18834,#18856,#18878,#18900,#18922,#18944,#18966,#18988,#19010,#19032,#19054,#19076,#19098,#19120,#19142,#19164,#19186,#19208,#19230,#19252,#19274,#19296,#19318,#19340,#19362,#19384,#19406,#19428,#19450));
#34=CARTESIAN_POINT('',(82.75,-11,1.7763568394002505E-15));
#35=VERTEX_POINT('',#34);
#36=CARTESIAN_POINT('',(82.75,-11,-1));
#37=VERTEX_POINT('',#36);
#38=CARTESIAN_POINT('',(82.75,81,-1));
#39=VERTEX_POINT('',#38);
#40=CARTESIAN_POINT('',(82.75,81,1.7763568394002505E-15));
#41=VERTEX_POINT('',#40);
#42=CARTESIAN_POINT('',(11.75,81,1.7763568394002505E-15));
#43=VERTEX_POINT('',#42);
#44=CARTESIAN_POINT('',(11.75,81,-1));
#45=VERTEX_POINT('',#44);
#46=CARTESIAN_POINT('',(11.75,-11,-1));
#47=VERTEX_POINT('',#46);
#48=CARTESIAN_POINT('',(11.75,-11,1.7763568394002505E-15));
#49=VERTEX_POINT('',#48);
#50=CARTESIAN_POINT('',(16.55299949645996,81,1.7763568394002505E-15));
#51=VERTEX_POINT('',#50);
#52=CARTESIAN_POINT('',(45.75299835205078,72.00299835205078,1.7763568394002505E-15));
#53=VERTEX_POINT('',#52);
#54=CARTESIAN_POINT('',(78.43199920654297,79.51799774169922,1.7763568394002505E-15));
#55=VERTEX_POINT('',#54);
#56=CARTESIAN_POINT('',(78.59500122070312,79.66100311279297,1.7763568394002505E-15));
#57=VERTEX_POINT('',#56);
#58=CARTESIAN_POINT('',(13.261999130249023,78.13400268554688,1.7763568394002505E-15));
#59=VERTEX_POINT('',#58);
#60=CARTESIAN_POINT('',(13.303999900817871,77.9219970703125,1.7763568394002505E-15));
#61=VERTEX_POINT('',#60);
#62=CARTESIAN_POINT('',(13.24799919128418,78.3499984741211,1.7763568394002505E-15));
#63=VERTEX_POINT('',#62);
#64=CARTESIAN_POINT('',(78.77400207519531,79.78099822998047,1.7763568394002505E-15));
#65=VERTEX_POINT('',#64);
#66=CARTESIAN_POINT('',(80.91200256347656,-9.355999946594238,-1));
#67=VERTEX_POINT('',#66);
#68=CARTESIAN_POINT('',(80.76899719238281,-9.517999649047852,-1));
#69=VERTEX_POINT('',#68);
#70=CARTESIAN_POINT('',(77.947998046875,-11,1.7763568394002505E-15));
#71=VERTEX_POINT('',#70);
#72=CARTESIAN_POINT('',(78.59500122070312,-9.66100025177002,1.7763568394002505E-15));
#73=VERTEX_POINT('',#72);
#74=CARTESIAN_POINT('',(78.43199920654297,-9.517999649047852,1.7763568394002505E-15));
#75=VERTEX_POINT('',#74);
#76=CARTESIAN_POINT('',(79.1729965209961,79.94599914550781,1.7763568394002505E-15));
#77=VERTEX_POINT('',#76);
#78=CARTESIAN_POINT('',(78.96800231933594,79.87699890136719,1.7763568394002505E-15));
#79=VERTEX_POINT('',#78);
#80=CARTESIAN_POINT('',(78.77400207519531,-6.919000148773193,-1));
#81=VERTEX_POINT('',#80);
#82=CARTESIAN_POINT('',(78.59500122070312,-7.039000034332275,-1));
#83=VERTEX_POINT('',#82);
#84=CARTESIAN_POINT('',(74.75299835205078,-3.002000093460083,-1));
#85=VERTEX_POINT('',#84);
#86=CARTESIAN_POINT('',(78.43199920654297,-7.182000160217285,-1));
#87=VERTEX_POINT('',#86);
#88=CARTESIAN_POINT('',(79.38500213623047,79.98799896240234,1.7763568394002505E-15));
#89=VERTEX_POINT('',#88);
#90=CARTESIAN_POINT('',(78.00399780273438,-8.777999877929688,1.7763568394002505E-15));
#91=VERTEX_POINT('',#90);
#92=CARTESIAN_POINT('',(77.96199798583984,-8.565999984741211,1.7763568394002505E-15));
#93=VERTEX_POINT('',#92);
#94=CARTESIAN_POINT('',(19.74799919128418,-10.003000259399414,1.7763568394002505E-15));
#95=VERTEX_POINT('',#94);
#96=CARTESIAN_POINT('',(78.16899871826172,-9.175999641418457,1.7763568394002505E-15));
#97=VERTEX_POINT('',#96);
#98=CARTESIAN_POINT('',(78.28900146484375,-9.355999946594238,1.7763568394002505E-15));
#99=VERTEX_POINT('',#98);
#100=CARTESIAN_POINT('',(16.55299949645996,78.3499984741211,1.7763568394002505E-15));
#101=VERTEX_POINT('',#100);
#102=CARTESIAN_POINT('',(25.74799919128418,72.00299835205078,1.7763568394002505E-15));
#103=VERTEX_POINT('',#102);
#104=CARTESIAN_POINT('',(16.538999557495117,78.56600189208984,1.7763568394002505E-15));
#105=VERTEX_POINT('',#104);
#106=CARTESIAN_POINT('',(78.96800231933594,-6.822999954223633,-1));
#107=VERTEX_POINT('',#106);
#108=CARTESIAN_POINT('',(77.947998046875,-8.350000381469727,1.7763568394002505E-15));
#109=VERTEX_POINT('',#108);
#110=CARTESIAN_POINT('',(77.96199798583984,-8.133999824523926,1.7763568394002505E-15));
#111=VERTEX_POINT('',#110);
#112=CARTESIAN_POINT('',(16.427000045776367,77.71800231933594,1.7763568394002505E-15));
#113=VERTEX_POINT('',#112);
#114=CARTESIAN_POINT('',(16.331998825073242,77.52400207519531,1.7763568394002505E-15));
#115=VERTEX_POINT('',#114);
#116=CARTESIAN_POINT('',(16.496999740600586,77.9219970703125,1.7763568394002505E-15));
#117=VERTEX_POINT('',#116);
#118=CARTESIAN_POINT('',(16.211999893188477,77.34400177001953,1.7763568394002505E-15));
#119=VERTEX_POINT('',#118);
#120=CARTESIAN_POINT('',(78.00399780273438,-7.921999931335449,1.7763568394002505E-15));
#121=VERTEX_POINT('',#120);
#122=CARTESIAN_POINT('',(78.0739974975586,-7.7179999351501465,1.7763568394002505E-15));
#123=VERTEX_POINT('',#122);
#124=CARTESIAN_POINT('',(80.23300170898438,79.87699890136719,1.7763568394002505E-15));
#125=VERTEX_POINT('',#124);
#126=CARTESIAN_POINT('',(80.02799987792969,79.94599914550781,1.7763568394002505E-15));
#127=VERTEX_POINT('',#126);
#128=CARTESIAN_POINT('',(15.905999183654785,-7.039000034332275,-1));
#129=VERTEX_POINT('',#128);
#130=CARTESIAN_POINT('',(15.905999183654785,-7.039000034332275,1.7763568394002505E-15));
#131=VERTEX_POINT('',#130);
#132=CARTESIAN_POINT('',(15.726999282836914,-6.919000148773193,1.7763568394002505E-15));
#133=VERTEX_POINT('',#132);
#134=CARTESIAN_POINT('',(15.726999282836914,-6.919000148773193,-1));
#135=VERTEX_POINT('',#134);
#136=CARTESIAN_POINT('',(19.74799919128418,-3.002000093460083,-1));
#137=VERTEX_POINT('',#136);
#138=CARTESIAN_POINT('',(15.532999992370605,-6.822999954223633,-1));
#139=VERTEX_POINT('',#138);
#140=CARTESIAN_POINT('',(15.327999114990234,-6.754000186920166,-1));
#141=VERTEX_POINT('',#140);
#142=CARTESIAN_POINT('',(19.74799919128418,50.00299835205078,-1));
#143=VERTEX_POINT('',#142);
#144=CARTESIAN_POINT('',(15.115999221801758,-6.711999893188477,-1));
#145=VERTEX_POINT('',#144);
#146=CARTESIAN_POINT('',(14.899999618530273,-6.697999954223633,-1));
#147=VERTEX_POINT('',#146);
#148=CARTESIAN_POINT('',(14.684999465942383,-6.711999893188477,-1));
#149=VERTEX_POINT('',#148);
#150=CARTESIAN_POINT('',(80.427001953125,79.78099822998047,1.7763568394002505E-15));
#151=VERTEX_POINT('',#150);
#152=CARTESIAN_POINT('',(80.60600280761719,77.03900146484375,1.7763568394002505E-15));
#153=VERTEX_POINT('',#152);
#154=CARTESIAN_POINT('',(80.60600280761719,77.03900146484375,-1));
#155=VERTEX_POINT('',#154);
#156=CARTESIAN_POINT('',(80.427001953125,76.91899871826172,-1));
#157=VERTEX_POINT('',#156);
#158=CARTESIAN_POINT('',(80.427001953125,76.91899871826172,1.7763568394002505E-15));
#159=VERTEX_POINT('',#158);
#160=CARTESIAN_POINT('',(16.069000244140625,-7.182000160217285,-1));
#161=VERTEX_POINT('',#160);
#162=CARTESIAN_POINT('',(16.069000244140625,-7.182000160217285,1.7763568394002505E-15));
#163=VERTEX_POINT('',#162);
#164=CARTESIAN_POINT('',(16.538999557495117,78.13400268554688,-1));
#165=VERTEX_POINT('',#164);
#166=CARTESIAN_POINT('',(16.55299949645996,78.3499984741211,-1));
#167=VERTEX_POINT('',#166);
#168=CARTESIAN_POINT('',(25.74799919128418,72.00299835205078,-1));
#169=VERTEX_POINT('',#168);
#170=CARTESIAN_POINT('',(80.23300170898438,76.822998046875,-1));
#171=VERTEX_POINT('',#170);
#172=CARTESIAN_POINT('',(80.23300170898438,76.822998046875,1.7763568394002505E-15));
#173=VERTEX_POINT('',#172);
#174=CARTESIAN_POINT('',(74.75299835205078,50.00299835205078,-1));
#175=VERTEX_POINT('',#174);
#176=CARTESIAN_POINT('',(45.75299835205078,51.99800109863281,-1));
#177=VERTEX_POINT('',#176);
#178=CARTESIAN_POINT('',(74.75299835205078,-3.002000093460083,1.7763568394002505E-15));
#179=VERTEX_POINT('',#178);
#180=CARTESIAN_POINT('',(19.74799919128418,50.00299835205078,1.7763568394002505E-15));
#181=VERTEX_POINT('',#180);
#182=CARTESIAN_POINT('',(15.905999183654785,77.03900146484375,1.7763568394002505E-15));
#183=VERTEX_POINT('',#182);
#184=CARTESIAN_POINT('',(16.069000244140625,77.18199920654297,1.7763568394002505E-15));
#185=VERTEX_POINT('',#184);
#186=CARTESIAN_POINT('',(80.02799987792969,76.75399780273438,-1));
#187=VERTEX_POINT('',#186);
#188=CARTESIAN_POINT('',(80.02799987792969,76.75399780273438,1.7763568394002505E-15));
#189=VERTEX_POINT('',#188);
#190=CARTESIAN_POINT('',(78.16899871826172,-7.52400016784668,1.7763568394002505E-15));
#191=VERTEX_POINT('',#190);
#192=CARTESIAN_POINT('',(78.28900146484375,-7.343999862670898,1.7763568394002505E-15));
#193=VERTEX_POINT('',#192);
#194=CARTESIAN_POINT('',(15.726999282836914,76.91899871826172,1.7763568394002505E-15));
#195=VERTEX_POINT('',#194);
#196=CARTESIAN_POINT('',(79.81600189208984,76.71199798583984,-1));
#197=VERTEX_POINT('',#196);
#198=CARTESIAN_POINT('',(79.81600189208984,76.71199798583984,1.7763568394002505E-15));
#199=VERTEX_POINT('',#198);
#200=CARTESIAN_POINT('',(13.303999900817871,-7.921999931335449,-1));
#201=VERTEX_POINT('',#200);
#202=CARTESIAN_POINT('',(13.37399959564209,-7.7179999351501465,-1));
#203=VERTEX_POINT('',#202);
#204=CARTESIAN_POINT('',(14.899999618530273,76.697998046875,1.7763568394002505E-15));
#205=VERTEX_POINT('',#204);
#206=CARTESIAN_POINT('',(14.684999465942383,76.71199798583984,1.7763568394002505E-15));
#207=VERTEX_POINT('',#206);
#208=CARTESIAN_POINT('',(79.60099792480469,76.697998046875,-1));
#209=VERTEX_POINT('',#208);
#210=CARTESIAN_POINT('',(79.60099792480469,76.697998046875,1.7763568394002505E-15));
#211=VERTEX_POINT('',#210);
#212=CARTESIAN_POINT('',(14.684999465942383,76.71199798583984,-1));
#213=VERTEX_POINT('',#212);
#214=CARTESIAN_POINT('',(14.899999618530273,76.697998046875,-1));
#215=VERTEX_POINT('',#214);
#216=CARTESIAN_POINT('',(14.899999618530273,-6.697999954223633,1.7763568394002505E-15));
#217=VERTEX_POINT('',#216);
#218=CARTESIAN_POINT('',(14.684999465942383,-6.711999893188477,1.7763568394002505E-15));
#219=VERTEX_POINT('',#218);
#220=CARTESIAN_POINT('',(13.468999862670898,-7.52400016784668,-1));
#221=VERTEX_POINT('',#220);
#222=CARTESIAN_POINT('',(81.23899841308594,78.56600189208984,1.7763568394002505E-15));
#223=VERTEX_POINT('',#222);
#224=CARTESIAN_POINT('',(81.1969985961914,78.77799987792969,-1));
#225=VERTEX_POINT('',#224);
#226=CARTESIAN_POINT('',(81.23899841308594,78.56600189208984,-1));
#227=VERTEX_POINT('',#226);
#228=CARTESIAN_POINT('',(14.472999572753906,76.75399780273438,1.7763568394002505E-15));
#229=VERTEX_POINT('',#228);
#230=CARTESIAN_POINT('',(81.25299835205078,78.3499984741211,-1));
#231=VERTEX_POINT('',#230);
#232=CARTESIAN_POINT('',(81.25299835205078,78.3499984741211,1.7763568394002505E-15));
#233=VERTEX_POINT('',#232);
#234=CARTESIAN_POINT('',(13.58899974822998,-7.343999862670898,-1));
#235=VERTEX_POINT('',#234);
#236=CARTESIAN_POINT('',(81.23899841308594,78.13400268554688,-1));
#237=VERTEX_POINT('',#236);
#238=CARTESIAN_POINT('',(81.23899841308594,78.13400268554688,1.7763568394002505E-15));
#239=VERTEX_POINT('',#238);
#240=CARTESIAN_POINT('',(78.77400207519531,-9.781000137329102,1.7763568394002505E-15));
#241=VERTEX_POINT('',#240);
#242=CARTESIAN_POINT('',(78.96800231933594,-9.876999855041504,1.7763568394002505E-15));
#243=VERTEX_POINT('',#242);
#244=CARTESIAN_POINT('',(81.1969985961914,77.9219970703125,-1));
#245=VERTEX_POINT('',#244);
#246=CARTESIAN_POINT('',(81.1969985961914,77.9219970703125,1.7763568394002505E-15));
#247=VERTEX_POINT('',#246);
#248=CARTESIAN_POINT('',(14.073999404907227,76.91899871826172,-1));
#249=VERTEX_POINT('',#248);
#250=CARTESIAN_POINT('',(14.073999404907227,76.91899871826172,1.7763568394002505E-15));
#251=VERTEX_POINT('',#250);
#252=CARTESIAN_POINT('',(14.267999649047852,76.822998046875,-1));
#253=VERTEX_POINT('',#252);
#254=CARTESIAN_POINT('',(13.303999900817871,78.77799987792969,1.7763568394002505E-15));
#255=VERTEX_POINT('',#254);
#256=CARTESIAN_POINT('',(13.261999130249023,78.56600189208984,1.7763568394002505E-15));
#257=VERTEX_POINT('',#256);
#258=CARTESIAN_POINT('',(79.1729965209961,-9.946000099182129,1.7763568394002505E-15));
#259=VERTEX_POINT('',#258);
#260=CARTESIAN_POINT('',(16.069000244140625,-9.517999649047852,-1));
#261=VERTEX_POINT('',#260);
#262=CARTESIAN_POINT('',(16.211999893188477,-9.355999946594238,-1));
#263=VERTEX_POINT('',#262);
#264=CARTESIAN_POINT('',(77.947998046875,-11,-1));
#265=VERTEX_POINT('',#264);
#266=CARTESIAN_POINT('',(81.12699890136719,77.71800231933594,-1));
#267=VERTEX_POINT('',#266);
#268=CARTESIAN_POINT('',(81.12699890136719,77.71800231933594,1.7763568394002505E-15));
#269=VERTEX_POINT('',#268);
#270=CARTESIAN_POINT('',(13.894999504089355,77.03900146484375,-1));
#271=VERTEX_POINT('',#270);
#272=CARTESIAN_POINT('',(79.1729965209961,76.75399780273438,-1));
#273=VERTEX_POINT('',#272);
#274=CARTESIAN_POINT('',(79.38500213623047,76.71199798583984,-1));
#275=VERTEX_POINT('',#274);
#276=CARTESIAN_POINT('',(79.1729965209961,-6.754000186920166,-1));
#277=VERTEX_POINT('',#276);
#278=CARTESIAN_POINT('',(13.58899974822998,79.35600280761719,1.7763568394002505E-15));
#279=VERTEX_POINT('',#278);
#280=CARTESIAN_POINT('',(13.468999862670898,79.1760025024414,1.7763568394002505E-15));
#281=VERTEX_POINT('',#280);
#282=CARTESIAN_POINT('',(13.37399959564209,78.98200225830078,1.7763568394002505E-15));
#283=VERTEX_POINT('',#282);
#284=CARTESIAN_POINT('',(15.726999282836914,-9.781000137329102,-1));
#285=VERTEX_POINT('',#284);
#286=CARTESIAN_POINT('',(15.905999183654785,-9.66100025177002,-1));
#287=VERTEX_POINT('',#286);
#288=CARTESIAN_POINT('',(79.38500213623047,-6.711999893188477,-1));
#289=VERTEX_POINT('',#288);
#290=CARTESIAN_POINT('',(13.731999397277832,79.51799774169922,1.7763568394002505E-15));
#291=VERTEX_POINT('',#290);
#292=CARTESIAN_POINT('',(80.23300170898438,-9.876999855041504,1.7763568394002505E-15));
#293=VERTEX_POINT('',#292);
#294=CARTESIAN_POINT('',(80.427001953125,-9.781000137329102,1.7763568394002505E-15));
#295=VERTEX_POINT('',#294);
#296=CARTESIAN_POINT('',(15.532999992370605,-9.876999855041504,-1));
#297=VERTEX_POINT('',#296);
#298=CARTESIAN_POINT('',(80.02799987792969,-9.946000099182129,1.7763568394002505E-15));
#299=VERTEX_POINT('',#298);
#300=CARTESIAN_POINT('',(80.60600280761719,-9.66100025177002,1.7763568394002505E-15));
#301=VERTEX_POINT('',#300);
#302=CARTESIAN_POINT('',(13.894999504089355,79.66100311279297,1.7763568394002505E-15));
#303=VERTEX_POINT('',#302);
#304=CARTESIAN_POINT('',(15.327999114990234,-9.946000099182129,-1));
#305=VERTEX_POINT('',#304);
#306=CARTESIAN_POINT('',(81.03199768066406,77.52400207519531,-1));
#307=VERTEX_POINT('',#306);
#308=CARTESIAN_POINT('',(81.03199768066406,77.52400207519531,1.7763568394002505E-15));
#309=VERTEX_POINT('',#308);
#310=CARTESIAN_POINT('',(79.60099792480469,-10.003000259399414,1.7763568394002505E-15));
#311=VERTEX_POINT('',#310);
#312=CARTESIAN_POINT('',(79.81600189208984,-9.98799991607666,1.7763568394002505E-15));
#313=VERTEX_POINT('',#312);
#314=CARTESIAN_POINT('',(14.073999404907227,79.78099822998047,1.7763568394002505E-15));
#315=VERTEX_POINT('',#314);
#316=CARTESIAN_POINT('',(80.91200256347656,77.34400177001953,-1));
#317=VERTEX_POINT('',#316);
#318=CARTESIAN_POINT('',(80.91200256347656,77.34400177001953,1.7763568394002505E-15));
#319=VERTEX_POINT('',#318);
#320=CARTESIAN_POINT('',(14.267999649047852,79.87699890136719,1.7763568394002505E-15));
#321=VERTEX_POINT('',#320);
#322=CARTESIAN_POINT('',(16.427000045776367,-7.7179999351501465,-1));
#323=VERTEX_POINT('',#322);
#324=CARTESIAN_POINT('',(16.331998825073242,-7.52400016784668,-1));
#325=VERTEX_POINT('',#324);
#326=CARTESIAN_POINT('',(14.472999572753906,79.94599914550781,1.7763568394002505E-15));
#327=VERTEX_POINT('',#326);
#328=CARTESIAN_POINT('',(78.77400207519531,76.91899871826172,-1));
#329=VERTEX_POINT('',#328);
#330=CARTESIAN_POINT('',(78.96800231933594,76.822998046875,-1));
#331=VERTEX_POINT('',#330);
#332=CARTESIAN_POINT('',(15.115999221801758,76.71199798583984,-1));
#333=VERTEX_POINT('',#332);
#334=CARTESIAN_POINT('',(81.12699890136719,-7.7179999351501465,1.7763568394002505E-15));
#335=VERTEX_POINT('',#334);
#336=CARTESIAN_POINT('',(81.03199768066406,-7.52400016784668,1.7763568394002505E-15));
#337=VERTEX_POINT('',#336);
#338=CARTESIAN_POINT('',(14.684999465942383,79.98799896240234,1.7763568394002505E-15));
#339=VERTEX_POINT('',#338);
#340=CARTESIAN_POINT('',(14.899999618530273,80.00299835205078,1.7763568394002505E-15));
#341=VERTEX_POINT('',#340);
#342=CARTESIAN_POINT('',(13.303999900817871,77.9219970703125,-1));
#343=VERTEX_POINT('',#342);
#344=CARTESIAN_POINT('',(13.37399959564209,77.71800231933594,1.7763568394002505E-15));
#345=VERTEX_POINT('',#344);
#346=CARTESIAN_POINT('',(13.37399959564209,77.71800231933594,-1));
#347=VERTEX_POINT('',#346);
#348=CARTESIAN_POINT('',(16.538999557495117,-8.565999984741211,-1));
#349=VERTEX_POINT('',#348);
#350=CARTESIAN_POINT('',(16.55299949645996,-8.350000381469727,-1));
#351=VERTEX_POINT('',#350);
#352=CARTESIAN_POINT('',(16.538999557495117,-8.133999824523926,-1));
#353=VERTEX_POINT('',#352);
#354=CARTESIAN_POINT('',(81.1969985961914,-7.921999931335449,1.7763568394002505E-15));
#355=VERTEX_POINT('',#354);
#356=CARTESIAN_POINT('',(81.25299835205078,-8.350000381469727,1.7763568394002505E-15));
#357=VERTEX_POINT('',#356);
#358=CARTESIAN_POINT('',(81.23899841308594,-8.133999824523926,1.7763568394002505E-15));
#359=VERTEX_POINT('',#358);
#360=CARTESIAN_POINT('',(16.496999740600586,-8.777999877929688,-1));
#361=VERTEX_POINT('',#360);
#362=CARTESIAN_POINT('',(80.60600280761719,79.66100311279297,1.7763568394002505E-15));
#363=VERTEX_POINT('',#362);
#364=CARTESIAN_POINT('',(16.331998825073242,-9.175999641418457,-1));
#365=VERTEX_POINT('',#364);
#366=CARTESIAN_POINT('',(16.427000045776367,-8.982000350952148,-1));
#367=VERTEX_POINT('',#366);
#368=CARTESIAN_POINT('',(80.91200256347656,79.35600280761719,1.7763568394002505E-15));
#369=VERTEX_POINT('',#368);
#370=CARTESIAN_POINT('',(80.76899719238281,79.51799774169922,1.7763568394002505E-15));
#371=VERTEX_POINT('',#370);
#372=CARTESIAN_POINT('',(81.12699890136719,-8.982000350952148,1.7763568394002505E-15));
#373=VERTEX_POINT('',#372);
#374=CARTESIAN_POINT('',(81.1969985961914,-8.777999877929688,1.7763568394002505E-15));
#375=VERTEX_POINT('',#374);
#376=CARTESIAN_POINT('',(81.03199768066406,79.1760025024414,1.7763568394002505E-15));
#377=VERTEX_POINT('',#376);
#378=CARTESIAN_POINT('',(80.76899719238281,-9.517999649047852,1.7763568394002505E-15));
#379=VERTEX_POINT('',#378);
#380=CARTESIAN_POINT('',(80.91200256347656,-9.355999946594238,1.7763568394002505E-15));
#381=VERTEX_POINT('',#380);
#382=CARTESIAN_POINT('',(81.03199768066406,-9.175999641418457,1.7763568394002505E-15));
#383=VERTEX_POINT('',#382);
#384=CARTESIAN_POINT('',(80.76899719238281,77.18199920654297,-1));
#385=VERTEX_POINT('',#384);
#386=CARTESIAN_POINT('',(80.76899719238281,77.18199920654297,1.7763568394002505E-15));
#387=VERTEX_POINT('',#386);
#388=CARTESIAN_POINT('',(16.331998825073242,79.1760025024414,1.7763568394002505E-15));
#389=VERTEX_POINT('',#388);
#390=CARTESIAN_POINT('',(16.211999893188477,79.35600280761719,1.7763568394002505E-15));
#391=VERTEX_POINT('',#390);
#392=CARTESIAN_POINT('',(16.496999740600586,78.77799987792969,1.7763568394002505E-15));
#393=VERTEX_POINT('',#392);
#394=CARTESIAN_POINT('',(16.427000045776367,78.98200225830078,1.7763568394002505E-15));
#395=VERTEX_POINT('',#394);
#396=CARTESIAN_POINT('',(78.43199920654297,-7.182000160217285,1.7763568394002505E-15));
#397=VERTEX_POINT('',#396);
#398=CARTESIAN_POINT('',(78.0739974975586,78.98200225830078,-1));
#399=VERTEX_POINT('',#398);
#400=CARTESIAN_POINT('',(78.0739974975586,78.98200225830078,1.7763568394002505E-15));
#401=VERTEX_POINT('',#400);
#402=CARTESIAN_POINT('',(78.00399780273438,78.77799987792969,1.7763568394002505E-15));
#403=VERTEX_POINT('',#402);
#404=CARTESIAN_POINT('',(78.00399780273438,78.77799987792969,-1));
#405=VERTEX_POINT('',#404);
#406=CARTESIAN_POINT('',(78.96800231933594,-6.822999954223633,1.7763568394002505E-15));
#407=VERTEX_POINT('',#406);
#408=CARTESIAN_POINT('',(79.1729965209961,-6.754000186920166,1.7763568394002505E-15));
#409=VERTEX_POINT('',#408);
#410=CARTESIAN_POINT('',(14.472999572753906,76.75399780273438,-1));
#411=VERTEX_POINT('',#410);
#412=CARTESIAN_POINT('',(78.16899871826172,79.1760025024414,-1));
#413=VERTEX_POINT('',#412);
#414=CARTESIAN_POINT('',(78.16899871826172,79.1760025024414,1.7763568394002505E-15));
#415=VERTEX_POINT('',#414);
#416=CARTESIAN_POINT('',(14.267999649047852,76.822998046875,1.7763568394002505E-15));
#417=VERTEX_POINT('',#416);
#418=CARTESIAN_POINT('',(78.28900146484375,79.35600280761719,-1));
#419=VERTEX_POINT('',#418);
#420=CARTESIAN_POINT('',(78.28900146484375,79.35600280761719,1.7763568394002505E-15));
#421=VERTEX_POINT('',#420);
#422=CARTESIAN_POINT('',(78.43199920654297,79.51799774169922,-1));
#423=VERTEX_POINT('',#422);
#424=CARTESIAN_POINT('',(78.59500122070312,77.03900146484375,-1));
#425=VERTEX_POINT('',#424);
#426=CARTESIAN_POINT('',(15.115999221801758,79.98799896240234,1.7763568394002505E-15));
#427=VERTEX_POINT('',#426);
#428=CARTESIAN_POINT('',(15.327999114990234,79.94599914550781,1.7763568394002505E-15));
#429=VERTEX_POINT('',#428);
#430=CARTESIAN_POINT('',(15.532999992370605,79.87699890136719,1.7763568394002505E-15));
#431=VERTEX_POINT('',#430);
#432=CARTESIAN_POINT('',(15.726999282836914,79.78099822998047,1.7763568394002505E-15));
#433=VERTEX_POINT('',#432);
#434=CARTESIAN_POINT('',(15.905999183654785,79.66100311279297,1.7763568394002505E-15));
#435=VERTEX_POINT('',#434);
#436=CARTESIAN_POINT('',(16.069000244140625,79.51799774169922,1.7763568394002505E-15));
#437=VERTEX_POINT('',#436);
#438=CARTESIAN_POINT('',(74.75299835205078,50.00299835205078,1.7763568394002505E-15));
#439=VERTEX_POINT('',#438);
#440=CARTESIAN_POINT('',(79.38500213623047,-6.711999893188477,1.7763568394002505E-15));
#441=VERTEX_POINT('',#440);
#442=CARTESIAN_POINT('',(78.59500122070312,79.66100311279297,-1));
#443=VERTEX_POINT('',#442);
#444=CARTESIAN_POINT('',(78.43199920654297,77.18199920654297,-1));
#445=VERTEX_POINT('',#444);
#446=CARTESIAN_POINT('',(13.894999504089355,77.03900146484375,1.7763568394002505E-15));
#447=VERTEX_POINT('',#446);
#448=CARTESIAN_POINT('',(13.731999397277832,-7.182000160217285,-1));
#449=VERTEX_POINT('',#448);
#450=CARTESIAN_POINT('',(78.77400207519531,79.78099822998047,-1));
#451=VERTEX_POINT('',#450);
#452=CARTESIAN_POINT('',(15.532999992370605,76.822998046875,1.7763568394002505E-15));
#453=VERTEX_POINT('',#452);
#454=CARTESIAN_POINT('',(15.327999114990234,76.75399780273438,1.7763568394002505E-15));
#455=VERTEX_POINT('',#454);
#456=CARTESIAN_POINT('',(15.115999221801758,-6.711999893188477,1.7763568394002505E-15));
#457=VERTEX_POINT('',#456);
#458=CARTESIAN_POINT('',(14.472999572753906,-6.754000186920166,1.7763568394002505E-15));
#459=VERTEX_POINT('',#458);
#460=CARTESIAN_POINT('',(14.267999649047852,-6.822999954223633,1.7763568394002505E-15));
#461=VERTEX_POINT('',#460);
#462=CARTESIAN_POINT('',(13.731999397277832,77.18199920654297,1.7763568394002505E-15));
#463=VERTEX_POINT('',#462);
#464=CARTESIAN_POINT('',(13.58899974822998,77.34400177001953,1.7763568394002505E-15));
#465=VERTEX_POINT('',#464);
#466=CARTESIAN_POINT('',(13.894999504089355,-7.039000034332275,-1));
#467=VERTEX_POINT('',#466);
#468=CARTESIAN_POINT('',(13.731999397277832,77.18199920654297,-1));
#469=VERTEX_POINT('',#468);
#470=CARTESIAN_POINT('',(78.96800231933594,79.87699890136719,-1));
#471=VERTEX_POINT('',#470);
#472=CARTESIAN_POINT('',(14.073999404907227,-6.919000148773193,-1));
#473=VERTEX_POINT('',#472);
#474=CARTESIAN_POINT('',(14.267999649047852,-6.822999954223633,-1));
#475=VERTEX_POINT('',#474);
#476=CARTESIAN_POINT('',(79.1729965209961,79.94599914550781,-1));
#477=VERTEX_POINT('',#476);
#478=CARTESIAN_POINT('',(45.75299835205078,51.99800109863281,1.7763568394002505E-15));
#479=VERTEX_POINT('',#478);
#480=CARTESIAN_POINT('',(25.74799919128418,51.99800109863281,1.7763568394002505E-15));
#481=VERTEX_POINT('',#480);
#482=CARTESIAN_POINT('',(14.472999572753906,-6.754000186920166,-1));
#483=VERTEX_POINT('',#482);
#484=CARTESIAN_POINT('',(79.81600189208984,79.98799896240234,1.7763568394002505E-15));
#485=VERTEX_POINT('',#484);
#486=CARTESIAN_POINT('',(79.60099792480469,80.00299835205078,1.7763568394002505E-15));
#487=VERTEX_POINT('',#486);
#488=CARTESIAN_POINT('',(81.12699890136719,78.98200225830078,1.7763568394002505E-15));
#489=VERTEX_POINT('',#488);
#490=CARTESIAN_POINT('',(79.38500213623047,79.98799896240234,-1));
#491=VERTEX_POINT('',#490);
#492=CARTESIAN_POINT('',(79.60099792480469,80.00299835205078,-1));
#493=VERTEX_POINT('',#492);
#494=CARTESIAN_POINT('',(79.81600189208984,79.98799896240234,-1));
#495=VERTEX_POINT('',#494);
#496=CARTESIAN_POINT('',(78.28900146484375,77.34400177001953,-1));
#497=VERTEX_POINT('',#496);
#498=CARTESIAN_POINT('',(45.75299835205078,72.00299835205078,-1));
#499=VERTEX_POINT('',#498);
#500=CARTESIAN_POINT('',(79.81600189208984,-6.711999893188477,1.7763568394002505E-15));
#501=VERTEX_POINT('',#500);
#502=CARTESIAN_POINT('',(80.02799987792969,-6.754000186920166,1.7763568394002505E-15));
#503=VERTEX_POINT('',#502);
#504=CARTESIAN_POINT('',(79.38500213623047,76.71199798583984,1.7763568394002505E-15));
#505=VERTEX_POINT('',#504);
#506=CARTESIAN_POINT('',(79.1729965209961,76.75399780273438,1.7763568394002505E-15));
#507=VERTEX_POINT('',#506);
#508=CARTESIAN_POINT('',(78.96800231933594,76.822998046875,1.7763568394002505E-15));
#509=VERTEX_POINT('',#508);
#510=CARTESIAN_POINT('',(78.28900146484375,77.34400177001953,1.7763568394002505E-15));
#511=VERTEX_POINT('',#510);
#512=CARTESIAN_POINT('',(78.43199920654297,77.18199920654297,1.7763568394002505E-15));
#513=VERTEX_POINT('',#512);
#514=CARTESIAN_POINT('',(78.59500122070312,77.03900146484375,1.7763568394002505E-15));
#515=VERTEX_POINT('',#514);
#516=CARTESIAN_POINT('',(78.16899871826172,77.52400207519531,1.7763568394002505E-15));
#517=VERTEX_POINT('',#516);
#518=CARTESIAN_POINT('',(79.60099792480469,-6.697999954223633,1.7763568394002505E-15));
#519=VERTEX_POINT('',#518);
#520=CARTESIAN_POINT('',(78.0739974975586,77.71800231933594,-1));
#521=VERTEX_POINT('',#520);
#522=CARTESIAN_POINT('',(78.16899871826172,77.52400207519531,-1));
#523=VERTEX_POINT('',#522);
#524=CARTESIAN_POINT('',(78.00399780273438,77.9219970703125,-1));
#525=VERTEX_POINT('',#524);
#526=CARTESIAN_POINT('',(78.0739974975586,77.71800231933594,1.7763568394002505E-15));
#527=VERTEX_POINT('',#526);
#528=CARTESIAN_POINT('',(81.1969985961914,78.77799987792969,1.7763568394002505E-15));
#529=VERTEX_POINT('',#528);
#530=CARTESIAN_POINT('',(80.76899719238281,-7.182000160217285,1.7763568394002505E-15));
#531=VERTEX_POINT('',#530);
#532=CARTESIAN_POINT('',(80.91200256347656,-7.343999862670898,1.7763568394002505E-15));
#533=VERTEX_POINT('',#532);
#534=CARTESIAN_POINT('',(81.23899841308594,-8.565999984741211,1.7763568394002505E-15));
#535=VERTEX_POINT('',#534);
#536=CARTESIAN_POINT('',(78.00399780273438,77.9219970703125,1.7763568394002505E-15));
#537=VERTEX_POINT('',#536);
#538=CARTESIAN_POINT('',(16.538999557495117,78.13400268554688,1.7763568394002505E-15));
#539=VERTEX_POINT('',#538);
#540=CARTESIAN_POINT('',(13.58899974822998,77.34400177001953,-1));
#541=VERTEX_POINT('',#540);
#542=CARTESIAN_POINT('',(77.947998046875,78.3499984741211,1.7763568394002505E-15));
#543=VERTEX_POINT('',#542);
#544=CARTESIAN_POINT('',(77.96199798583984,78.56600189208984,1.7763568394002505E-15));
#545=VERTEX_POINT('',#544);
#546=CARTESIAN_POINT('',(80.02799987792969,79.94599914550781,-1));
#547=VERTEX_POINT('',#546);
#548=CARTESIAN_POINT('',(80.23300170898438,79.87699890136719,-1));
#549=VERTEX_POINT('',#548);
#550=CARTESIAN_POINT('',(13.468999862670898,77.52400207519531,-1));
#551=VERTEX_POINT('',#550);
#552=CARTESIAN_POINT('',(13.468999862670898,77.52400207519531,1.7763568394002505E-15));
#553=VERTEX_POINT('',#552);
#554=CARTESIAN_POINT('',(79.38500213623047,-9.98799991607666,1.7763568394002505E-15));
#555=VERTEX_POINT('',#554);
#556=CARTESIAN_POINT('',(78.0739974975586,-8.982000350952148,1.7763568394002505E-15));
#557=VERTEX_POINT('',#556);
#558=CARTESIAN_POINT('',(80.427001953125,79.78099822998047,-1));
#559=VERTEX_POINT('',#558);
#560=CARTESIAN_POINT('',(19.74799919128418,-3.002000093460083,1.7763568394002505E-15));
#561=VERTEX_POINT('',#560);
#562=CARTESIAN_POINT('',(80.60600280761719,79.66100311279297,-1));
#563=VERTEX_POINT('',#562);
#564=CARTESIAN_POINT('',(15.115999221801758,76.71199798583984,1.7763568394002505E-15));
#565=VERTEX_POINT('',#564);
#566=CARTESIAN_POINT('',(80.76899719238281,79.51799774169922,-1));
#567=VERTEX_POINT('',#566);
#568=CARTESIAN_POINT('',(80.91200256347656,79.35600280761719,-1));
#569=VERTEX_POINT('',#568);
#570=CARTESIAN_POINT('',(14.267999649047852,-9.876999855041504,1.7763568394002505E-15));
#571=VERTEX_POINT('',#570);
#572=CARTESIAN_POINT('',(14.472999572753906,-9.946000099182129,1.7763568394002505E-15));
#573=VERTEX_POINT('',#572);
#574=CARTESIAN_POINT('',(13.894999504089355,-9.66100025177002,1.7763568394002505E-15));
#575=VERTEX_POINT('',#574);
#576=CARTESIAN_POINT('',(14.073999404907227,-9.781000137329102,1.7763568394002505E-15));
#577=VERTEX_POINT('',#576);
#578=CARTESIAN_POINT('',(78.59500122070312,-7.039000034332275,1.7763568394002505E-15));
#579=VERTEX_POINT('',#578);
#580=CARTESIAN_POINT('',(78.77400207519531,-6.919000148773193,1.7763568394002505E-15));
#581=VERTEX_POINT('',#580);
#582=CARTESIAN_POINT('',(77.96199798583984,78.13400268554688,1.7763568394002505E-15));
#583=VERTEX_POINT('',#582);
#584=CARTESIAN_POINT('',(78.77400207519531,76.91899871826172,1.7763568394002505E-15));
#585=VERTEX_POINT('',#584);
#586=CARTESIAN_POINT('',(81.03199768066406,79.1760025024414,-1));
#587=VERTEX_POINT('',#586);
#588=CARTESIAN_POINT('',(13.261999130249023,78.13400268554688,-1));
#589=VERTEX_POINT('',#588);
#590=CARTESIAN_POINT('',(13.58899974822998,-9.355999946594238,1.7763568394002505E-15));
#591=VERTEX_POINT('',#590);
#592=CARTESIAN_POINT('',(13.731999397277832,-9.517999649047852,1.7763568394002505E-15));
#593=VERTEX_POINT('',#592);
#594=CARTESIAN_POINT('',(81.12699890136719,78.98200225830078,-1));
#595=VERTEX_POINT('',#594);
#596=CARTESIAN_POINT('',(14.899999618530273,-10.003000259399414,1.7763568394002505E-15));
#597=VERTEX_POINT('',#596);
#598=CARTESIAN_POINT('',(15.115999221801758,-9.98799991607666,1.7763568394002505E-15));
#599=VERTEX_POINT('',#598);
#600=CARTESIAN_POINT('',(15.327999114990234,-9.946000099182129,1.7763568394002505E-15));
#601=VERTEX_POINT('',#600);
#602=CARTESIAN_POINT('',(14.684999465942383,-9.98799991607666,1.7763568394002505E-15));
#603=VERTEX_POINT('',#602);
#604=CARTESIAN_POINT('',(13.24799919128418,78.3499984741211,-1));
#605=VERTEX_POINT('',#604);
#606=CARTESIAN_POINT('',(13.468999862670898,-9.175999641418457,1.7763568394002505E-15));
#607=VERTEX_POINT('',#606);
#608=CARTESIAN_POINT('',(13.261999130249023,78.56600189208984,-1));
#609=VERTEX_POINT('',#608);
#610=CARTESIAN_POINT('',(80.23300170898438,-6.822999954223633,1.7763568394002505E-15));
#611=VERTEX_POINT('',#610);
#612=CARTESIAN_POINT('',(16.496999740600586,78.77799987792969,-1));
#613=VERTEX_POINT('',#612);
#614=CARTESIAN_POINT('',(16.538999557495117,78.56600189208984,-1));
#615=VERTEX_POINT('',#614);
#616=CARTESIAN_POINT('',(16.211999893188477,-7.343999862670898,-1));
#617=VERTEX_POINT('',#616);
#618=CARTESIAN_POINT('',(13.37399959564209,-8.982000350952148,1.7763568394002505E-15));
#619=VERTEX_POINT('',#618);
#620=CARTESIAN_POINT('',(13.24799919128418,-8.350000381469727,1.7763568394002505E-15));
#621=VERTEX_POINT('',#620);
#622=CARTESIAN_POINT('',(13.261999130249023,-8.565999984741211,1.7763568394002505E-15));
#623=VERTEX_POINT('',#622);
#624=CARTESIAN_POINT('',(13.468999862670898,-7.52400016784668,1.7763568394002505E-15));
#625=VERTEX_POINT('',#624);
#626=CARTESIAN_POINT('',(13.261999130249023,-8.133999824523926,1.7763568394002505E-15));
#627=VERTEX_POINT('',#626);
#628=CARTESIAN_POINT('',(13.303999900817871,-8.777999877929688,1.7763568394002505E-15));
#629=VERTEX_POINT('',#628);
#630=CARTESIAN_POINT('',(16.496999740600586,77.9219970703125,-1));
#631=VERTEX_POINT('',#630);
#632=CARTESIAN_POINT('',(16.427000045776367,77.71800231933594,-1));
#633=VERTEX_POINT('',#632);
#634=CARTESIAN_POINT('',(13.303999900817871,-7.921999931335449,1.7763568394002505E-15));
#635=VERTEX_POINT('',#634);
#636=CARTESIAN_POINT('',(16.331998825073242,77.52400207519531,-1));
#637=VERTEX_POINT('',#636);
#638=CARTESIAN_POINT('',(13.37399959564209,-7.7179999351501465,1.7763568394002505E-15));
#639=VERTEX_POINT('',#638);
#640=CARTESIAN_POINT('',(16.211999893188477,77.34400177001953,-1));
#641=VERTEX_POINT('',#640);
#642=CARTESIAN_POINT('',(78.59500122070312,-9.66100025177002,-1));
#643=VERTEX_POINT('',#642);
#644=CARTESIAN_POINT('',(78.43199920654297,-9.517999649047852,-1));
#645=VERTEX_POINT('',#644);
#646=CARTESIAN_POINT('',(16.069000244140625,77.18199920654297,-1));
#647=VERTEX_POINT('',#646);
#648=CARTESIAN_POINT('',(78.16899871826172,-9.175999641418457,-1));
#649=VERTEX_POINT('',#648);
#650=CARTESIAN_POINT('',(78.28900146484375,-9.355999946594238,-1));
#651=VERTEX_POINT('',#650);
#652=CARTESIAN_POINT('',(13.58899974822998,-7.343999862670898,1.7763568394002505E-15));
#653=VERTEX_POINT('',#652);
#654=CARTESIAN_POINT('',(15.905999183654785,77.03900146484375,-1));
#655=VERTEX_POINT('',#654);
#656=CARTESIAN_POINT('',(78.00399780273438,-8.777999877929688,-1));
#657=VERTEX_POINT('',#656);
#658=CARTESIAN_POINT('',(78.0739974975586,-8.982000350952148,-1));
#659=VERTEX_POINT('',#658);
#660=CARTESIAN_POINT('',(80.427001953125,-6.919000148773193,1.7763568394002505E-15));
#661=VERTEX_POINT('',#660);
#662=CARTESIAN_POINT('',(80.60600280761719,-7.039000034332275,1.7763568394002505E-15));
#663=VERTEX_POINT('',#662);
#664=CARTESIAN_POINT('',(15.726999282836914,76.91899871826172,-1));
#665=VERTEX_POINT('',#664);
#666=CARTESIAN_POINT('',(77.96199798583984,-8.565999984741211,-1));
#667=VERTEX_POINT('',#666);
#668=CARTESIAN_POINT('',(15.905999183654785,-9.66100025177002,1.7763568394002505E-15));
#669=VERTEX_POINT('',#668);
#670=CARTESIAN_POINT('',(16.069000244140625,-9.517999649047852,1.7763568394002505E-15));
#671=VERTEX_POINT('',#670);
#672=CARTESIAN_POINT('',(16.331998825073242,-9.175999641418457,1.7763568394002505E-15));
#673=VERTEX_POINT('',#672);
#674=CARTESIAN_POINT('',(16.211999893188477,-9.355999946594238,1.7763568394002505E-15));
#675=VERTEX_POINT('',#674);
#676=CARTESIAN_POINT('',(15.532999992370605,76.822998046875,-1));
#677=VERTEX_POINT('',#676);
#678=CARTESIAN_POINT('',(15.726999282836914,-9.781000137329102,1.7763568394002505E-15));
#679=VERTEX_POINT('',#678);
#680=CARTESIAN_POINT('',(77.947998046875,-8.350000381469727,-1));
#681=VERTEX_POINT('',#680);
#682=CARTESIAN_POINT('',(77.96199798583984,-8.133999824523926,-1));
#683=VERTEX_POINT('',#682);
#684=CARTESIAN_POINT('',(15.532999992370605,-9.876999855041504,1.7763568394002505E-15));
#685=VERTEX_POINT('',#684);
#686=CARTESIAN_POINT('',(15.327999114990234,76.75399780273438,-1));
#687=VERTEX_POINT('',#686);
#688=CARTESIAN_POINT('',(78.0739974975586,-7.7179999351501465,-1));
#689=VERTEX_POINT('',#688);
#690=CARTESIAN_POINT('',(13.303999900817871,78.77799987792969,-1));
#691=VERTEX_POINT('',#690);
#692=CARTESIAN_POINT('',(16.331998825073242,-7.52400016784668,1.7763568394002505E-15));
#693=VERTEX_POINT('',#692);
#694=CARTESIAN_POINT('',(16.427000045776367,-7.7179999351501465,1.7763568394002505E-15));
#695=VERTEX_POINT('',#694);
#696=CARTESIAN_POINT('',(78.28900146484375,-7.343999862670898,-1));
#697=VERTEX_POINT('',#696);
#698=CARTESIAN_POINT('',(78.16899871826172,-7.52400016784668,-1));
#699=VERTEX_POINT('',#698);
#700=CARTESIAN_POINT('',(77.947998046875,78.3499984741211,-1));
#701=VERTEX_POINT('',#700);
#702=CARTESIAN_POINT('',(77.96199798583984,78.56600189208984,-1));
#703=VERTEX_POINT('',#702);
#704=CARTESIAN_POINT('',(25.74799919128418,51.99800109863281,-1));
#705=VERTEX_POINT('',#704);
#706=CARTESIAN_POINT('',(13.37399959564209,78.98200225830078,-1));
#707=VERTEX_POINT('',#706);
#708=CARTESIAN_POINT('',(16.496999740600586,-7.921999931335449,1.7763568394002505E-15));
#709=VERTEX_POINT('',#708);
#710=CARTESIAN_POINT('',(13.468999862670898,79.1760025024414,-1));
#711=VERTEX_POINT('',#710);
#712=CARTESIAN_POINT('',(13.58899974822998,79.35600280761719,-1));
#713=VERTEX_POINT('',#712);
#714=CARTESIAN_POINT('',(16.538999557495117,-8.133999824523926,1.7763568394002505E-15));
#715=VERTEX_POINT('',#714);
#716=CARTESIAN_POINT('',(80.02799987792969,-6.754000186920166,-1));
#717=VERTEX_POINT('',#716);
#718=CARTESIAN_POINT('',(80.23300170898438,-6.822999954223633,-1));
#719=VERTEX_POINT('',#718);
#720=CARTESIAN_POINT('',(16.55299949645996,-8.350000381469727,1.7763568394002505E-15));
#721=VERTEX_POINT('',#720);
#722=CARTESIAN_POINT('',(13.731999397277832,79.51799774169922,-1));
#723=VERTEX_POINT('',#722);
#724=CARTESIAN_POINT('',(79.1729965209961,-9.946000099182129,-1));
#725=VERTEX_POINT('',#724);
#726=CARTESIAN_POINT('',(78.96800231933594,-9.876999855041504,-1));
#727=VERTEX_POINT('',#726);
#728=CARTESIAN_POINT('',(16.538999557495117,-8.565999984741211,1.7763568394002505E-15));
#729=VERTEX_POINT('',#728);
#730=CARTESIAN_POINT('',(13.894999504089355,79.66100311279297,-1));
#731=VERTEX_POINT('',#730);
#732=CARTESIAN_POINT('',(16.496999740600586,-8.777999877929688,1.7763568394002505E-15));
#733=VERTEX_POINT('',#732);
#734=CARTESIAN_POINT('',(78.77400207519531,-9.781000137329102,-1));
#735=VERTEX_POINT('',#734);
#736=CARTESIAN_POINT('',(14.073999404907227,79.78099822998047,-1));
#737=VERTEX_POINT('',#736);
#738=CARTESIAN_POINT('',(16.427000045776367,-8.982000350952148,1.7763568394002505E-15));
#739=VERTEX_POINT('',#738);
#740=CARTESIAN_POINT('',(14.267999649047852,79.87699890136719,-1));
#741=VERTEX_POINT('',#740);
#742=CARTESIAN_POINT('',(14.472999572753906,79.94599914550781,-1));
#743=VERTEX_POINT('',#742);
#744=CARTESIAN_POINT('',(80.427001953125,-9.781000137329102,-1));
#745=VERTEX_POINT('',#744);
#746=CARTESIAN_POINT('',(80.23300170898438,-9.876999855041504,-1));
#747=VERTEX_POINT('',#746);
#748=CARTESIAN_POINT('',(80.02799987792969,-9.946000099182129,-1));
#749=VERTEX_POINT('',#748);
#750=CARTESIAN_POINT('',(14.684999465942383,79.98799896240234,-1));
#751=VERTEX_POINT('',#750);
#752=CARTESIAN_POINT('',(79.81600189208984,-9.98799991607666,-1));
#753=VERTEX_POINT('',#752);
#754=CARTESIAN_POINT('',(80.76899719238281,-7.182000160217285,-1));
#755=VERTEX_POINT('',#754);
#756=CARTESIAN_POINT('',(80.91200256347656,-7.343999862670898,-1));
#757=VERTEX_POINT('',#756);
#758=CARTESIAN_POINT('',(14.899999618530273,80.00299835205078,-1));
#759=VERTEX_POINT('',#758);
#760=CARTESIAN_POINT('',(13.731999397277832,-7.182000160217285,1.7763568394002505E-15));
#761=VERTEX_POINT('',#760);
#762=CARTESIAN_POINT('',(15.115999221801758,79.98799896240234,-1));
#763=VERTEX_POINT('',#762);
#764=CARTESIAN_POINT('',(81.03199768066406,-7.52400016784668,-1));
#765=VERTEX_POINT('',#764);
#766=CARTESIAN_POINT('',(81.12699890136719,-7.7179999351501465,-1));
#767=VERTEX_POINT('',#766);
#768=CARTESIAN_POINT('',(15.327999114990234,-6.754000186920166,1.7763568394002505E-15));
#769=VERTEX_POINT('',#768);
#770=CARTESIAN_POINT('',(15.327999114990234,79.94599914550781,-1));
#771=VERTEX_POINT('',#770);
#772=CARTESIAN_POINT('',(14.073999404907227,-6.919000148773193,1.7763568394002505E-15));
#773=VERTEX_POINT('',#772);
#774=CARTESIAN_POINT('',(13.894999504089355,-7.039000034332275,1.7763568394002505E-15));
#775=VERTEX_POINT('',#774);
#776=CARTESIAN_POINT('',(15.532999992370605,79.87699890136719,-1));
#777=VERTEX_POINT('',#776);
#778=CARTESIAN_POINT('',(15.726999282836914,79.78099822998047,-1));
#779=VERTEX_POINT('',#778);
#780=CARTESIAN_POINT('',(15.905999183654785,79.66100311279297,-1));
#781=VERTEX_POINT('',#780);
#782=CARTESIAN_POINT('',(16.069000244140625,79.51799774169922,-1));
#783=VERTEX_POINT('',#782);
#784=CARTESIAN_POINT('',(14.684999465942383,-9.98799991607666,-1));
#785=VERTEX_POINT('',#784);
#786=CARTESIAN_POINT('',(14.899999618530273,-10.003000259399414,-1));
#787=VERTEX_POINT('',#786);
#788=CARTESIAN_POINT('',(15.532999992370605,-6.822999954223633,1.7763568394002505E-15));
#789=VERTEX_POINT('',#788);
#790=CARTESIAN_POINT('',(16.211999893188477,79.35600280761719,-1));
#791=VERTEX_POINT('',#790);
#792=CARTESIAN_POINT('',(16.211999893188477,-7.343999862670898,1.7763568394002505E-15));
#793=VERTEX_POINT('',#792);
#794=CARTESIAN_POINT('',(14.472999572753906,-9.946000099182129,-1));
#795=VERTEX_POINT('',#794);
#796=CARTESIAN_POINT('',(16.331998825073242,79.1760025024414,-1));
#797=VERTEX_POINT('',#796);
#798=CARTESIAN_POINT('',(14.267999649047852,-9.876999855041504,-1));
#799=VERTEX_POINT('',#798);
#800=CARTESIAN_POINT('',(16.427000045776367,78.98200225830078,-1));
#801=VERTEX_POINT('',#800);
#802=CARTESIAN_POINT('',(14.073999404907227,-9.781000137329102,-1));
#803=VERTEX_POINT('',#802);
#804=CARTESIAN_POINT('',(77.947998046875,81,-1));
#805=VERTEX_POINT('',#804);
#806=CARTESIAN_POINT('',(13.894999504089355,-9.66100025177002,-1));
#807=VERTEX_POINT('',#806);
#808=CARTESIAN_POINT('',(13.731999397277832,-9.517999649047852,-1));
#809=VERTEX_POINT('',#808);
#810=CARTESIAN_POINT('',(13.58899974822998,-9.355999946594238,-1));
#811=VERTEX_POINT('',#810);
#812=CARTESIAN_POINT('',(15.115999221801758,-9.98799991607666,-1));
#813=VERTEX_POINT('',#812);
#814=CARTESIAN_POINT('',(13.468999862670898,-9.175999641418457,-1));
#815=VERTEX_POINT('',#814);
#816=CARTESIAN_POINT('',(13.37399959564209,-8.982000350952148,-1));
#817=VERTEX_POINT('',#816);
#818=CARTESIAN_POINT('',(13.303999900817871,-8.777999877929688,-1));
#819=VERTEX_POINT('',#818);
#820=CARTESIAN_POINT('',(13.261999130249023,-8.565999984741211,-1));
#821=VERTEX_POINT('',#820);
#822=CARTESIAN_POINT('',(13.24799919128418,-8.350000381469727,-1));
#823=VERTEX_POINT('',#822);
#824=CARTESIAN_POINT('',(81.23899841308594,-8.133999824523926,-1));
#825=VERTEX_POINT('',#824);
#826=CARTESIAN_POINT('',(81.1969985961914,-7.921999931335449,-1));
#827=VERTEX_POINT('',#826);
#828=CARTESIAN_POINT('',(13.261999130249023,-8.133999824523926,-1));
#829=VERTEX_POINT('',#828);
#830=CARTESIAN_POINT('',(16.496999740600586,-7.921999931335449,-1));
#831=VERTEX_POINT('',#830);
#832=CARTESIAN_POINT('',(81.1969985961914,-8.777999877929688,-1));
#833=VERTEX_POINT('',#832);
#834=CARTESIAN_POINT('',(81.12699890136719,-8.982000350952148,-1));
#835=VERTEX_POINT('',#834);
#836=CARTESIAN_POINT('',(81.03199768066406,-9.175999641418457,-1));
#837=VERTEX_POINT('',#836);
#838=CARTESIAN_POINT('',(78.00399780273438,-7.921999931335449,-1));
#839=VERTEX_POINT('',#838);
#840=CARTESIAN_POINT('',(77.96199798583984,78.13400268554688,-1));
#841=VERTEX_POINT('',#840);
#842=CARTESIAN_POINT('',(79.60099792480469,-6.697999954223633,-1));
#843=VERTEX_POINT('',#842);
#844=CARTESIAN_POINT('',(79.81600189208984,-6.711999893188477,-1));
#845=VERTEX_POINT('',#844);
#846=CARTESIAN_POINT('',(80.427001953125,-6.919000148773193,-1));
#847=VERTEX_POINT('',#846);
#848=CARTESIAN_POINT('',(80.60600280761719,-7.039000034332275,-1));
#849=VERTEX_POINT('',#848);
#850=CARTESIAN_POINT('',(80.60600280761719,-9.66100025177002,-1));
#851=VERTEX_POINT('',#850);
#852=CARTESIAN_POINT('',(81.23899841308594,-8.565999984741211,-1));
#853=VERTEX_POINT('',#852);
#854=CARTESIAN_POINT('',(81.25299835205078,-8.350000381469727,-1));
#855=VERTEX_POINT('',#854);
#856=CARTESIAN_POINT('',(79.38500213623047,-9.98799991607666,-1));
#857=VERTEX_POINT('',#856);
#858=CARTESIAN_POINT('',(79.60099792480469,-10.003000259399414,-1));
#859=VERTEX_POINT('',#858);
#860=FACE_SURFACE('',(#865),#861,.T.);
#861=PLANE('',#862);
#862=AXIS2_PLACEMENT_3D('',#34,#863,#864);
#863=DIRECTION('',(1,0,0));
#864=DIRECTION('',(0,0,-1));
#865=FACE_BOUND('',#866,.T.);
#866=EDGE_LOOP('',(#867,#868,#869));
#867=ORIENTED_EDGE('',*,*,#870,.T.);
#868=ORIENTED_EDGE('',*,*,#871,.T.);
#869=ORIENTED_EDGE('',*,*,#872,.T.);
#870=EDGE_CURVE('',#35,#37,#873,.F.);
#871=EDGE_CURVE('',#37,#39,#874,.T.);
#872=EDGE_CURVE('',#39,#35,#875,.T.);
#873=LINE('',#34,#876);
#874=LINE('',#36,#877);
#875=LINE('',#38,#878);
#876=VECTOR('',#879,1.0);
#877=VECTOR('',#880,1.0);
#878=VECTOR('',#881,1.0);
#879=DIRECTION('',(0,0,-1));
#880=DIRECTION('',(0,1,0));
#881=DIRECTION('',(0,-0.9999409315100344,0.01086892316858735));
#882=FACE_SURFACE('',(#887),#883,.T.);
#883=PLANE('',#884);
#884=AXIS2_PLACEMENT_3D('',#34,#885,#886);
#885=DIRECTION('',(1,-0,0));
#886=DIRECTION('',(0,0.9999409315100344,-0.01086892316858735));
#887=FACE_BOUND('',#888,.T.);
#888=EDGE_LOOP('',(#889,#890,#891));
#889=ORIENTED_EDGE('',*,*,#892,.T.);
#890=ORIENTED_EDGE('',*,*,#893,.T.);
#891=ORIENTED_EDGE('',*,*,#894,.T.);
#892=EDGE_CURVE('',#35,#39,#895,.F.);
#893=EDGE_CURVE('',#39,#41,#896,.T.);
#894=EDGE_CURVE('',#41,#35,#897,.T.);
#895=LINE('',#34,#898);
#896=LINE('',#38,#899);
#897=LINE('',#40,#900);
#898=VECTOR('',#901,1.0);
#899=VECTOR('',#902,1.0);
#900=VECTOR('',#903,1.0);
#901=DIRECTION('',(0,0.9999409315100344,-0.01086892316858735));
#902=DIRECTION('',(0,0,1));
#903=DIRECTION('',(0,-1,0));
#904=FACE_SURFACE('',(#909),#905,.T.);
#905=PLANE('',#906);
#906=AXIS2_PLACEMENT_3D('',#42,#907,#908);
#907=DIRECTION('',(-1,0,-0));
#908=DIRECTION('',(0,0,-1));
#909=FACE_BOUND('',#910,.T.);
#910=EDGE_LOOP('',(#911,#912,#913));
#911=ORIENTED_EDGE('',*,*,#914,.T.);
#912=ORIENTED_EDGE('',*,*,#915,.T.);
#913=ORIENTED_EDGE('',*,*,#916,.T.);
#914=EDGE_CURVE('',#43,#45,#917,.F.);
#915=EDGE_CURVE('',#45,#47,#918,.T.);
#916=EDGE_CURVE('',#47,#43,#919,.T.);
#917=LINE('',#42,#920);
#918=LINE('',#44,#921);
#919=LINE('',#46,#922);
#920=VECTOR('',#923,1.0);
#921=VECTOR('',#924,1.0);
#922=VECTOR('',#925,1.0);
#923=DIRECTION('',(0,0,-1));
#924=DIRECTION('',(0,-1,0));
#925=DIRECTION('',(0,0.9999409315100344,0.01086892316858735));
#926=FACE_SURFACE('',(#931),#927,.T.);
#927=PLANE('',#928);
#928=AXIS2_PLACEMENT_3D('',#42,#929,#930);
#929=DIRECTION('',(-1,-0,0));
#930=DIRECTION('',(0,-0.9999409315100344,-0.01086892316858735));
#931=FACE_BOUND('',#932,.T.);
#932=EDGE_LOOP('',(#933,#934,#935));
#933=ORIENTED_EDGE('',*,*,#936,.T.);
#934=ORIENTED_EDGE('',*,*,#937,.T.);
#935=ORIENTED_EDGE('',*,*,#938,.T.);
#936=EDGE_CURVE('',#43,#47,#939,.F.);
#937=EDGE_CURVE('',#47,#49,#940,.T.);
#938=EDGE_CURVE('',#49,#43,#941,.T.);
#939=LINE('',#42,#942);
#940=LINE('',#46,#943);
#941=LINE('',#48,#944);
#942=VECTOR('',#945,1.0);
#943=VECTOR('',#946,1.0);
#944=VECTOR('',#947,1.0);
#945=DIRECTION('',(0,-0.9999409315100344,-0.01086892316858735));
#946=DIRECTION('',(0,0,1));
#947=DIRECTION('',(0,1,0));
#948=FACE_SURFACE('',(#953),#949,.T.);
#949=PLANE('',#950);
#950=AXIS2_PLACEMENT_3D('',#50,#951,#952);
#951=DIRECTION('',(0,0,1));
#952=DIRECTION('',(0.9556649888704174,-0.2944561581072893,0));
#953=FACE_BOUND('',#954,.T.);
#954=EDGE_LOOP('',(#955,#956,#957));
#955=ORIENTED_EDGE('',*,*,#958,.T.);
#956=ORIENTED_EDGE('',*,*,#959,.T.);
#957=ORIENTED_EDGE('',*,*,#960,.T.);
#958=EDGE_CURVE('',#51,#53,#961,.F.);
#959=EDGE_CURVE('',#53,#55,#962,.T.);
#960=EDGE_CURVE('',#55,#51,#963,.T.);
#961=LINE('',#50,#964);
#962=LINE('',#52,#965);
#963=LINE('',#54,#966);
#964=VECTOR('',#967,1.0);
#965=VECTOR('',#968,1.0);
#966=VECTOR('',#969,1.0);
#967=DIRECTION('',(0.9556649888704174,-0.2944561581072893,0));
#968=DIRECTION('',(0.9745628132842226,0.22411453090672545,0));
#969=DIRECTION('',(-0.9997133219902503,0.023943137539140086,0));
#970=FACE_SURFACE('',(#975),#971,.T.);
#971=PLANE('',#972);
#972=AXIS2_PLACEMENT_3D('',#56,#973,#974);
#973=DIRECTION('',(0,0,1));
#974=DIRECTION('',(-0.9997671877371678,0.021577078674247525,0));
#975=FACE_BOUND('',#976,.T.);
#976=EDGE_LOOP('',(#977,#978,#979));
#977=ORIENTED_EDGE('',*,*,#980,.T.);
#978=ORIENTED_EDGE('',*,*,#981,.T.);
#979=ORIENTED_EDGE('',*,*,#982,.T.);
#980=EDGE_CURVE('',#57,#51,#983,.F.);
#981=EDGE_CURVE('',#51,#55,#984,.T.);
#982=EDGE_CURVE('',#55,#57,#985,.T.);
#983=LINE('',#56,#986);
#984=LINE('',#50,#987);
#985=LINE('',#54,#988);
#986=VECTOR('',#989,1.0);
#987=VECTOR('',#990,1.0);
#988=VECTOR('',#991,1.0);
#989=DIRECTION('',(-0.9997671877371678,0.021577078674247525,0));
#990=DIRECTION('',(0.9997133219902503,-0.023943137539140086,0));
#991=DIRECTION('',(0.7517107623898257,0.6594929337811792,0));
#992=FACE_SURFACE('',(#997),#993,.T.);
#993=PLANE('',#994);
#994=AXIS2_PLACEMENT_3D('',#58,#995,#996);
#995=DIRECTION('',(0,0,1));
#996=DIRECTION('',(-0.46661124039816576,0.8844625205932048,0));
#997=FACE_BOUND('',#998,.T.);
#998=EDGE_LOOP('',(#999,#1000,#1001));
#999=ORIENTED_EDGE('',*,*,#1002,.T.);
#1000=ORIENTED_EDGE('',*,*,#1003,.T.);
#1001=ORIENTED_EDGE('',*,*,#1004,.T.);
#1002=EDGE_CURVE('',#59,#43,#1005,.F.);
#1003=EDGE_CURVE('',#43,#61,#1006,.T.);
#1004=EDGE_CURVE('',#61,#59,#1007,.T.);
#1005=LINE('',#58,#1008);
#1006=LINE('',#42,#1009);
#1007=LINE('',#60,#1010);
#1008=VECTOR('',#1011,1.0);
#1009=VECTOR('',#1012,1.0);
#1010=VECTOR('',#1013,1.0);
#1011=DIRECTION('',(-0.46661124039816576,0.8844625205932048,0));
#1012=DIRECTION('',(0.45069008040607195,-0.8926804867496367,0));
#1013=DIRECTION('',(-0.19433465470807396,0.9809352893945112,0));
#1014=FACE_SURFACE('',(#1019),#1015,.T.);
#1015=PLANE('',#1016);
#1016=AXIS2_PLACEMENT_3D('',#62,#1017,#1018);
#1017=DIRECTION('',(0,0,1));
#1018=DIRECTION('',(-0.4921001386503782,0.8705385996842866,0));
#1019=FACE_BOUND('',#1020,.T.);
#1020=EDGE_LOOP('',(#1021,#1022,#1023));
#1021=ORIENTED_EDGE('',*,*,#1024,.T.);
#1022=ORIENTED_EDGE('',*,*,#1025,.T.);
#1023=ORIENTED_EDGE('',*,*,#1026,.T.);
#1024=EDGE_CURVE('',#63,#43,#1027,.F.);
#1025=EDGE_CURVE('',#43,#59,#1028,.T.);
#1026=EDGE_CURVE('',#59,#63,#1029,.T.);
#1027=LINE('',#62,#1030);
#1028=LINE('',#42,#1031);
#1029=LINE('',#58,#1032);
#1030=VECTOR('',#1033,1.0);
#1031=VECTOR('',#1034,1.0);
#1032=VECTOR('',#1035,1.0);
#1033=DIRECTION('',(-0.4921001386503782,0.8705385996842866,0));
#1034=DIRECTION('',(0.46661124039816576,-0.8844625205932048,0));
#1035=DIRECTION('',(-0.06468007505039758,0.9979060516358615,0));
#1036=FACE_SURFACE('',(#1041),#1037,.T.);
#1037=PLANE('',#1038);
#1038=AXIS2_PLACEMENT_3D('',#56,#1039,#1040);
#1039=DIRECTION('',(0,-0,1));
#1040=DIRECTION('',(0.8306314521503602,0.5568225845802091,0));
#1041=FACE_BOUND('',#1042,.T.);
#1042=EDGE_LOOP('',(#1043,#1044,#1045));
#1043=ORIENTED_EDGE('',*,*,#1046,.T.);
#1044=ORIENTED_EDGE('',*,*,#1047,.T.);
#1045=ORIENTED_EDGE('',*,*,#1048,.T.);
#1046=EDGE_CURVE('',#57,#65,#1049,.F.);
#1047=EDGE_CURVE('',#65,#51,#1050,.T.);
#1048=EDGE_CURVE('',#51,#57,#1051,.T.);
#1049=LINE('',#56,#1052);
#1050=LINE('',#64,#1053);
#1051=LINE('',#50,#1054);
#1052=VECTOR('',#1055,1.0);
#1053=VECTOR('',#1056,1.0);
#1054=VECTOR('',#1057,1.0);
#1055=DIRECTION('',(0.8306314521503602,0.5568225845802091,0));
#1056=DIRECTION('',(-0.9998081421076788,0.01958772511527684,0));
#1057=DIRECTION('',(0.9997671877371678,-0.021577078674247525,0));
#1058=FACE_SURFACE('',(#1063),#1059,.T.);
#1059=PLANE('',#1060);
#1060=AXIS2_PLACEMENT_3D('',#66,#1061,#1062);
#1061=DIRECTION('',(0,-0,-1));
#1062=DIRECTION('',(0.7453468906083398,-0.6666768427510285,0));
#1063=FACE_BOUND('',#1064,.T.);
#1064=EDGE_LOOP('',(#1065,#1066,#1067));
#1065=ORIENTED_EDGE('',*,*,#1068,.T.);
#1066=ORIENTED_EDGE('',*,*,#1069,.T.);
#1067=ORIENTED_EDGE('',*,*,#1070,.T.);
#1068=EDGE_CURVE('',#67,#37,#1071,.F.);
#1069=EDGE_CURVE('',#37,#69,#1072,.T.);
#1070=EDGE_CURVE('',#69,#67,#1073,.T.);
#1071=LINE('',#66,#1074);
#1072=LINE('',#36,#1075);
#1073=LINE('',#68,#1076);
#1074=VECTOR('',#1077,1.0);
#1075=VECTOR('',#1078,1.0);
#1076=VECTOR('',#1079,1.0);
#1077=DIRECTION('',(0.7453468906083398,-0.6666768427510285,0));
#1078=DIRECTION('',(-0.800727317170846,0.5990290172741046,0));
#1079=DIRECTION('',(0.6617893360880593,0.7496898522990194,0));
#1080=FACE_SURFACE('',(#1085),#1081,.T.);
#1081=PLANE('',#1082);
#1082=AXIS2_PLACEMENT_3D('',#70,#1083,#1084);
#1083=DIRECTION('',(0,0,1));
#1084=DIRECTION('',(0.43507051961464144,0.9003963810246274,0));
#1085=FACE_BOUND('',#1086,.T.);
#1086=EDGE_LOOP('',(#1087,#1088,#1089));
#1087=ORIENTED_EDGE('',*,*,#1090,.T.);
#1088=ORIENTED_EDGE('',*,*,#1091,.T.);
#1089=ORIENTED_EDGE('',*,*,#1092,.T.);
#1090=EDGE_CURVE('',#71,#73,#1093,.F.);
#1091=EDGE_CURVE('',#73,#75,#1094,.T.);
#1092=EDGE_CURVE('',#75,#71,#1095,.T.);
#1093=LINE('',#70,#1096);
#1094=LINE('',#72,#1097);
#1095=LINE('',#74,#1098);
#1096=VECTOR('',#1099,1.0);
#1097=VECTOR('',#1100,1.0);
#1098=VECTOR('',#1101,1.0);
#1099=DIRECTION('',(0.43507051961464144,0.9003963810246274,0));
#1100=DIRECTION('',(-0.751721664009079,0.6594805075659336,0));
#1101=DIRECTION('',(-0.31044970321014637,-0.9505898073179262,0));
#1102=FACE_SURFACE('',(#1107),#1103,.T.);
#1103=PLANE('',#1104);
#1104=AXIS2_PLACEMENT_3D('',#76,#1105,#1106);
#1105=DIRECTION('',(0,0,1));
#1106=DIRECTION('',(-0.9998583770689833,0.016829313859420242,0));
#1107=FACE_BOUND('',#1108,.T.);
#1108=EDGE_LOOP('',(#1109,#1110,#1111));
#1109=ORIENTED_EDGE('',*,*,#1112,.T.);
#1110=ORIENTED_EDGE('',*,*,#1113,.T.);
#1111=ORIENTED_EDGE('',*,*,#1114,.T.);
#1112=EDGE_CURVE('',#77,#51,#1115,.F.);
#1113=EDGE_CURVE('',#51,#79,#1116,.T.);
#1114=EDGE_CURVE('',#79,#77,#1117,.T.);
#1115=LINE('',#76,#1118);
#1116=LINE('',#50,#1119);
#1117=LINE('',#78,#1120);
#1118=VECTOR('',#1121,1.0);
#1119=VECTOR('',#1122,1.0);
#1120=VECTOR('',#1123,1.0);
#1121=DIRECTION('',(-0.9998583770689833,0.016829313859420242,0));
#1122=DIRECTION('',(0.999838174503639,-0.017989574904113972,0));
#1123=DIRECTION('',(0.9477515347235277,0.3190094488086488,0));
#1124=FACE_SURFACE('',(#1129),#1125,.T.);
#1125=PLANE('',#1126);
#1126=AXIS2_PLACEMENT_3D('',#78,#1127,#1128);
#1127=DIRECTION('',(0,0,1));
#1128=DIRECTION('',(-0.999838174503639,0.017989574904113972,0));
#1129=FACE_BOUND('',#1130,.T.);
#1130=EDGE_LOOP('',(#1131,#1132,#1133));
#1131=ORIENTED_EDGE('',*,*,#1134,.T.);
#1132=ORIENTED_EDGE('',*,*,#1135,.T.);
#1133=ORIENTED_EDGE('',*,*,#1136,.T.);
#1134=EDGE_CURVE('',#79,#51,#1137,.F.);
#1135=EDGE_CURVE('',#51,#65,#1138,.T.);
#1136=EDGE_CURVE('',#65,#79,#1139,.T.);
#1137=LINE('',#78,#1140);
#1138=LINE('',#50,#1141);
#1139=LINE('',#64,#1142);
#1140=VECTOR('',#1143,1.0);
#1141=VECTOR('',#1144,1.0);
#1142=VECTOR('',#1145,1.0);
#1143=DIRECTION('',(-0.999838174503639,0.017989574904113972,0));
#1144=DIRECTION('',(0.9998081421076788,-0.01958772511527684,0));
#1145=DIRECTION('',(0.8962665179548853,0.4435158720869247,0));
#1146=FACE_SURFACE('',(#1151),#1147,.T.);
#1147=PLANE('',#1148);
#1148=AXIS2_PLACEMENT_3D('',#80,#1149,#1150);
#1149=DIRECTION('',(-0,0,-1));
#1150=DIRECTION('',(-0.8306212180617042,-0.5568378508198693,0));
#1151=FACE_BOUND('',#1152,.T.);
#1152=EDGE_LOOP('',(#1153,#1154,#1155));
#1153=ORIENTED_EDGE('',*,*,#1156,.T.);
#1154=ORIENTED_EDGE('',*,*,#1157,.T.);
#1155=ORIENTED_EDGE('',*,*,#1158,.T.);
#1156=EDGE_CURVE('',#81,#83,#1159,.F.);
#1157=EDGE_CURVE('',#83,#85,#1160,.T.);
#1158=EDGE_CURVE('',#85,#81,#1161,.T.);
#1159=LINE('',#80,#1162);
#1160=LINE('',#82,#1163);
#1161=LINE('',#84,#1164);
#1162=VECTOR('',#1165,1.0);
#1163=VECTOR('',#1166,1.0);
#1164=VECTOR('',#1167,1.0);
#1165=DIRECTION('',(-0.8306212180617042,-0.5568378508198693,0));
#1166=DIRECTION('',(-0.6893955297687625,0.7243851210059794,0));
#1167=DIRECTION('',(0.7163098100706151,-0.6977823844126472,0));
#1168=FACE_SURFACE('',(#1173),#1169,.T.);
#1169=PLANE('',#1170);
#1170=AXIS2_PLACEMENT_3D('',#82,#1171,#1172);
#1171=DIRECTION('',(-0,0,-1));
#1172=DIRECTION('',(-0.7517227541770974,-0.6594792649146743,0));
#1173=FACE_BOUND('',#1174,.T.);
#1174=EDGE_LOOP('',(#1175,#1176,#1177));
#1175=ORIENTED_EDGE('',*,*,#1178,.T.);
#1176=ORIENTED_EDGE('',*,*,#1179,.T.);
#1177=ORIENTED_EDGE('',*,*,#1180,.T.);
#1178=EDGE_CURVE('',#83,#87,#1181,.F.);
#1179=EDGE_CURVE('',#87,#85,#1182,.T.);
#1180=EDGE_CURVE('',#85,#83,#1183,.T.);
#1181=LINE('',#82,#1184);
#1182=LINE('',#86,#1185);
#1183=LINE('',#84,#1186);
#1184=VECTOR('',#1187,1.0);
#1185=VECTOR('',#1188,1.0);
#1186=VECTOR('',#1189,1.0);
#1187=DIRECTION('',(-0.7517227541770974,-0.6594792649146743,0));
#1188=DIRECTION('',(-0.6606886981473092,0.7506600056886032,0));
#1189=DIRECTION('',(0.6893955297687625,-0.7243851210059794,0));
#1190=FACE_SURFACE('',(#1195),#1191,.T.);
#1191=PLANE('',#1192);
#1192=AXIS2_PLACEMENT_3D('',#88,#1193,#1194);
#1193=DIRECTION('',(0,0,1));
#1194=DIRECTION('',(-0.9998703162298591,0.0161043696679379,0));
#1195=FACE_BOUND('',#1196,.T.);
#1196=EDGE_LOOP('',(#1197,#1198,#1199));
#1197=ORIENTED_EDGE('',*,*,#1200,.T.);
#1198=ORIENTED_EDGE('',*,*,#1201,.T.);
#1199=ORIENTED_EDGE('',*,*,#1202,.T.);
#1200=EDGE_CURVE('',#89,#51,#1203,.F.);
#1201=EDGE_CURVE('',#51,#77,#1204,.T.);
#1202=EDGE_CURVE('',#77,#89,#1205,.T.);
#1203=LINE('',#88,#1206);
#1204=LINE('',#50,#1207);
#1205=LINE('',#76,#1208);
#1206=VECTOR('',#1209,1.0);
#1207=VECTOR('',#1210,1.0);
#1208=VECTOR('',#1211,1.0);
#1209=DIRECTION('',(-0.9998703162298591,0.0161043696679379,0));
#1210=DIRECTION('',(0.9998583770689833,-0.016829313859420242,0));
#1211=DIRECTION('',(0.9809361305558842,0.1943304087631403,0));
#1212=FACE_SURFACE('',(#1217),#1213,.T.);
#1213=PLANE('',#1214);
#1214=AXIS2_PLACEMENT_3D('',#50,#1215,#1216);
#1215=DIRECTION('',(-0,0,1));
#1216=DIRECTION('',(0.9998703162298591,-0.0161043696679379,0));
#1217=FACE_BOUND('',#1218,.T.);
#1218=EDGE_LOOP('',(#1219,#1220,#1221));
#1219=ORIENTED_EDGE('',*,*,#1222,.T.);
#1220=ORIENTED_EDGE('',*,*,#1223,.T.);
#1221=ORIENTED_EDGE('',*,*,#1224,.T.);
#1222=EDGE_CURVE('',#51,#89,#1225,.F.);
#1223=EDGE_CURVE('',#89,#41,#1226,.T.);
#1224=EDGE_CURVE('',#41,#51,#1227,.T.);
#1225=LINE('',#50,#1228);
#1226=LINE('',#88,#1229);
#1227=LINE('',#40,#1230);
#1228=VECTOR('',#1231,1.0);
#1229=VECTOR('',#1232,1.0);
#1230=VECTOR('',#1233,1.0);
#1231=DIRECTION('',(0.9998703162298591,-0.0161043696679379,0));
#1232=DIRECTION('',(0.9576301152370319,0.288000976371798,0));
#1233=DIRECTION('',(-1,0,0));
#1234=FACE_SURFACE('',(#1239),#1235,.T.);
#1235=PLANE('',#1236);
#1236=AXIS2_PLACEMENT_3D('',#90,#1237,#1238);
#1237=DIRECTION('',(0,0,1));
#1238=DIRECTION('',(-0.19433545580907408,0.9809351306867745,0));
#1239=FACE_BOUND('',#1240,.T.);
#1240=EDGE_LOOP('',(#1241,#1242,#1243));
#1241=ORIENTED_EDGE('',*,*,#1244,.T.);
#1242=ORIENTED_EDGE('',*,*,#1245,.T.);
#1243=ORIENTED_EDGE('',*,*,#1246,.T.);
#1244=EDGE_CURVE('',#91,#93,#1247,.F.);
#1245=EDGE_CURVE('',#93,#95,#1248,.T.);
#1246=EDGE_CURVE('',#95,#91,#1249,.T.);
#1247=LINE('',#90,#1250);
#1248=LINE('',#92,#1251);
#1249=LINE('',#94,#1252);
#1250=VECTOR('',#1253,1.0);
#1251=VECTOR('',#1254,1.0);
#1252=VECTOR('',#1255,1.0);
#1253=DIRECTION('',(-0.19433545580907408,0.9809351306867745,0));
#1254=DIRECTION('',(-0.999695469761548,-0.024677271693561396,0));
#1255=DIRECTION('',(0.999778987338602,0.02102323657764034,0));
#1256=FACE_SURFACE('',(#1261),#1257,.T.);
#1257=PLANE('',#1258);
#1258=AXIS2_PLACEMENT_3D('',#96,#1259,#1260);
#1259=DIRECTION('',(0,0,1));
#1260=DIRECTION('',(-0.9998998205964801,-0.014154461174025012,0));
#1261=FACE_BOUND('',#1262,.T.);
#1262=EDGE_LOOP('',(#1263,#1264,#1265));
#1263=ORIENTED_EDGE('',*,*,#1266,.T.);
#1264=ORIENTED_EDGE('',*,*,#1267,.T.);
#1265=ORIENTED_EDGE('',*,*,#1268,.T.);
#1266=EDGE_CURVE('',#97,#95,#1269,.F.);
#1267=EDGE_CURVE('',#95,#99,#1270,.T.);
#1268=EDGE_CURVE('',#99,#97,#1271,.T.);
#1269=LINE('',#96,#1272);
#1270=LINE('',#94,#1273);
#1271=LINE('',#98,#1274);
#1272=VECTOR('',#1275,1.0);
#1273=VECTOR('',#1276,1.0);
#1274=VECTOR('',#1277,1.0);
#1275=DIRECTION('',(-0.9998998205964801,-0.014154461174025012,0));
#1276=DIRECTION('',(0.9999389312691921,0.011051413132525827,0));
#1277=DIRECTION('',(-0.5547083346446026,0.8320448686674365,0));
#1278=FACE_SURFACE('',(#1283),#1279,.T.);
#1279=PLANE('',#1280);
#1280=AXIS2_PLACEMENT_3D('',#100,#1281,#1282);
#1281=DIRECTION('',(-0,-0,1));
#1282=DIRECTION('',(0.8229775854466901,-0.5680738454218219,0));
#1283=FACE_BOUND('',#1284,.T.);
#1284=EDGE_LOOP('',(#1285,#1286,#1287));
#1285=ORIENTED_EDGE('',*,*,#1288,.T.);
#1286=ORIENTED_EDGE('',*,*,#1289,.T.);
#1287=ORIENTED_EDGE('',*,*,#1290,.T.);
#1288=EDGE_CURVE('',#101,#103,#1291,.F.);
#1289=EDGE_CURVE('',#103,#105,#1292,.T.);
#1290=EDGE_CURVE('',#105,#101,#1293,.T.);
#1291=LINE('',#100,#1294);
#1292=LINE('',#102,#1295);
#1293=LINE('',#104,#1296);
#1294=VECTOR('',#1297,1.0);
#1295=VECTOR('',#1298,1.0);
#1296=VECTOR('',#1299,1.0);
#1297=DIRECTION('',(0.8229775854466901,-0.5680738454218219,0));
#1298=DIRECTION('',(-0.8143542492430595,0.5803681217466833,0));
#1299=DIRECTION('',(0.06467780006101326,-0.9979061990885053,0));
#1300=FACE_SURFACE('',(#1305),#1301,.T.);
#1301=PLANE('',#1302);
#1302=AXIS2_PLACEMENT_3D('',#106,#1303,#1304);
#1303=DIRECTION('',(-0,0,-1));
#1304=DIRECTION('',(-0.8962673936458815,-0.4435141024671238,0));
#1305=FACE_BOUND('',#1306,.T.);
#1306=EDGE_LOOP('',(#1307,#1308,#1309));
#1307=ORIENTED_EDGE('',*,*,#1310,.T.);
#1308=ORIENTED_EDGE('',*,*,#1311,.T.);
#1309=ORIENTED_EDGE('',*,*,#1312,.T.);
#1310=EDGE_CURVE('',#107,#81,#1313,.F.);
#1311=EDGE_CURVE('',#81,#85,#1314,.T.);
#1312=EDGE_CURVE('',#85,#107,#1315,.T.);
#1313=LINE('',#106,#1316);
#1314=LINE('',#80,#1317);
#1315=LINE('',#84,#1318);
#1316=VECTOR('',#1319,1.0);
#1317=VECTOR('',#1320,1.0);
#1318=VECTOR('',#1321,1.0);
#1319=DIRECTION('',(-0.8962673936458815,-0.4435141024671238,0));
#1320=DIRECTION('',(-0.7163098100706151,0.6977823844126472,0));
#1321=DIRECTION('',(0.7408861410375144,-0.671630647021516,0));
#1322=FACE_SURFACE('',(#1327),#1323,.T.);
#1323=PLANE('',#1324);
#1324=AXIS2_PLACEMENT_3D('',#92,#1325,#1326);
#1325=DIRECTION('',(0,0,1));
#1326=DIRECTION('',(-0.06467893753574257,0.9979061253641285,0));
#1327=FACE_BOUND('',#1328,.T.);
#1328=EDGE_LOOP('',(#1329,#1330,#1331));
#1329=ORIENTED_EDGE('',*,*,#1332,.T.);
#1330=ORIENTED_EDGE('',*,*,#1333,.T.);
#1331=ORIENTED_EDGE('',*,*,#1334,.T.);
#1332=EDGE_CURVE('',#93,#109,#1335,.F.);
#1333=EDGE_CURVE('',#109,#95,#1336,.T.);
#1334=EDGE_CURVE('',#95,#93,#1337,.T.);
#1335=LINE('',#92,#1338);
#1336=LINE('',#108,#1339);
#1337=LINE('',#94,#1340);
#1338=VECTOR('',#1341,1.0);
#1339=VECTOR('',#1342,1.0);
#1340=VECTOR('',#1343,1.0);
#1341=DIRECTION('',(-0.06467893753574257,0.9979061253641285,0));
#1342=DIRECTION('',(-0.9995969053438952,-0.028390611597986747,0));
#1343=DIRECTION('',(0.999695469761548,0.024677271693561396,0));
#1344=FACE_SURFACE('',(#1349),#1345,.T.);
#1345=PLANE('',#1346);
#1346=AXIS2_PLACEMENT_3D('',#108,#1347,#1348);
#1347=DIRECTION('',(0,-0,1));
#1348=DIRECTION('',(0.06467865316331728,0.9979061437955873,0));
#1349=FACE_BOUND('',#1350,.T.);
#1350=EDGE_LOOP('',(#1351,#1352,#1353));
#1351=ORIENTED_EDGE('',*,*,#1354,.T.);
#1352=ORIENTED_EDGE('',*,*,#1355,.T.);
#1353=ORIENTED_EDGE('',*,*,#1356,.T.);
#1354=EDGE_CURVE('',#109,#111,#1357,.F.);
#1355=EDGE_CURVE('',#111,#95,#1358,.T.);
#1356=EDGE_CURVE('',#95,#109,#1359,.T.);
#1357=LINE('',#108,#1360);
#1358=LINE('',#110,#1361);
#1359=LINE('',#94,#1362);
#1360=VECTOR('',#1363,1.0);
#1361=VECTOR('',#1364,1.0);
#1362=VECTOR('',#1365,1.0);
#1363=DIRECTION('',(0.06467865316331728,0.9979061437955873,0));
#1364=DIRECTION('',(-0.9994850105198935,-0.03208915309023432,0));
#1365=DIRECTION('',(0.9995969053438952,0.028390611597986747,0));
#1366=FACE_SURFACE('',(#1371),#1367,.T.);
#1367=PLANE('',#1368);
#1368=AXIS2_PLACEMENT_3D('',#112,#1369,#1370);
#1369=DIRECTION('',(0,0,1));
#1370=DIRECTION('',(-0.43979536147012105,-0.898098012484921,0));
#1371=FACE_BOUND('',#1372,.T.);
#1372=EDGE_LOOP('',(#1373,#1374,#1375));
#1373=ORIENTED_EDGE('',*,*,#1376,.T.);
#1374=ORIENTED_EDGE('',*,*,#1377,.T.);
#1375=ORIENTED_EDGE('',*,*,#1378,.T.);
#1376=EDGE_CURVE('',#113,#115,#1379,.F.);
#1377=EDGE_CURVE('',#115,#103,#1380,.T.);
#1378=EDGE_CURVE('',#103,#113,#1381,.T.);
#1379=LINE('',#112,#1382);
#1380=LINE('',#114,#1383);
#1381=LINE('',#102,#1384);
#1382=VECTOR('',#1385,1.0);
#1383=VECTOR('',#1386,1.0);
#1384=VECTOR('',#1387,1.0);
#1385=DIRECTION('',(-0.43979536147012105,-0.898098012484921,0));
#1386=DIRECTION('',(0.8626468291419832,-0.5058067300573234,0));
#1387=DIRECTION('',(-0.852514300452575,0.5227039004291595,0));
#1388=FACE_SURFACE('',(#1393),#1389,.T.);
#1389=PLANE('',#1390);
#1390=AXIS2_PLACEMENT_3D('',#116,#1391,#1392);
#1391=DIRECTION('',(0,0,1));
#1392=DIRECTION('',(-0.32456759895275417,-0.9458625025393723,0));
#1393=FACE_BOUND('',#1394,.T.);
#1394=EDGE_LOOP('',(#1395,#1396,#1397));
#1395=ORIENTED_EDGE('',*,*,#1398,.T.);
#1396=ORIENTED_EDGE('',*,*,#1399,.T.);
#1397=ORIENTED_EDGE('',*,*,#1400,.T.);
#1398=EDGE_CURVE('',#117,#113,#1401,.F.);
#1399=EDGE_CURVE('',#113,#103,#1402,.T.);
#1400=EDGE_CURVE('',#103,#117,#1403,.T.);
#1401=LINE('',#116,#1404);
#1402=LINE('',#112,#1405);
#1403=LINE('',#102,#1406);
#1404=VECTOR('',#1407,1.0);
#1405=VECTOR('',#1408,1.0);
#1406=VECTOR('',#1409,1.0);
#1407=DIRECTION('',(-0.32456759895275417,-0.9458625025393723,0));
#1408=DIRECTION('',(0.852514300452575,-0.5227039004291595,0));
#1409=DIRECTION('',(-0.8423392319172125,0.5389476953964277,0));
#1410=FACE_SURFACE('',(#1415),#1411,.T.);
#1411=PLANE('',#1412);
#1412=AXIS2_PLACEMENT_3D('',#114,#1413,#1414);
#1413=DIRECTION('',(0,0,1));
#1414=DIRECTION('',(-0.5546961269558389,-0.8320530071697306,0));
#1415=FACE_BOUND('',#1416,.T.);
#1416=EDGE_LOOP('',(#1417,#1418,#1419));
#1417=ORIENTED_EDGE('',*,*,#1420,.T.);
#1418=ORIENTED_EDGE('',*,*,#1421,.T.);
#1419=ORIENTED_EDGE('',*,*,#1422,.T.);
#1420=EDGE_CURVE('',#115,#119,#1423,.F.);
#1421=EDGE_CURVE('',#119,#103,#1424,.T.);
#1422=EDGE_CURVE('',#103,#115,#1425,.T.);
#1423=LINE('',#114,#1426);
#1424=LINE('',#118,#1427);
#1425=LINE('',#102,#1428);
#1426=VECTOR('',#1429,1.0);
#1427=VECTOR('',#1430,1.0);
#1428=VECTOR('',#1431,1.0);
#1429=DIRECTION('',(-0.5546961269558389,-0.8320530071697306,0));
#1430=DIRECTION('',(0.8724731018452788,-0.4886621394751979,0));
#1431=DIRECTION('',(-0.8626468291419832,0.5058067300573234,0));
#1432=FACE_SURFACE('',(#1437),#1433,.T.);
#1433=PLANE('',#1434);
#1434=AXIS2_PLACEMENT_3D('',#120,#1435,#1436);
#1435=DIRECTION('',(0,-0,1));
#1436=DIRECTION('',(0.32456013282251134,0.9458650644686237,0));
#1437=FACE_BOUND('',#1438,.T.);
#1438=EDGE_LOOP('',(#1439,#1440,#1441));
#1439=ORIENTED_EDGE('',*,*,#1442,.T.);
#1440=ORIENTED_EDGE('',*,*,#1443,.T.);
#1441=ORIENTED_EDGE('',*,*,#1444,.T.);
#1442=EDGE_CURVE('',#121,#123,#1445,.F.);
#1443=EDGE_CURVE('',#123,#95,#1446,.T.);
#1444=EDGE_CURVE('',#95,#121,#1447,.T.);
#1445=LINE('',#120,#1448);
#1446=LINE('',#122,#1449);
#1447=LINE('',#94,#1450);
#1448=VECTOR('',#1451,1.0);
#1449=VECTOR('',#1452,1.0);
#1450=VECTOR('',#1453,1.0);
#1451=DIRECTION('',(0.32456013282251134,0.9458650644686237,0));
#1452=DIRECTION('',(-0.9992334886081397,-0.03914633116917787,0));
#1453=DIRECTION('',(0.9993625918524099,0.035698879618741276,0));
#1454=FACE_SURFACE('',(#1459),#1455,.T.);
#1455=PLANE('',#1456);
#1456=AXIS2_PLACEMENT_3D('',#124,#1457,#1458);
#1457=DIRECTION('',(0,-0,1));
#1458=DIRECTION('',(0.913226844040813,0.40745150794083024,0));
#1459=FACE_BOUND('',#1460,.T.);
#1460=EDGE_LOOP('',(#1461,#1462,#1463));
#1461=ORIENTED_EDGE('',*,*,#1464,.T.);
#1462=ORIENTED_EDGE('',*,*,#1465,.T.);
#1463=ORIENTED_EDGE('',*,*,#1466,.T.);
#1464=EDGE_CURVE('',#125,#41,#1467,.F.);
#1465=EDGE_CURVE('',#41,#127,#1468,.T.);
#1466=EDGE_CURVE('',#127,#125,#1469,.T.);
#1467=LINE('',#124,#1470);
#1468=LINE('',#40,#1471);
#1469=LINE('',#126,#1472);
#1470=VECTOR('',#1473,1.0);
#1471=VECTOR('',#1474,1.0);
#1472=VECTOR('',#1475,1.0);
#1473=DIRECTION('',(0.913226844040813,0.40745150794083024,0));
#1474=DIRECTION('',(-0.9325307958200739,-0.36109045244533916,0));
#1475=DIRECTION('',(0.9477551241768418,-0.31899878463175874,0));
#1476=FACE_SURFACE('',(#1481),#1477,.T.);
#1477=PLANE('',#1478);
#1478=AXIS2_PLACEMENT_3D('',#128,#1479,#1480);
#1479=DIRECTION('',(-0.5568398976462725,-0.8306198458917826,0));
#1480=DIRECTION('',(0,0,1));
#1481=FACE_BOUND('',#1482,.T.);
#1482=EDGE_LOOP('',(#1483,#1484,#1485));
#1483=ORIENTED_EDGE('',*,*,#1486,.T.);
#1484=ORIENTED_EDGE('',*,*,#1487,.T.);
#1485=ORIENTED_EDGE('',*,*,#1488,.T.);
#1486=EDGE_CURVE('',#129,#131,#1489,.F.);
#1487=EDGE_CURVE('',#131,#133,#1490,.T.);
#1488=EDGE_CURVE('',#133,#129,#1491,.T.);
#1489=LINE('',#128,#1492);
#1490=LINE('',#130,#1493);
#1491=LINE('',#132,#1494);
#1492=VECTOR('',#1495,1.0);
#1493=VECTOR('',#1496,1.0);
#1494=VECTOR('',#1497,1.0);
#1495=DIRECTION('',(0,0,1));
#1496=DIRECTION('',(-0.8306198458917827,0.5568398976462725,0));
#1497=DIRECTION('',(0.17498282747327448,-0.11730687657175021,-0.9775582370367703));
#1498=FACE_SURFACE('',(#1503),#1499,.T.);
#1499=PLANE('',#1500);
#1500=AXIS2_PLACEMENT_3D('',#128,#1501,#1502);
#1501=DIRECTION('',(-0.5568398976462725,-0.8306198458917826,0));
#1502=DIRECTION('',(-0.17498282747327448,0.11730687657175021,0.9775582370367703));
#1503=FACE_BOUND('',#1504,.T.);
#1504=EDGE_LOOP('',(#1505,#1506,#1507));
#1505=ORIENTED_EDGE('',*,*,#1508,.T.);
#1506=ORIENTED_EDGE('',*,*,#1509,.T.);
#1507=ORIENTED_EDGE('',*,*,#1510,.T.);
#1508=EDGE_CURVE('',#129,#133,#1511,.F.);
#1509=EDGE_CURVE('',#133,#135,#1512,.T.);
#1510=EDGE_CURVE('',#135,#129,#1513,.T.);
#1511=LINE('',#128,#1514);
#1512=LINE('',#132,#1515);
#1513=LINE('',#134,#1516);
#1514=VECTOR('',#1517,1.0);
#1515=VECTOR('',#1518,1.0);
#1516=VECTOR('',#1519,1.0);
#1517=DIRECTION('',(-0.17498282747327448,0.11730687657175021,0.9775582370367703));
#1518=DIRECTION('',(0,0,-1));
#1519=DIRECTION('',(0.8306198458917827,-0.5568398976462725,0));
#1520=FACE_SURFACE('',(#1525),#1521,.T.);
#1521=PLANE('',#1522);
#1522=AXIS2_PLACEMENT_3D('',#128,#1523,#1524);
#1523=DIRECTION('',(0,0,-1));
#1524=DIRECTION('',(-0.8306198458917827,0.5568398976462725,0));
#1525=FACE_BOUND('',#1526,.T.);
#1526=EDGE_LOOP('',(#1527,#1528,#1529));
#1527=ORIENTED_EDGE('',*,*,#1530,.T.);
#1528=ORIENTED_EDGE('',*,*,#1531,.T.);
#1529=ORIENTED_EDGE('',*,*,#1532,.T.);
#1530=EDGE_CURVE('',#129,#135,#1533,.F.);
#1531=EDGE_CURVE('',#135,#137,#1534,.T.);
#1532=EDGE_CURVE('',#137,#129,#1535,.T.);
#1533=LINE('',#128,#1536);
#1534=LINE('',#134,#1537);
#1535=LINE('',#136,#1538);
#1536=VECTOR('',#1539,1.0);
#1537=VECTOR('',#1540,1.0);
#1538=VECTOR('',#1541,1.0);
#1539=DIRECTION('',(-0.8306198458917827,0.5568398976462725,0));
#1540=DIRECTION('',(0.7163094791934304,0.6977827240750779,0));
#1541=DIRECTION('',(-0.6893952603850134,-0.7243853773777322,0));
#1542=FACE_SURFACE('',(#1547),#1543,.T.);
#1543=PLANE('',#1544);
#1544=AXIS2_PLACEMENT_3D('',#134,#1545,#1546);
#1545=DIRECTION('',(0,0,-1));
#1546=DIRECTION('',(-0.8962665269777105,0.4435158538534028,0));
#1547=FACE_BOUND('',#1548,.T.);
#1548=EDGE_LOOP('',(#1549,#1550,#1551));
#1549=ORIENTED_EDGE('',*,*,#1552,.T.);
#1550=ORIENTED_EDGE('',*,*,#1553,.T.);
#1551=ORIENTED_EDGE('',*,*,#1554,.T.);
#1552=EDGE_CURVE('',#135,#139,#1555,.F.);
#1553=EDGE_CURVE('',#139,#137,#1556,.T.);
#1554=EDGE_CURVE('',#137,#135,#1557,.T.);
#1555=LINE('',#134,#1558);
#1556=LINE('',#138,#1559);
#1557=LINE('',#136,#1560);
#1558=VECTOR('',#1561,1.0);
#1559=VECTOR('',#1562,1.0);
#1560=VECTOR('',#1563,1.0);
#1561=DIRECTION('',(-0.8962665269777105,0.4435158538534028,0));
#1562=DIRECTION('',(0.740885762956396,0.6716310640884019,0));
#1563=DIRECTION('',(-0.7163094791934304,-0.6977827240750779,0));
#1564=FACE_SURFACE('',(#1569),#1565,.T.);
#1565=PLANE('',#1566);
#1566=AXIS2_PLACEMENT_3D('',#138,#1567,#1568);
#1567=DIRECTION('',(0,0,-1));
#1568=DIRECTION('',(-0.9477553420085552,0.31899813744635946,0));
#1569=FACE_BOUND('',#1570,.T.);
#1570=EDGE_LOOP('',(#1571,#1572,#1573));
#1571=ORIENTED_EDGE('',*,*,#1574,.T.);
#1572=ORIENTED_EDGE('',*,*,#1575,.T.);
#1573=ORIENTED_EDGE('',*,*,#1576,.T.);
#1574=EDGE_CURVE('',#139,#141,#1577,.F.);
#1575=EDGE_CURVE('',#141,#137,#1578,.T.);
#1576=EDGE_CURVE('',#137,#139,#1579,.T.);
#1577=LINE('',#138,#1580);
#1578=LINE('',#140,#1581);
#1579=LINE('',#136,#1582);
#1580=VECTOR('',#1583,1.0);
#1581=VECTOR('',#1584,1.0);
#1582=VECTOR('',#1585,1.0);
#1583=DIRECTION('',(-0.9477553420085552,0.31899813744635946,0));
#1584=DIRECTION('',(0.7623647200548438,0.6471476134667419,0));
#1585=DIRECTION('',(-0.740885762956396,-0.6716310640884019,0));
#1586=FACE_SURFACE('',(#1591),#1587,.T.);
#1587=PLANE('',#1588);
#1588=AXIS2_PLACEMENT_3D('',#142,#1589,#1590);
#1589=DIRECTION('',(0,-0,-1));
#1590=DIRECTION('',(0,-1,0));
#1591=FACE_BOUND('',#1592,.T.);
#1592=EDGE_LOOP('',(#1593,#1594,#1595));
#1593=ORIENTED_EDGE('',*,*,#1596,.T.);
#1594=ORIENTED_EDGE('',*,*,#1597,.T.);
#1595=ORIENTED_EDGE('',*,*,#1598,.T.);
#1596=EDGE_CURVE('',#143,#137,#1599,.F.);
#1597=EDGE_CURVE('',#137,#145,#1600,.T.);
#1598=EDGE_CURVE('',#145,#143,#1601,.T.);
#1599=LINE('',#142,#1602);
#1600=LINE('',#136,#1603);
#1601=LINE('',#144,#1604);
#1602=VECTOR('',#1605,1.0);
#1603=VECTOR('',#1606,1.0);
#1604=VECTOR('',#1607,1.0);
#1605=DIRECTION('',(0,-1,0));
#1606=DIRECTION('',(-0.7805070275402852,-0.6251470066794116,0));
#1607=DIRECTION('',(0.0814004884015757,0.9966814739363751,0));
#1608=FACE_SURFACE('',(#1613),#1609,.T.);
#1609=PLANE('',#1610);
#1610=AXIS2_PLACEMENT_3D('',#142,#1611,#1612);
#1611=DIRECTION('',(0,0,-1));
#1612=DIRECTION('',(-0.0814004884015757,-0.9966814739363751,0));
#1613=FACE_BOUND('',#1614,.T.);
#1614=EDGE_LOOP('',(#1615,#1616,#1617));
#1615=ORIENTED_EDGE('',*,*,#1618,.T.);
#1616=ORIENTED_EDGE('',*,*,#1619,.T.);
#1617=ORIENTED_EDGE('',*,*,#1620,.T.);
#1618=EDGE_CURVE('',#143,#145,#1621,.F.);
#1619=EDGE_CURVE('',#145,#147,#1622,.T.);
#1620=EDGE_CURVE('',#147,#143,#1623,.T.);
#1621=LINE('',#142,#1624);
#1622=LINE('',#144,#1625);
#1623=LINE('',#146,#1626);
#1624=VECTOR('',#1627,1.0);
#1625=VECTOR('',#1628,1.0);
#1626=VECTOR('',#1629,1.0);
#1627=DIRECTION('',(-0.0814004884015757,-0.9966814739363751,0));
#1628=DIRECTION('',(-0.9979061253641285,0.06467893753574257,0));
#1629=DIRECTION('',(0.08519031011146706,0.9963646978205881,0));
#1630=FACE_SURFACE('',(#1635),#1631,.T.);
#1631=PLANE('',#1632);
#1632=AXIS2_PLACEMENT_3D('',#146,#1633,#1634);
#1633=DIRECTION('',(-0,0,-1));
#1634=DIRECTION('',(-0.9978866747370723,-0.06497833779182512,0));
#1635=FACE_BOUND('',#1636,.T.);
#1636=EDGE_LOOP('',(#1637,#1638,#1639));
#1637=ORIENTED_EDGE('',*,*,#1640,.T.);
#1638=ORIENTED_EDGE('',*,*,#1641,.T.);
#1639=ORIENTED_EDGE('',*,*,#1642,.T.);
#1640=EDGE_CURVE('',#147,#149,#1643,.F.);
#1641=EDGE_CURVE('',#149,#143,#1644,.T.);
#1642=EDGE_CURVE('',#143,#147,#1645,.T.);
#1643=LINE('',#146,#1646);
#1644=LINE('',#148,#1647);
#1645=LINE('',#142,#1648);
#1646=VECTOR('',#1649,1.0);
#1647=VECTOR('',#1650,1.0);
#1648=VECTOR('',#1651,1.0);
#1649=DIRECTION('',(-0.9978866747370723,-0.06497833779182512,0));
#1650=DIRECTION('',(0.08891731279698863,0.9960390110256538,0));
#1651=DIRECTION('',(-0.08519031011146706,-0.9963646978205881,0));
#1652=FACE_SURFACE('',(#1657),#1653,.T.);
#1653=PLANE('',#1654);
#1654=AXIS2_PLACEMENT_3D('',#150,#1655,#1656);
#1655=DIRECTION('',(0,-0,1));
#1656=DIRECTION('',(0.8854876542728368,0.4646629037596921,0));
#1657=FACE_BOUND('',#1658,.T.);
#1658=EDGE_LOOP('',(#1659,#1660,#1661));
#1659=ORIENTED_EDGE('',*,*,#1662,.T.);
#1660=ORIENTED_EDGE('',*,*,#1663,.T.);
#1661=ORIENTED_EDGE('',*,*,#1664,.T.);
#1662=EDGE_CURVE('',#151,#41,#1665,.F.);
#1663=EDGE_CURVE('',#41,#125,#1666,.T.);
#1664=EDGE_CURVE('',#125,#151,#1667,.T.);
#1665=LINE('',#150,#1668);
#1666=LINE('',#40,#1669);
#1667=LINE('',#124,#1670);
#1668=VECTOR('',#1671,1.0);
#1669=VECTOR('',#1672,1.0);
#1670=VECTOR('',#1673,1.0);
#1671=DIRECTION('',(0.8854876542728368,0.4646629037596921,0));
#1672=DIRECTION('',(-0.913226844040813,-0.40745150794083024,0));
#1673=DIRECTION('',(0.8962665179548853,-0.4435158720869247,0));
#1674=FACE_SURFACE('',(#1679),#1675,.T.);
#1675=PLANE('',#1676);
#1676=AXIS2_PLACEMENT_3D('',#152,#1677,#1678);
#1677=DIRECTION('',(-0.5568470102928118,0.8306150775948852,0));
#1678=DIRECTION('',(0,0,-1));
#1679=FACE_BOUND('',#1680,.T.);
#1680=EDGE_LOOP('',(#1681,#1682,#1683));
#1681=ORIENTED_EDGE('',*,*,#1684,.T.);
#1682=ORIENTED_EDGE('',*,*,#1685,.T.);
#1683=ORIENTED_EDGE('',*,*,#1686,.T.);
#1684=EDGE_CURVE('',#153,#155,#1687,.F.);
#1685=EDGE_CURVE('',#155,#157,#1688,.T.);
#1686=EDGE_CURVE('',#157,#153,#1689,.T.);
#1687=LINE('',#152,#1690);
#1688=LINE('',#154,#1691);
#1689=LINE('',#156,#1692);
#1690=VECTOR('',#1693,1.0);
#1691=VECTOR('',#1694,1.0);
#1692=VECTOR('',#1695,1.0);
#1693=DIRECTION('',(0,0,-1));
#1694=DIRECTION('',(-0.8306150775948853,-0.5568470102928118,0));
#1695=DIRECTION('',(0.174983673789687,0.11730961576327621,0.9775577568392249));
#1696=FACE_SURFACE('',(#1701),#1697,.T.);
#1697=PLANE('',#1698);
#1698=AXIS2_PLACEMENT_3D('',#152,#1699,#1700);
#1699=DIRECTION('',(-0.5568470102928118,0.8306150775948852,0));
#1700=DIRECTION('',(-0.174983673789687,-0.11730961576327621,-0.9775577568392249));
#1701=FACE_BOUND('',#1702,.T.);
#1702=EDGE_LOOP('',(#1703,#1704,#1705));
#1703=ORIENTED_EDGE('',*,*,#1706,.T.);
#1704=ORIENTED_EDGE('',*,*,#1707,.T.);
#1705=ORIENTED_EDGE('',*,*,#1708,.T.);
#1706=EDGE_CURVE('',#153,#157,#1709,.F.);
#1707=EDGE_CURVE('',#157,#159,#1710,.T.);
#1708=EDGE_CURVE('',#159,#153,#1711,.T.);
#1709=LINE('',#152,#1712);
#1710=LINE('',#156,#1713);
#1711=LINE('',#158,#1714);
#1712=VECTOR('',#1715,1.0);
#1713=VECTOR('',#1716,1.0);
#1714=VECTOR('',#1717,1.0);
#1715=DIRECTION('',(-0.174983673789687,-0.11730961576327621,-0.9775577568392249));
#1716=DIRECTION('',(0,0,1));
#1717=DIRECTION('',(0.8306150775948853,0.5568470102928118,0));
#1718=FACE_SURFACE('',(#1723),#1719,.T.);
#1719=PLANE('',#1720);
#1720=AXIS2_PLACEMENT_3D('',#160,#1721,#1722);
#1721=DIRECTION('',(-0.6594814452562534,-0.7517208413784489,0));
#1722=DIRECTION('',(0,0,1));
#1723=FACE_BOUND('',#1724,.T.);
#1724=EDGE_LOOP('',(#1725,#1726,#1727));
#1725=ORIENTED_EDGE('',*,*,#1728,.T.);
#1726=ORIENTED_EDGE('',*,*,#1729,.T.);
#1727=ORIENTED_EDGE('',*,*,#1730,.T.);
#1728=EDGE_CURVE('',#161,#163,#1731,.F.);
#1729=EDGE_CURVE('',#163,#131,#1732,.T.);
#1730=EDGE_CURVE('',#131,#161,#1733,.T.);
#1731=LINE('',#160,#1734);
#1732=LINE('',#162,#1735);
#1733=LINE('',#130,#1736);
#1734=VECTOR('',#1737,1.0);
#1735=VECTOR('',#1738,1.0);
#1736=VECTOR('',#1739,1.0);
#1737=DIRECTION('',(0,0,1));
#1738=DIRECTION('',(-0.7517208413784489,0.6594814452562535,0));
#1739=DIRECTION('',(0.15929908335355722,-0.13975239734654524,-0.9772886316122836));
#1740=FACE_SURFACE('',(#1745),#1741,.T.);
#1741=PLANE('',#1742);
#1742=AXIS2_PLACEMENT_3D('',#160,#1743,#1744);
#1743=DIRECTION('',(-0.6594814452562534,-0.7517208413784489,0));
#1744=DIRECTION('',(-0.15929908335355722,0.13975239734654524,0.9772886316122836));
#1745=FACE_BOUND('',#1746,.T.);
#1746=EDGE_LOOP('',(#1747,#1748,#1749));
#1747=ORIENTED_EDGE('',*,*,#1750,.T.);
#1748=ORIENTED_EDGE('',*,*,#1751,.T.);
#1749=ORIENTED_EDGE('',*,*,#1752,.T.);
#1750=EDGE_CURVE('',#161,#131,#1753,.F.);
#1751=EDGE_CURVE('',#131,#129,#1754,.T.);
#1752=EDGE_CURVE('',#129,#161,#1755,.T.);
#1753=LINE('',#160,#1756);
#1754=LINE('',#130,#1757);
#1755=LINE('',#128,#1758);
#1756=VECTOR('',#1759,1.0);
#1757=VECTOR('',#1760,1.0);
#1758=VECTOR('',#1761,1.0);
#1759=DIRECTION('',(-0.15929908335355722,0.13975239734654524,0.9772886316122836));
#1760=DIRECTION('',(0,0,-1));
#1761=DIRECTION('',(0.7517208413784489,-0.6594814452562535,0));
#1762=FACE_SURFACE('',(#1767),#1763,.T.);
#1763=PLANE('',#1764);
#1764=AXIS2_PLACEMENT_3D('',#164,#1765,#1766);
#1765=DIRECTION('',(0,0,-1));
#1766=DIRECTION('',(0.06468007505039758,0.9979060516358615,0));
#1767=FACE_BOUND('',#1768,.T.);
#1768=EDGE_LOOP('',(#1769,#1770,#1771));
#1769=ORIENTED_EDGE('',*,*,#1772,.T.);
#1770=ORIENTED_EDGE('',*,*,#1773,.T.);
#1771=ORIENTED_EDGE('',*,*,#1774,.T.);
#1772=EDGE_CURVE('',#165,#167,#1775,.F.);
#1773=EDGE_CURVE('',#167,#169,#1776,.T.);
#1774=EDGE_CURVE('',#169,#165,#1777,.T.);
#1775=LINE('',#164,#1778);
#1776=LINE('',#166,#1779);
#1777=LINE('',#168,#1780);
#1778=VECTOR('',#1781,1.0);
#1779=VECTOR('',#1782,1.0);
#1780=VECTOR('',#1783,1.0);
#1781=DIRECTION('',(0.06468007505039758,0.9979060516358615,0));
#1782=DIRECTION('',(0.8229775854466901,-0.5680738454218219,0));
#1783=DIRECTION('',(-0.8323975923546147,0.5541788955222317,0));
#1784=FACE_SURFACE('',(#1789),#1785,.T.);
#1785=PLANE('',#1786);
#1786=AXIS2_PLACEMENT_3D('',#158,#1787,#1788);
#1787=DIRECTION('',(-0.44351587208692467,0.8962665179548852,0));
#1788=DIRECTION('',(0,0,-1));
#1789=FACE_BOUND('',#1790,.T.);
#1790=EDGE_LOOP('',(#1791,#1792,#1793));
#1791=ORIENTED_EDGE('',*,*,#1794,.T.);
#1792=ORIENTED_EDGE('',*,*,#1795,.T.);
#1793=ORIENTED_EDGE('',*,*,#1796,.T.);
#1794=EDGE_CURVE('',#159,#157,#1797,.F.);
#1795=EDGE_CURVE('',#157,#171,#1798,.T.);
#1796=EDGE_CURVE('',#171,#159,#1799,.T.);
#1797=LINE('',#158,#1800);
#1798=LINE('',#156,#1801);
#1799=LINE('',#170,#1802);
#1800=VECTOR('',#1803,1.0);
#1801=VECTOR('',#1804,1.0);
#1802=VECTOR('',#1805,1.0);
#1803=DIRECTION('',(0,0,-1));
#1804=DIRECTION('',(-0.8962665179548853,-0.4435158720869247,0));
#1805=DIRECTION('',(0.1896092788843222,0.09382781013848616,0.9773661869563443));
#1806=FACE_SURFACE('',(#1811),#1807,.T.);
#1807=PLANE('',#1808);
#1808=AXIS2_PLACEMENT_3D('',#158,#1809,#1810);
#1809=DIRECTION('',(-0.44351587208692467,0.8962665179548852,0));
#1810=DIRECTION('',(-0.1896092788843222,-0.09382781013848616,-0.9773661869563443));
#1811=FACE_BOUND('',#1812,.T.);
#1812=EDGE_LOOP('',(#1813,#1814,#1815));
#1813=ORIENTED_EDGE('',*,*,#1816,.T.);
#1814=ORIENTED_EDGE('',*,*,#1817,.T.);
#1815=ORIENTED_EDGE('',*,*,#1818,.T.);
#1816=EDGE_CURVE('',#159,#171,#1819,.F.);
#1817=EDGE_CURVE('',#171,#173,#1820,.T.);
#1818=EDGE_CURVE('',#173,#159,#1821,.T.);
#1819=LINE('',#158,#1822);
#1820=LINE('',#170,#1823);
#1821=LINE('',#172,#1824);
#1822=VECTOR('',#1825,1.0);
#1823=VECTOR('',#1826,1.0);
#1824=VECTOR('',#1827,1.0);
#1825=DIRECTION('',(-0.1896092788843222,-0.09382781013848616,-0.9773661869563443));
#1826=DIRECTION('',(0,0,1));
#1827=DIRECTION('',(0.8962665179548853,0.4435158720869247,0));
#1828=FACE_SURFACE('',(#1833),#1829,.T.);
#1829=PLANE('',#1830);
#1830=AXIS2_PLACEMENT_3D('',#174,#1831,#1832);
#1831=DIRECTION('',(0,0,-1));
#1832=DIRECTION('',(-1,0,0));
#1833=FACE_BOUND('',#1834,.T.);
#1834=EDGE_LOOP('',(#1835,#1836,#1837));
#1835=ORIENTED_EDGE('',*,*,#1838,.T.);
#1836=ORIENTED_EDGE('',*,*,#1839,.T.);
#1837=ORIENTED_EDGE('',*,*,#1840,.T.);
#1838=EDGE_CURVE('',#175,#143,#1841,.F.);
#1839=EDGE_CURVE('',#143,#177,#1842,.T.);
#1840=EDGE_CURVE('',#177,#175,#1843,.T.);
#1841=LINE('',#174,#1844);
#1842=LINE('',#142,#1845);
#1843=LINE('',#176,#1846);
#1844=VECTOR('',#1847,1.0);
#1845=VECTOR('',#1848,1.0);
#1846=VECTOR('',#1849,1.0);
#1847=DIRECTION('',(-1,0,0));
#1848=DIRECTION('',(0.9970702438271349,0.07649136470542041,0));
#1849=DIRECTION('',(0.997642113680872,-0.06863099161721525,0));
#1850=FACE_SURFACE('',(#1855),#1851,.T.);
#1851=PLANE('',#1852);
#1852=AXIS2_PLACEMENT_3D('',#178,#1853,#1854);
#1853=DIRECTION('',(0,0,1));
#1854=DIRECTION('',(-0.9919970897286814,-0.12626073803770677,0));
#1855=FACE_BOUND('',#1856,.T.);
#1856=EDGE_LOOP('',(#1857,#1858,#1859));
#1857=ORIENTED_EDGE('',*,*,#1860,.T.);
#1858=ORIENTED_EDGE('',*,*,#1861,.T.);
#1859=ORIENTED_EDGE('',*,*,#1862,.T.);
#1860=EDGE_CURVE('',#179,#95,#1863,.F.);
#1861=EDGE_CURVE('',#95,#123,#1864,.T.);
#1862=EDGE_CURVE('',#123,#179,#1865,.T.);
#1863=LINE('',#178,#1866);
#1864=LINE('',#94,#1867);
#1865=LINE('',#122,#1868);
#1866=VECTOR('',#1869,1.0);
#1867=VECTOR('',#1870,1.0);
#1868=VECTOR('',#1871,1.0);
#1869=DIRECTION('',(-0.9919970897286814,-0.12626073803770677,0));
#1870=DIRECTION('',(0.9992334886081397,0.03914633116917787,0));
#1871=DIRECTION('',(-0.5757638422155652,0.81761604558446,0));
#1872=FACE_SURFACE('',(#1877),#1873,.T.);
#1873=PLANE('',#1874);
#1874=AXIS2_PLACEMENT_3D('',#180,#1875,#1876);
#1875=DIRECTION('',(0,-0,1));
#1876=DIRECTION('',(0.2631174057921088,0.9647638212377322,0));
#1877=FACE_BOUND('',#1878,.T.);
#1878=EDGE_LOOP('',(#1879,#1880,#1881));
#1879=ORIENTED_EDGE('',*,*,#1882,.T.);
#1880=ORIENTED_EDGE('',*,*,#1883,.T.);
#1881=ORIENTED_EDGE('',*,*,#1884,.T.);
#1882=EDGE_CURVE('',#181,#103,#1885,.F.);
#1883=EDGE_CURVE('',#103,#183,#1886,.T.);
#1884=EDGE_CURVE('',#183,#181,#1887,.T.);
#1885=LINE('',#180,#1888);
#1886=LINE('',#102,#1889);
#1887=LINE('',#182,#1890);
#1888=VECTOR('',#1891,1.0);
#1889=VECTOR('',#1892,1.0);
#1890=VECTOR('',#1893,1.0);
#1891=DIRECTION('',(0.2631174057921088,0.9647638212377322,0));
#1892=DIRECTION('',(-0.8902275771466693,0.45551603801356,0));
#1893=DIRECTION('',(0.14069330053806064,-0.9900532284598171,0));
#1894=FACE_SURFACE('',(#1899),#1895,.T.);
#1895=PLANE('',#1896);
#1896=AXIS2_PLACEMENT_3D('',#184,#1897,#1898);
#1897=DIRECTION('',(0,0,1));
#1898=DIRECTION('',(-0.7517262922573307,-0.6594752319299386,0));
#1899=FACE_BOUND('',#1900,.T.);
#1900=EDGE_LOOP('',(#1901,#1902,#1903));
#1901=ORIENTED_EDGE('',*,*,#1904,.T.);
#1902=ORIENTED_EDGE('',*,*,#1905,.T.);
#1903=ORIENTED_EDGE('',*,*,#1906,.T.);
#1904=EDGE_CURVE('',#185,#183,#1907,.F.);
#1905=EDGE_CURVE('',#183,#103,#1908,.T.);
#1906=EDGE_CURVE('',#103,#185,#1909,.T.);
#1907=LINE('',#184,#1910);
#1908=LINE('',#182,#1911);
#1909=LINE('',#102,#1912);
#1910=VECTOR('',#1913,1.0);
#1911=VECTOR('',#1914,1.0);
#1912=VECTOR('',#1915,1.0);
#1913=DIRECTION('',(-0.7517262922573307,-0.6594752319299386,0));
#1914=DIRECTION('',(0.8902275771466693,-0.45551603801356,0));
#1915=DIRECTION('',(-0.8817140922909963,0.47178412378487744,0));
#1916=FACE_SURFACE('',(#1921),#1917,.T.);
#1917=PLANE('',#1918);
#1918=AXIS2_PLACEMENT_3D('',#172,#1919,#1920);
#1919=DIRECTION('',(-0.31899878463175874,0.9477551241768418,0));
#1920=DIRECTION('',(0,0,-1));
#1921=FACE_BOUND('',#1922,.T.);
#1922=EDGE_LOOP('',(#1923,#1924,#1925));
#1923=ORIENTED_EDGE('',*,*,#1926,.T.);
#1924=ORIENTED_EDGE('',*,*,#1927,.T.);
#1925=ORIENTED_EDGE('',*,*,#1928,.T.);
#1926=EDGE_CURVE('',#173,#171,#1929,.F.);
#1927=EDGE_CURVE('',#171,#187,#1930,.T.);
#1928=EDGE_CURVE('',#187,#173,#1931,.T.);
#1929=LINE('',#172,#1932);
#1930=LINE('',#170,#1933);
#1931=LINE('',#186,#1934);
#1932=VECTOR('',#1935,1.0);
#1933=VECTOR('',#1936,1.0);
#1934=VECTOR('',#1937,1.0);
#1935=DIRECTION('',(0,0,-1));
#1936=DIRECTION('',(-0.9477551241768418,-0.31899878463175874,0));
#1937=DIRECTION('',(0.20036812058579098,0.06744061341934848,0.977396736189834));
#1938=FACE_SURFACE('',(#1943),#1939,.T.);
#1939=PLANE('',#1940);
#1940=AXIS2_PLACEMENT_3D('',#172,#1941,#1942);
#1941=DIRECTION('',(-0.31899878463175874,0.9477551241768418,0));
#1942=DIRECTION('',(-0.20036812058579098,-0.06744061341934848,-0.977396736189834));
#1943=FACE_BOUND('',#1944,.T.);
#1944=EDGE_LOOP('',(#1945,#1946,#1947));
#1945=ORIENTED_EDGE('',*,*,#1948,.T.);
#1946=ORIENTED_EDGE('',*,*,#1949,.T.);
#1947=ORIENTED_EDGE('',*,*,#1950,.T.);
#1948=EDGE_CURVE('',#173,#187,#1951,.F.);
#1949=EDGE_CURVE('',#187,#189,#1952,.T.);
#1950=EDGE_CURVE('',#189,#173,#1953,.T.);
#1951=LINE('',#172,#1954);
#1952=LINE('',#186,#1955);
#1953=LINE('',#188,#1956);
#1954=VECTOR('',#1957,1.0);
#1955=VECTOR('',#1958,1.0);
#1956=VECTOR('',#1959,1.0);
#1957=DIRECTION('',(-0.20036812058579098,-0.06744061341934848,-0.977396736189834));
#1958=DIRECTION('',(0,0,1));
#1959=DIRECTION('',(0.9477551241768418,0.31899878463175874,0));
#1960=FACE_SURFACE('',(#1965),#1961,.T.);
#1961=PLANE('',#1962);
#1962=AXIS2_PLACEMENT_3D('',#190,#1963,#1964);
#1963=DIRECTION('',(0,0,1));
#1964=DIRECTION('',(-0.6027632283700923,0.7979201028454315,0));
#1965=FACE_BOUND('',#1966,.T.);
#1966=EDGE_LOOP('',(#1967,#1968,#1969));
#1967=ORIENTED_EDGE('',*,*,#1970,.T.);
#1968=ORIENTED_EDGE('',*,*,#1971,.T.);
#1969=ORIENTED_EDGE('',*,*,#1972,.T.);
#1970=EDGE_CURVE('',#191,#179,#1973,.F.);
#1971=EDGE_CURVE('',#179,#123,#1974,.T.);
#1972=EDGE_CURVE('',#123,#191,#1975,.T.);
#1973=LINE('',#190,#1976);
#1974=LINE('',#178,#1977);
#1975=LINE('',#122,#1978);
#1976=VECTOR('',#1979,1.0);
#1977=VECTOR('',#1980,1.0);
#1978=VECTOR('',#1981,1.0);
#1979=DIRECTION('',(-0.6027632283700923,0.7979201028454315,0));
#1980=DIRECTION('',(0.5757638422155652,-0.81761604558446,0));
#1981=DIRECTION('',(0.43979623337014073,0.8980975855180977,0));
#1982=FACE_SURFACE('',(#1987),#1983,.T.);
#1983=PLANE('',#1984);
#1984=AXIS2_PLACEMENT_3D('',#192,#1985,#1986);
#1985=DIRECTION('',(0,0,1));
#1986=DIRECTION('',(-0.6314665813556466,0.7754030929980952,0));
#1987=FACE_BOUND('',#1988,.T.);
#1988=EDGE_LOOP('',(#1989,#1990,#1991));
#1989=ORIENTED_EDGE('',*,*,#1992,.T.);
#1990=ORIENTED_EDGE('',*,*,#1993,.T.);
#1991=ORIENTED_EDGE('',*,*,#1994,.T.);
#1992=EDGE_CURVE('',#193,#179,#1995,.F.);
#1993=EDGE_CURVE('',#179,#191,#1996,.T.);
#1994=EDGE_CURVE('',#191,#193,#1997,.T.);
#1995=LINE('',#192,#1998);
#1996=LINE('',#178,#1999);
#1997=LINE('',#190,#2000);
#1998=VECTOR('',#2001,1.0);
#1999=VECTOR('',#2002,1.0);
#2000=VECTOR('',#2003,1.0);
#2001=DIRECTION('',(-0.6314665813556466,0.7754030929980952,0));
#2002=DIRECTION('',(0.6027632283700923,-0.7979201028454315,0));
#2003=DIRECTION('',(0.5547083346446026,0.8320448686674365,0));
#2004=FACE_SURFACE('',(#2009),#2005,.T.);
#2005=PLANE('',#2006);
#2006=AXIS2_PLACEMENT_3D('',#182,#2007,#2008);
#2007=DIRECTION('',(0,0,1));
#2008=DIRECTION('',(-0.8306137053899658,-0.5568490571226201,0));
#2009=FACE_BOUND('',#2010,.T.);
#2010=EDGE_LOOP('',(#2011,#2012,#2013));
#2011=ORIENTED_EDGE('',*,*,#2014,.T.);
#2012=ORIENTED_EDGE('',*,*,#2015,.T.);
#2013=ORIENTED_EDGE('',*,*,#2016,.T.);
#2014=EDGE_CURVE('',#183,#195,#2017,.F.);
#2015=EDGE_CURVE('',#195,#181,#2018,.T.);
#2016=EDGE_CURVE('',#181,#183,#2019,.T.);
#2017=LINE('',#182,#2020);
#2018=LINE('',#194,#2021);
#2019=LINE('',#180,#2022);
#2020=VECTOR('',#2023,1.0);
#2021=VECTOR('',#2024,1.0);
#2022=VECTOR('',#2025,1.0);
#2023=DIRECTION('',(-0.8306137053899658,-0.5568490571226201,0));
#2024=DIRECTION('',(0.14775106616202588,-0.9890245813163516,0));
#2025=DIRECTION('',(-0.14069330053806064,0.9900532284598171,0));
#2026=FACE_SURFACE('',(#2031),#2027,.T.);
#2027=PLANE('',#2028);
#2028=AXIS2_PLACEMENT_3D('',#188,#2029,#2030);
#2029=DIRECTION('',(-0.19433713821483328,0.9809347973797589,0));
#2030=DIRECTION('',(0,0,-1));
#2031=FACE_BOUND('',#2032,.T.);
#2032=EDGE_LOOP('',(#2033,#2034,#2035));
#2033=ORIENTED_EDGE('',*,*,#2036,.T.);
#2034=ORIENTED_EDGE('',*,*,#2037,.T.);
#2035=ORIENTED_EDGE('',*,*,#2038,.T.);
#2036=EDGE_CURVE('',#189,#187,#2039,.F.);
#2037=EDGE_CURVE('',#187,#197,#2040,.T.);
#2038=EDGE_CURVE('',#197,#189,#2041,.T.);
#2039=LINE('',#188,#2042);
#2040=LINE('',#186,#2043);
#2041=LINE('',#196,#2044);
#2042=VECTOR('',#2045,1.0);
#2043=VECTOR('',#2046,1.0);
#2044=VECTOR('',#2047,1.0);
#2045=DIRECTION('',(0,0,-1));
#2046=DIRECTION('',(-0.980934797379759,-0.1943371382148333,0));
#2047=DIRECTION('',(0.2072140234224428,0.04105204588262668,0.9774339251458045));
#2048=FACE_SURFACE('',(#2053),#2049,.T.);
#2049=PLANE('',#2050);
#2050=AXIS2_PLACEMENT_3D('',#188,#2051,#2052);
#2051=DIRECTION('',(-0.19433713821483328,0.9809347973797589,0));
#2052=DIRECTION('',(-0.2072140234224428,-0.04105204588262668,-0.9774339251458045));
#2053=FACE_BOUND('',#2054,.T.);
#2054=EDGE_LOOP('',(#2055,#2056,#2057));
#2055=ORIENTED_EDGE('',*,*,#2058,.T.);
#2056=ORIENTED_EDGE('',*,*,#2059,.T.);
#2057=ORIENTED_EDGE('',*,*,#2060,.T.);
#2058=EDGE_CURVE('',#189,#197,#2061,.F.);
#2059=EDGE_CURVE('',#197,#199,#2062,.T.);
#2060=EDGE_CURVE('',#199,#189,#2063,.T.);
#2061=LINE('',#188,#2064);
#2062=LINE('',#196,#2065);
#2063=LINE('',#198,#2066);
#2064=VECTOR('',#2067,1.0);
#2065=VECTOR('',#2068,1.0);
#2066=VECTOR('',#2069,1.0);
#2067=DIRECTION('',(-0.2072140234224428,-0.04105204588262668,-0.9774339251458045));
#2068=DIRECTION('',(0,0,1));
#2069=DIRECTION('',(0.980934797379759,0.1943371382148333,0));
#2070=FACE_SURFACE('',(#2075),#2071,.T.);
#2071=PLANE('',#2072);
#2072=AXIS2_PLACEMENT_3D('',#200,#2073,#2074);
#2073=DIRECTION('',(0,0,-1));
#2074=DIRECTION('',(-0.01747332103027263,0.9998473298720025,0));
#2075=FACE_BOUND('',#2076,.T.);
#2076=EDGE_LOOP('',(#2077,#2078,#2079));
#2077=ORIENTED_EDGE('',*,*,#2080,.T.);
#2078=ORIENTED_EDGE('',*,*,#2081,.T.);
#2079=ORIENTED_EDGE('',*,*,#2082,.T.);
#2080=EDGE_CURVE('',#201,#45,#2083,.F.);
#2081=EDGE_CURVE('',#45,#203,#2084,.T.);
#2082=EDGE_CURVE('',#203,#201,#2085,.T.);
#2083=LINE('',#200,#2086);
#2084=LINE('',#44,#2087);
#2085=LINE('',#202,#2088);
#2086=VECTOR('',#2089,1.0);
#2087=VECTOR('',#2090,1.0);
#2088=VECTOR('',#2091,1.0);
#2089=DIRECTION('',(-0.01747332103027263,0.9998473298720025,0));
#2090=DIRECTION('',(0.018302121107265215,-0.9998325021537232,0));
#2091=DIRECTION('',(-0.32456013282251134,-0.9458650644686237,0));
#2092=FACE_SURFACE('',(#2097),#2093,.T.);
#2093=PLANE('',#2094);
#2094=AXIS2_PLACEMENT_3D('',#204,#2095,#2096);
#2095=DIRECTION('',(0,0,1));
#2096=DIRECTION('',(-0.9978866747370723,0.06497833779182512,0));
#2097=FACE_BOUND('',#2098,.T.);
#2098=EDGE_LOOP('',(#2099,#2100,#2101));
#2099=ORIENTED_EDGE('',*,*,#2102,.T.);
#2100=ORIENTED_EDGE('',*,*,#2103,.T.);
#2101=ORIENTED_EDGE('',*,*,#2104,.T.);
#2102=EDGE_CURVE('',#205,#207,#2105,.F.);
#2103=EDGE_CURVE('',#207,#181,#2106,.T.);
#2104=EDGE_CURVE('',#181,#205,#2107,.T.);
#2105=LINE('',#204,#2108);
#2106=LINE('',#206,#2109);
#2107=LINE('',#180,#2110);
#2108=VECTOR('',#2111,1.0);
#2109=VECTOR('',#2112,1.0);
#2110=VECTOR('',#2113,1.0);
#2111=DIRECTION('',(-0.9978866747370723,0.06497833779182512,0));
#2112=DIRECTION('',(0.18624487241657084,-0.982503357499879,0));
#2113=DIRECTION('',(-0.17868432759845312,0.9839064544308511,0));
#2114=FACE_SURFACE('',(#2119),#2115,.T.);
#2115=PLANE('',#2116);
#2116=AXIS2_PLACEMENT_3D('',#198,#2117,#2118);
#2117=DIRECTION('',(-0.0649771897843992,0.9978867494900021,0));
#2118=DIRECTION('',(0,0,-1));
#2119=FACE_BOUND('',#2120,.T.);
#2120=EDGE_LOOP('',(#2121,#2122,#2123));
#2121=ORIENTED_EDGE('',*,*,#2124,.T.);
#2122=ORIENTED_EDGE('',*,*,#2125,.T.);
#2123=ORIENTED_EDGE('',*,*,#2126,.T.);
#2124=EDGE_CURVE('',#199,#197,#2127,.F.);
#2125=EDGE_CURVE('',#197,#209,#2128,.T.);
#2126=EDGE_CURVE('',#209,#199,#2129,.T.);
#2127=LINE('',#198,#2130);
#2128=LINE('',#196,#2131);
#2129=LINE('',#208,#2132);
#2130=VECTOR('',#2133,1.0);
#2131=VECTOR('',#2134,1.0);
#2132=VECTOR('',#2135,1.0);
#2133=DIRECTION('',(0,0,-1));
#2134=DIRECTION('',(-0.9978867494900021,-0.0649771897843992,0));
#2135=DIRECTION('',(0.21018073027759007,0.013685874882345473,0.9775667534489314));
#2136=FACE_SURFACE('',(#2141),#2137,.T.);
#2137=PLANE('',#2138);
#2138=AXIS2_PLACEMENT_3D('',#198,#2139,#2140);
#2139=DIRECTION('',(-0.0649771897843992,0.9978867494900021,0));
#2140=DIRECTION('',(-0.21018073027759007,-0.013685874882345473,-0.9775667534489314));
#2141=FACE_BOUND('',#2142,.T.);
#2142=EDGE_LOOP('',(#2143,#2144,#2145));
#2143=ORIENTED_EDGE('',*,*,#2146,.T.);
#2144=ORIENTED_EDGE('',*,*,#2147,.T.);
#2145=ORIENTED_EDGE('',*,*,#2148,.T.);
#2146=EDGE_CURVE('',#199,#209,#2149,.F.);
#2147=EDGE_CURVE('',#209,#211,#2150,.T.);
#2148=EDGE_CURVE('',#211,#199,#2151,.T.);
#2149=LINE('',#198,#2152);
#2150=LINE('',#208,#2153);
#2151=LINE('',#210,#2154);
#2152=VECTOR('',#2155,1.0);
#2153=VECTOR('',#2156,1.0);
#2154=VECTOR('',#2157,1.0);
#2155=DIRECTION('',(-0.21018073027759007,-0.013685874882345473,-0.9775667534489314));
#2156=DIRECTION('',(0,0,1));
#2157=DIRECTION('',(0.9978867494900021,0.0649771897843992,0));
#2158=FACE_SURFACE('',(#2163),#2159,.T.);
#2159=PLANE('',#2160);
#2160=AXIS2_PLACEMENT_3D('',#212,#2161,#2162);
#2161=DIRECTION('',(0.0649783377918251,0.9978866747370723,0));
#2162=DIRECTION('',(0.21017716588961116,-0.013685885609106881,0.9775675196495152));
#2163=FACE_BOUND('',#2164,.T.);
#2164=EDGE_LOOP('',(#2165,#2166,#2167));
#2165=ORIENTED_EDGE('',*,*,#2168,.T.);
#2166=ORIENTED_EDGE('',*,*,#2169,.T.);
#2167=ORIENTED_EDGE('',*,*,#2170,.T.);
#2168=EDGE_CURVE('',#213,#205,#2171,.F.);
#2169=EDGE_CURVE('',#205,#215,#2172,.T.);
#2170=EDGE_CURVE('',#215,#213,#2173,.T.);
#2171=LINE('',#212,#2174);
#2172=LINE('',#204,#2175);
#2173=LINE('',#214,#2176);
#2174=VECTOR('',#2177,1.0);
#2175=VECTOR('',#2178,1.0);
#2176=VECTOR('',#2179,1.0);
#2177=DIRECTION('',(0.21017716588961116,-0.013685885609106881,0.9775675196495152));
#2178=DIRECTION('',(0,0,-1));
#2179=DIRECTION('',(-0.9978866747370723,0.06497833779182512,0));
#2180=FACE_SURFACE('',(#2185),#2181,.T.);
#2181=PLANE('',#2182);
#2182=AXIS2_PLACEMENT_3D('',#216,#2183,#2184);
#2183=DIRECTION('',(0,-0,1));
#2184=DIRECTION('',(0.08519031011146706,0.9963646978205881,0));
#2185=FACE_BOUND('',#2186,.T.);
#2186=EDGE_LOOP('',(#2187,#2188,#2189));
#2187=ORIENTED_EDGE('',*,*,#2190,.T.);
#2188=ORIENTED_EDGE('',*,*,#2191,.T.);
#2189=ORIENTED_EDGE('',*,*,#2192,.T.);
#2190=EDGE_CURVE('',#217,#181,#2193,.F.);
#2191=EDGE_CURVE('',#181,#219,#2194,.T.);
#2192=EDGE_CURVE('',#219,#217,#2195,.T.);
#2193=LINE('',#216,#2196);
#2194=LINE('',#180,#2197);
#2195=LINE('',#218,#2198);
#2196=VECTOR('',#2199,1.0);
#2197=VECTOR('',#2200,1.0);
#2198=VECTOR('',#2201,1.0);
#2199=DIRECTION('',(0.08519031011146706,0.9963646978205881,0));
#2200=DIRECTION('',(-0.08891731279698863,-0.9960390110256538,0));
#2201=DIRECTION('',(0.9978866747370723,0.06497833779182512,0));
#2202=FACE_SURFACE('',(#2207),#2203,.T.);
#2203=PLANE('',#2204);
#2204=AXIS2_PLACEMENT_3D('',#202,#2205,#2206);
#2205=DIRECTION('',(0,0,-1));
#2206=DIRECTION('',(-0.018302121107265215,0.9998325021537232,0));
#2207=FACE_BOUND('',#2208,.T.);
#2208=EDGE_LOOP('',(#2209,#2210,#2211));
#2209=ORIENTED_EDGE('',*,*,#2212,.T.);
#2210=ORIENTED_EDGE('',*,*,#2213,.T.);
#2211=ORIENTED_EDGE('',*,*,#2214,.T.);
#2212=EDGE_CURVE('',#203,#45,#2215,.F.);
#2213=EDGE_CURVE('',#45,#221,#2216,.T.);
#2214=EDGE_CURVE('',#221,#203,#2217,.T.);
#2215=LINE('',#202,#2218);
#2216=LINE('',#44,#2219);
#2217=LINE('',#220,#2220);
#2218=VECTOR('',#2221,1.0);
#2219=VECTOR('',#2222,1.0);
#2220=VECTOR('',#2223,1.0);
#2221=DIRECTION('',(-0.018302121107265215,0.9998325021537232,0));
#2222=DIRECTION('',(0.01941480111267318,-0.9998115149855773,0));
#2223=DIRECTION('',(-0.4397926723803461,-0.8980993293175057,0));
#2224=FACE_SURFACE('',(#2229),#2225,.T.);
#2225=PLANE('',#2226);
#2226=AXIS2_PLACEMENT_3D('',#222,#2227,#2228);
#2227=DIRECTION('',(-0.9809347973797589,-0.19433713821483328,-0));
#2228=DIRECTION('',(-0.04105204588262668,0.2072140234224428,-0.9774339251458045));
#2229=FACE_BOUND('',#2230,.T.);
#2230=EDGE_LOOP('',(#2231,#2232,#2233));
#2231=ORIENTED_EDGE('',*,*,#2234,.T.);
#2232=ORIENTED_EDGE('',*,*,#2235,.T.);
#2233=ORIENTED_EDGE('',*,*,#2236,.T.);
#2234=EDGE_CURVE('',#223,#225,#2237,.F.);
#2235=EDGE_CURVE('',#225,#227,#2238,.T.);
#2236=EDGE_CURVE('',#227,#223,#2239,.T.);
#2237=LINE('',#222,#2240);
#2238=LINE('',#224,#2241);
#2239=LINE('',#226,#2242);
#2240=VECTOR('',#2243,1.0);
#2241=VECTOR('',#2244,1.0);
#2242=VECTOR('',#2245,1.0);
#2243=DIRECTION('',(-0.04105204588262668,0.2072140234224428,-0.9774339251458045));
#2244=DIRECTION('',(0.1943371382148333,-0.980934797379759,0));
#2245=DIRECTION('',(0,0,1));
#2246=FACE_SURFACE('',(#2251),#2247,.T.);
#2247=PLANE('',#2248);
#2248=AXIS2_PLACEMENT_3D('',#206,#2249,#2250);
#2249=DIRECTION('',(0,0,1));
#2250=DIRECTION('',(-0.9809351306867745,0.19433545580907408,0));
#2251=FACE_BOUND('',#2252,.T.);
#2252=EDGE_LOOP('',(#2253,#2254,#2255));
#2253=ORIENTED_EDGE('',*,*,#2256,.T.);
#2254=ORIENTED_EDGE('',*,*,#2257,.T.);
#2255=ORIENTED_EDGE('',*,*,#2258,.T.);
#2256=EDGE_CURVE('',#207,#229,#2259,.F.);
#2257=EDGE_CURVE('',#229,#181,#2260,.T.);
#2258=EDGE_CURVE('',#181,#207,#2261,.T.);
#2259=LINE('',#206,#2262);
#2260=LINE('',#228,#2263);
#2261=LINE('',#180,#2264);
#2262=VECTOR('',#2265,1.0);
#2263=VECTOR('',#2266,1.0);
#2264=VECTOR('',#2267,1.0);
#2265=DIRECTION('',(-0.9809351306867745,0.19433545580907408,0));
#2266=DIRECTION('',(0.19346348435382474,-0.9811074763865972,0));
#2267=DIRECTION('',(-0.18624487241657084,0.982503357499879,0));
#2268=FACE_SURFACE('',(#2273),#2269,.T.);
#2269=PLANE('',#2270);
#2270=AXIS2_PLACEMENT_3D('',#222,#2271,#2272);
#2271=DIRECTION('',(-0.9979061990885053,-0.06467780006101324,-0));
#2272=DIRECTION('',(0,0,-1));
#2273=FACE_BOUND('',#2274,.T.);
#2274=EDGE_LOOP('',(#2275,#2276,#2277));
#2275=ORIENTED_EDGE('',*,*,#2278,.T.);
#2276=ORIENTED_EDGE('',*,*,#2279,.T.);
#2277=ORIENTED_EDGE('',*,*,#2280,.T.);
#2278=EDGE_CURVE('',#223,#227,#2281,.F.);
#2279=EDGE_CURVE('',#227,#231,#2282,.T.);
#2280=EDGE_CURVE('',#231,#223,#2283,.T.);
#2281=LINE('',#222,#2284);
#2282=LINE('',#226,#2285);
#2283=LINE('',#230,#2286);
#2284=VECTOR('',#2287,1.0);
#2285=VECTOR('',#2288,1.0);
#2286=VECTOR('',#2289,1.0);
#2287=DIRECTION('',(0,0,-1));
#2288=DIRECTION('',(0.06467780006101326,-0.9979061990885053,0));
#2289=DIRECTION('',(-0.013683058786474508,0.2111143108243413,0.9773656028669154));
#2290=FACE_SURFACE('',(#2295),#2291,.T.);
#2291=PLANE('',#2292);
#2292=AXIS2_PLACEMENT_3D('',#222,#2293,#2294);
#2293=DIRECTION('',(-0.9979061990885053,-0.06467780006101324,0));
#2294=DIRECTION('',(0.013683058786474508,-0.2111143108243413,-0.9773656028669154));
#2295=FACE_BOUND('',#2296,.T.);
#2296=EDGE_LOOP('',(#2297,#2298,#2299));
#2297=ORIENTED_EDGE('',*,*,#2300,.T.);
#2298=ORIENTED_EDGE('',*,*,#2301,.T.);
#2299=ORIENTED_EDGE('',*,*,#2302,.T.);
#2300=EDGE_CURVE('',#223,#231,#2303,.F.);
#2301=EDGE_CURVE('',#231,#233,#2304,.T.);
#2302=EDGE_CURVE('',#233,#223,#2305,.T.);
#2303=LINE('',#222,#2306);
#2304=LINE('',#230,#2307);
#2305=LINE('',#232,#2308);
#2306=VECTOR('',#2309,1.0);
#2307=VECTOR('',#2310,1.0);
#2308=VECTOR('',#2311,1.0);
#2309=DIRECTION('',(0.013683058786474508,-0.2111143108243413,-0.9773656028669154));
#2310=DIRECTION('',(0,0,1));
#2311=DIRECTION('',(-0.06467780006101326,0.9979061990885053,0));
#2312=FACE_SURFACE('',(#2317),#2313,.T.);
#2313=PLANE('',#2314);
#2314=AXIS2_PLACEMENT_3D('',#142,#2315,#2316);
#2315=DIRECTION('',(0,0,-1));
#2316=DIRECTION('',(-0.10678472263893181,-0.9942821646851191,0));
#2317=FACE_BOUND('',#2318,.T.);
#2318=EDGE_LOOP('',(#2319,#2320,#2321));
#2319=ORIENTED_EDGE('',*,*,#2322,.T.);
#2320=ORIENTED_EDGE('',*,*,#2323,.T.);
#2321=ORIENTED_EDGE('',*,*,#2324,.T.);
#2322=EDGE_CURVE('',#143,#235,#2325,.F.);
#2323=EDGE_CURVE('',#235,#221,#2326,.T.);
#2324=EDGE_CURVE('',#221,#143,#2327,.T.);
#2325=LINE('',#142,#2328);
#2326=LINE('',#234,#2329);
#2327=LINE('',#220,#2330);
#2328=VECTOR('',#2331,1.0);
#2329=VECTOR('',#2332,1.0);
#2330=VECTOR('',#2333,1.0);
#2331=DIRECTION('',(-0.10678472263893181,-0.9942821646851191,0));
#2332=DIRECTION('',(-0.554699178911613,-0.8320509725460227,0));
#2333=DIRECTION('',(0.10850432205189453,0.994095977306044,0));
#2334=FACE_SURFACE('',(#2339),#2335,.T.);
#2335=PLANE('',#2336);
#2336=AXIS2_PLACEMENT_3D('',#236,#2337,#2338);
#2337=DIRECTION('',(-0.9979060516358617,0.06468007505039759,0));
#2338=DIRECTION('',(0,0,1));
#2339=FACE_BOUND('',#2340,.T.);
#2340=EDGE_LOOP('',(#2341,#2342,#2343));
#2341=ORIENTED_EDGE('',*,*,#2344,.T.);
#2342=ORIENTED_EDGE('',*,*,#2345,.T.);
#2343=ORIENTED_EDGE('',*,*,#2346,.T.);
#2344=EDGE_CURVE('',#237,#239,#2347,.F.);
#2345=EDGE_CURVE('',#239,#233,#2348,.T.);
#2346=EDGE_CURVE('',#233,#237,#2349,.T.);
#2347=LINE('',#236,#2350);
#2348=LINE('',#238,#2351);
#2349=LINE('',#232,#2352);
#2350=VECTOR('',#2353,1.0);
#2351=VECTOR('',#2354,1.0);
#2352=VECTOR('',#2355,1.0);
#2353=DIRECTION('',(0,0,1));
#2354=DIRECTION('',(0.06468007505039758,0.9979060516358615,0));
#2355=DIRECTION('',(-0.01368308032625864,-0.2111071864396231,-0.9773671414296325));
#2356=FACE_SURFACE('',(#2361),#2357,.T.);
#2357=PLANE('',#2358);
#2358=AXIS2_PLACEMENT_3D('',#236,#2359,#2360);
#2359=DIRECTION('',(-0.9979060516358617,0.06468007505039759,0));
#2360=DIRECTION('',(0.01368308032625864,0.2111071864396231,0.9773671414296325));
#2361=FACE_BOUND('',#2362,.T.);
#2362=EDGE_LOOP('',(#2363,#2364,#2365));
#2363=ORIENTED_EDGE('',*,*,#2366,.T.);
#2364=ORIENTED_EDGE('',*,*,#2367,.T.);
#2365=ORIENTED_EDGE('',*,*,#2368,.T.);
#2366=EDGE_CURVE('',#237,#233,#2369,.F.);
#2367=EDGE_CURVE('',#233,#231,#2370,.T.);
#2368=EDGE_CURVE('',#231,#237,#2371,.T.);
#2369=LINE('',#236,#2372);
#2370=LINE('',#232,#2373);
#2371=LINE('',#230,#2374);
#2372=VECTOR('',#2375,1.0);
#2373=VECTOR('',#2376,1.0);
#2374=VECTOR('',#2377,1.0);
#2375=DIRECTION('',(0.01368308032625864,0.2111071864396231,0.9773671414296325));
#2376=DIRECTION('',(0,0,-1));
#2377=DIRECTION('',(-0.06468007505039758,-0.9979060516358615,0));
#2378=FACE_SURFACE('',(#2383),#2379,.T.);
#2379=PLANE('',#2380);
#2380=AXIS2_PLACEMENT_3D('',#240,#2381,#2382);
#2381=DIRECTION('',(0,0,1));
#2382=DIRECTION('',(-0.560955172288425,-0.8278461781532023,0));
#2383=FACE_BOUND('',#2384,.T.);
#2384=EDGE_LOOP('',(#2385,#2386,#2387));
#2385=ORIENTED_EDGE('',*,*,#2388,.T.);
#2386=ORIENTED_EDGE('',*,*,#2389,.T.);
#2387=ORIENTED_EDGE('',*,*,#2390,.T.);
#2388=EDGE_CURVE('',#241,#71,#2391,.F.);
#2389=EDGE_CURVE('',#71,#243,#2392,.T.);
#2390=EDGE_CURVE('',#243,#241,#2393,.T.);
#2391=LINE('',#240,#2394);
#2392=LINE('',#70,#2395);
#2393=LINE('',#242,#2396);
#2394=VECTOR('',#2397,1.0);
#2395=VECTOR('',#2398,1.0);
#2396=VECTOR('',#2399,1.0);
#2397=DIRECTION('',(-0.560955172288425,-0.8278461781532023,0));
#2398=DIRECTION('',(0.6723461340890817,0.7402369053049616,0));
#2399=DIRECTION('',(-0.896268269335095,0.443512332842136,0));
#2400=FACE_SURFACE('',(#2405),#2401,.T.);
#2401=PLANE('',#2402);
#2402=AXIS2_PLACEMENT_3D('',#244,#2403,#2404);
#2403=DIRECTION('',(-0.9809361305558842,0.1943304087631403,0));
#2404=DIRECTION('',(0,0,1));
#2405=FACE_BOUND('',#2406,.T.);
#2406=EDGE_LOOP('',(#2407,#2408,#2409));
#2407=ORIENTED_EDGE('',*,*,#2410,.T.);
#2408=ORIENTED_EDGE('',*,*,#2411,.T.);
#2409=ORIENTED_EDGE('',*,*,#2412,.T.);
#2410=EDGE_CURVE('',#245,#247,#2413,.F.);
#2411=EDGE_CURVE('',#247,#239,#2414,.T.);
#2412=EDGE_CURVE('',#239,#245,#2415,.T.);
#2413=LINE('',#244,#2416);
#2414=LINE('',#246,#2417);
#2415=LINE('',#238,#2418);
#2416=VECTOR('',#2419,1.0);
#2417=VECTOR('',#2420,1.0);
#2418=VECTOR('',#2421,1.0);
#2419=DIRECTION('',(0,0,1));
#2420=DIRECTION('',(0.1943304087631403,0.9809361305558842,0));
#2421=DIRECTION('',(-0.04105198244626898,-0.20722116043904132,-0.9774324147497506));
#2422=FACE_SURFACE('',(#2427),#2423,.T.);
#2423=PLANE('',#2424);
#2424=AXIS2_PLACEMENT_3D('',#244,#2425,#2426);
#2425=DIRECTION('',(-0.9809361305558842,0.1943304087631403,0));
#2426=DIRECTION('',(0.04105198244626898,0.20722116043904132,0.9774324147497506));
#2427=FACE_BOUND('',#2428,.T.);
#2428=EDGE_LOOP('',(#2429,#2430,#2431));
#2429=ORIENTED_EDGE('',*,*,#2432,.T.);
#2430=ORIENTED_EDGE('',*,*,#2433,.T.);
#2431=ORIENTED_EDGE('',*,*,#2434,.T.);
#2432=EDGE_CURVE('',#245,#239,#2435,.F.);
#2433=EDGE_CURVE('',#239,#237,#2436,.T.);
#2434=EDGE_CURVE('',#237,#245,#2437,.T.);
#2435=LINE('',#244,#2438);
#2436=LINE('',#238,#2439);
#2437=LINE('',#236,#2440);
#2438=VECTOR('',#2441,1.0);
#2439=VECTOR('',#2442,1.0);
#2440=VECTOR('',#2443,1.0);
#2441=DIRECTION('',(0.04105198244626898,0.20722116043904132,0.9774324147497506));
#2442=DIRECTION('',(0,0,-1));
#2443=DIRECTION('',(-0.1943304087631403,-0.9809361305558842,0));
#2444=FACE_SURFACE('',(#2449),#2445,.T.);
#2445=PLANE('',#2446);
#2446=AXIS2_PLACEMENT_3D('',#248,#2447,#2448);
#2447=DIRECTION('',(0.44351587208692467,0.8962665179548852,-0));
#2448=DIRECTION('',(0,0,1));
#2449=FACE_BOUND('',#2450,.T.);
#2450=EDGE_LOOP('',(#2451,#2452,#2453));
#2451=ORIENTED_EDGE('',*,*,#2454,.T.);
#2452=ORIENTED_EDGE('',*,*,#2455,.T.);
#2453=ORIENTED_EDGE('',*,*,#2456,.T.);
#2454=EDGE_CURVE('',#249,#251,#2457,.F.);
#2455=EDGE_CURVE('',#251,#253,#2458,.T.);
#2456=EDGE_CURVE('',#253,#249,#2459,.T.);
#2457=LINE('',#248,#2460);
#2458=LINE('',#250,#2461);
#2459=LINE('',#252,#2462);
#2460=VECTOR('',#2463,1.0);
#2461=VECTOR('',#2464,1.0);
#2462=VECTOR('',#2465,1.0);
#2463=DIRECTION('',(0,0,1));
#2464=DIRECTION('',(0.1896092788843222,-0.09382781013848616,-0.9773661869563443));
#2465=DIRECTION('',(-0.8962665179548853,0.4435158720869247,0));
#2466=FACE_SURFACE('',(#2471),#2467,.T.);
#2467=PLANE('',#2468);
#2468=AXIS2_PLACEMENT_3D('',#254,#2469,#2470);
#2469=DIRECTION('',(0,0,1));
#2470=DIRECTION('',(-0.5731157235206228,0.8194744458818916,0));
#2471=FACE_BOUND('',#2472,.T.);
#2472=EDGE_LOOP('',(#2473,#2474,#2475));
#2473=ORIENTED_EDGE('',*,*,#2476,.T.);
#2474=ORIENTED_EDGE('',*,*,#2477,.T.);
#2475=ORIENTED_EDGE('',*,*,#2478,.T.);
#2476=EDGE_CURVE('',#255,#43,#2479,.F.);
#2477=EDGE_CURVE('',#43,#257,#2480,.T.);
#2478=EDGE_CURVE('',#257,#255,#2481,.T.);
#2479=LINE('',#254,#2482);
#2480=LINE('',#42,#2483);
#2481=LINE('',#256,#2484);
#2482=VECTOR('',#2485,1.0);
#2483=VECTOR('',#2486,1.0);
#2484=VECTOR('',#2487,1.0);
#2485=DIRECTION('',(-0.5731157235206228,0.8194744458818916,0));
#2486=DIRECTION('',(0.5276756475757105,-0.8494459435158629,0));
#2487=DIRECTION('',(0.19434138429525746,0.9809339561612714,0));
#2488=FACE_SURFACE('',(#2493),#2489,.T.);
#2489=PLANE('',#2490);
#2490=AXIS2_PLACEMENT_3D('',#72,#2491,#2492);
#2491=DIRECTION('',(0,0,1));
#2492=DIRECTION('',(-0.43507051961464144,-0.9003963810246274,0));
#2493=FACE_BOUND('',#2494,.T.);
#2494=EDGE_LOOP('',(#2495,#2496,#2497));
#2495=ORIENTED_EDGE('',*,*,#2498,.T.);
#2496=ORIENTED_EDGE('',*,*,#2499,.T.);
#2497=ORIENTED_EDGE('',*,*,#2500,.T.);
#2498=EDGE_CURVE('',#73,#71,#2501,.F.);
#2499=EDGE_CURVE('',#71,#241,#2502,.T.);
#2500=EDGE_CURVE('',#241,#73,#2503,.T.);
#2501=LINE('',#72,#2504);
#2502=LINE('',#70,#2505);
#2503=LINE('',#240,#2506);
#2504=VECTOR('',#2507,1.0);
#2505=VECTOR('',#2508,1.0);
#2506=VECTOR('',#2509,1.0);
#2507=DIRECTION('',(-0.43507051961464144,-0.9003963810246274,0));
#2508=DIRECTION('',(0.560955172288425,0.8278461781532023,0));
#2509=DIRECTION('',(-0.8306212180617042,0.5568378508198693,0));
#2510=FACE_SURFACE('',(#2515),#2511,.T.);
#2511=PLANE('',#2512);
#2512=AXIS2_PLACEMENT_3D('',#258,#2513,#2514);
#2513=DIRECTION('',(0,0,1));
#2514=DIRECTION('',(-0.9477515347235277,0.3190094488086488,0));
#2515=FACE_BOUND('',#2516,.T.);
#2516=EDGE_LOOP('',(#2517,#2518,#2519));
#2517=ORIENTED_EDGE('',*,*,#2520,.T.);
#2518=ORIENTED_EDGE('',*,*,#2521,.T.);
#2519=ORIENTED_EDGE('',*,*,#2522,.T.);
#2520=EDGE_CURVE('',#259,#243,#2523,.F.);
#2521=EDGE_CURVE('',#243,#71,#2524,.T.);
#2522=EDGE_CURVE('',#71,#259,#2525,.T.);
#2523=LINE('',#258,#2526);
#2524=LINE('',#242,#2527);
#2525=LINE('',#70,#2528);
#2526=VECTOR('',#2529,1.0);
#2527=VECTOR('',#2530,1.0);
#2528=VECTOR('',#2531,1.0);
#2529=DIRECTION('',(-0.9477515347235277,0.3190094488086488,0));
#2530=DIRECTION('',(-0.6723461340890817,-0.7402369053049616,0));
#2531=DIRECTION('',(0.7580318466867423,0.6522175399425311,0));
#2532=FACE_SURFACE('',(#2537),#2533,.T.);
#2533=PLANE('',#2534);
#2534=AXIS2_PLACEMENT_3D('',#260,#2535,#2536);
#2535=DIRECTION('',(0,0,-1));
#2536=DIRECTION('',(0.6617744529869125,0.7497029901059971,0));
#2537=FACE_BOUND('',#2538,.T.);
#2538=EDGE_LOOP('',(#2539,#2540,#2541));
#2539=ORIENTED_EDGE('',*,*,#2542,.T.);
#2540=ORIENTED_EDGE('',*,*,#2543,.T.);
#2541=ORIENTED_EDGE('',*,*,#2544,.T.);
#2542=EDGE_CURVE('',#261,#263,#2545,.F.);
#2543=EDGE_CURVE('',#263,#265,#2546,.T.);
#2544=EDGE_CURVE('',#265,#261,#2547,.T.);
#2545=LINE('',#260,#2548);
#2546=LINE('',#262,#2549);
#2547=LINE('',#264,#2550);
#2548=VECTOR('',#2551,1.0);
#2549=VECTOR('',#2552,1.0);
#2550=VECTOR('',#2553,1.0);
#2551=DIRECTION('',(0.6617744529869125,0.7497029901059971,0));
#2552=DIRECTION('',(0.9996456227720699,-0.02662008400889495,0));
#2553=DIRECTION('',(-0.9997133227101809,0.02394310747939355,0));
#2554=FACE_SURFACE('',(#2559),#2555,.T.);
#2555=PLANE('',#2556);
#2556=AXIS2_PLACEMENT_3D('',#266,#2557,#2558);
#2557=DIRECTION('',(-0.9458625025393723,0.32456759895275417,0));
#2558=DIRECTION('',(0,0,1));
#2559=FACE_BOUND('',#2560,.T.);
#2560=EDGE_LOOP('',(#2561,#2562,#2563));
#2561=ORIENTED_EDGE('',*,*,#2564,.T.);
#2562=ORIENTED_EDGE('',*,*,#2565,.T.);
#2563=ORIENTED_EDGE('',*,*,#2566,.T.);
#2564=EDGE_CURVE('',#267,#269,#2567,.F.);
#2565=EDGE_CURVE('',#269,#247,#2568,.T.);
#2566=EDGE_CURVE('',#247,#267,#2569,.T.);
#2567=LINE('',#266,#2570);
#2568=LINE('',#268,#2571);
#2569=LINE('',#246,#2572);
#2570=VECTOR('',#2573,1.0);
#2571=VECTOR('',#2574,1.0);
#2572=VECTOR('',#2575,1.0);
#2573=DIRECTION('',(0,0,1));
#2574=DIRECTION('',(0.32456759895275417,0.9458625025393723,0));
#2575=DIRECTION('',(-0.06842639555183722,-0.19940980536948485,-0.977524198122117));
#2576=FACE_SURFACE('',(#2581),#2577,.T.);
#2577=PLANE('',#2578);
#2578=AXIS2_PLACEMENT_3D('',#266,#2579,#2580);
#2579=DIRECTION('',(-0.9458625025393723,0.32456759895275417,0));
#2580=DIRECTION('',(0.06842639555183722,0.19940980536948485,0.977524198122117));
#2581=FACE_BOUND('',#2582,.T.);
#2582=EDGE_LOOP('',(#2583,#2584,#2585));
#2583=ORIENTED_EDGE('',*,*,#2586,.T.);
#2584=ORIENTED_EDGE('',*,*,#2587,.T.);
#2585=ORIENTED_EDGE('',*,*,#2588,.T.);
#2586=EDGE_CURVE('',#267,#247,#2589,.F.);
#2587=EDGE_CURVE('',#247,#245,#2590,.T.);
#2588=EDGE_CURVE('',#245,#267,#2591,.T.);
#2589=LINE('',#266,#2592);
#2590=LINE('',#246,#2593);
#2591=LINE('',#244,#2594);
#2592=VECTOR('',#2595,1.0);
#2593=VECTOR('',#2596,1.0);
#2594=VECTOR('',#2597,1.0);
#2595=DIRECTION('',(0.06842639555183722,0.19940980536948485,0.977524198122117));
#2596=DIRECTION('',(0,0,-1));
#2597=DIRECTION('',(-0.32456759895275417,-0.9458625025393723,0));
#2598=FACE_SURFACE('',(#2603),#2599,.T.);
#2599=PLANE('',#2600);
#2600=AXIS2_PLACEMENT_3D('',#270,#2601,#2602);
#2601=DIRECTION('',(0.5568490571226201,0.8306137053899658,0));
#2602=DIRECTION('',(0.174982770063235,-0.11730963490022103,0.977557916310115));
#2603=FACE_BOUND('',#2604,.T.);
#2604=EDGE_LOOP('',(#2605,#2606,#2607));
#2605=ORIENTED_EDGE('',*,*,#2608,.T.);
#2606=ORIENTED_EDGE('',*,*,#2609,.T.);
#2607=ORIENTED_EDGE('',*,*,#2610,.T.);
#2608=EDGE_CURVE('',#271,#251,#2611,.F.);
#2609=EDGE_CURVE('',#251,#249,#2612,.T.);
#2610=EDGE_CURVE('',#249,#271,#2613,.T.);
#2611=LINE('',#270,#2614);
#2612=LINE('',#250,#2615);
#2613=LINE('',#248,#2616);
#2614=VECTOR('',#2617,1.0);
#2615=VECTOR('',#2618,1.0);
#2616=VECTOR('',#2619,1.0);
#2617=DIRECTION('',(0.174982770063235,-0.11730963490022103,0.977557916310115));
#2618=DIRECTION('',(0,0,-1));
#2619=DIRECTION('',(-0.8306137053899658,0.5568490571226201,0));
#2620=FACE_SURFACE('',(#2625),#2621,.T.);
#2621=PLANE('',#2622);
#2622=AXIS2_PLACEMENT_3D('',#272,#2623,#2624);
#2623=DIRECTION('',(0,-0,-1));
#2624=DIRECTION('',(0.9809361305558842,-0.1943304087631403,0));
#2625=FACE_BOUND('',#2626,.T.);
#2626=EDGE_LOOP('',(#2627,#2628,#2629));
#2627=ORIENTED_EDGE('',*,*,#2630,.T.);
#2628=ORIENTED_EDGE('',*,*,#2631,.T.);
#2629=ORIENTED_EDGE('',*,*,#2632,.T.);
#2630=EDGE_CURVE('',#273,#275,#2633,.F.);
#2631=EDGE_CURVE('',#275,#175,#2634,.T.);
#2632=EDGE_CURVE('',#175,#273,#2635,.T.);
#2633=LINE('',#272,#2636);
#2634=LINE('',#274,#2637);
#2635=LINE('',#174,#2638);
#2636=VECTOR('',#2639,1.0);
#2637=VECTOR('',#2640,1.0);
#2638=VECTOR('',#2641,1.0);
#2639=DIRECTION('',(0.9809361305558842,-0.1943304087631403,0));
#2640=DIRECTION('',(-0.17087424660320694,-0.9852928457305403,0));
#2641=DIRECTION('',(0.16301719381874455,0.9866232282484848,0));
#2642=FACE_SURFACE('',(#2647),#2643,.T.);
#2643=PLANE('',#2644);
#2644=AXIS2_PLACEMENT_3D('',#276,#2645,#2646);
#2645=DIRECTION('',(-0,0,-1));
#2646=DIRECTION('',(-0.9477522012540027,-0.319007468593123,0));
#2647=FACE_BOUND('',#2648,.T.);
#2648=EDGE_LOOP('',(#2649,#2650,#2651));
#2649=ORIENTED_EDGE('',*,*,#2652,.T.);
#2650=ORIENTED_EDGE('',*,*,#2653,.T.);
#2651=ORIENTED_EDGE('',*,*,#2654,.T.);
#2652=EDGE_CURVE('',#277,#107,#2655,.F.);
#2653=EDGE_CURVE('',#107,#85,#2656,.T.);
#2654=EDGE_CURVE('',#85,#277,#2657,.T.);
#2655=LINE('',#276,#2658);
#2656=LINE('',#106,#2659);
#2657=LINE('',#84,#2660);
#2658=VECTOR('',#2661,1.0);
#2659=VECTOR('',#2662,1.0);
#2660=VECTOR('',#2663,1.0);
#2661=DIRECTION('',(-0.9477522012540027,-0.319007468593123,0));
#2662=DIRECTION('',(-0.7408861410375144,0.671630647021516,0));
#2663=DIRECTION('',(0.7623645822776081,-0.6471477757735772,0));
#2664=FACE_SURFACE('',(#2669),#2665,.T.);
#2665=PLANE('',#2666);
#2666=AXIS2_PLACEMENT_3D('',#278,#2667,#2668);
#2667=DIRECTION('',(0,0,1));
#2668=DIRECTION('',(-0.7455280386369978,0.6664742632735876,0));
#2669=FACE_BOUND('',#2670,.T.);
#2670=EDGE_LOOP('',(#2671,#2672,#2673));
#2671=ORIENTED_EDGE('',*,*,#2674,.T.);
#2672=ORIENTED_EDGE('',*,*,#2675,.T.);
#2673=ORIENTED_EDGE('',*,*,#2676,.T.);
#2674=EDGE_CURVE('',#279,#43,#2677,.F.);
#2675=EDGE_CURVE('',#43,#281,#2678,.T.);
#2676=EDGE_CURVE('',#281,#279,#2679,.T.);
#2677=LINE('',#278,#2680);
#2678=LINE('',#42,#2681);
#2679=LINE('',#280,#2682);
#2680=VECTOR('',#2683,1.0);
#2681=VECTOR('',#2684,1.0);
#2682=VECTOR('',#2685,1.0);
#2683=DIRECTION('',(-0.7455280386369978,0.6664742632735876,0));
#2684=DIRECTION('',(0.6858503830759556,-0.7277425726412912,0));
#2685=DIRECTION('',(0.554699178911613,0.8320509725460227,0));
#2686=FACE_SURFACE('',(#2691),#2687,.T.);
#2687=PLANE('',#2688);
#2688=AXIS2_PLACEMENT_3D('',#280,#2689,#2690);
#2689=DIRECTION('',(0,0,1));
#2690=DIRECTION('',(-0.6858503830759556,0.7277425726412912,0));
#2691=FACE_BOUND('',#2692,.T.);
#2692=EDGE_LOOP('',(#2693,#2694,#2695));
#2693=ORIENTED_EDGE('',*,*,#2696,.T.);
#2694=ORIENTED_EDGE('',*,*,#2697,.T.);
#2695=ORIENTED_EDGE('',*,*,#2698,.T.);
#2696=EDGE_CURVE('',#281,#43,#2699,.F.);
#2697=EDGE_CURVE('',#43,#283,#2700,.T.);
#2698=EDGE_CURVE('',#283,#281,#2701,.T.);
#2699=LINE('',#280,#2702);
#2700=LINE('',#42,#2703);
#2701=LINE('',#282,#2704);
#2702=VECTOR('',#2705,1.0);
#2703=VECTOR('',#2706,1.0);
#2704=VECTOR('',#2707,1.0);
#2705=DIRECTION('',(-0.6858503830759556,0.7277425726412912,0));
#2706=DIRECTION('',(0.6269525929903499,-0.7790574087592496,0));
#2707=DIRECTION('',(0.4397918004840003,0.898099756278244,0));
#2708=FACE_SURFACE('',(#2713),#2709,.T.);
#2709=PLANE('',#2710);
#2710=AXIS2_PLACEMENT_3D('',#284,#2711,#2712);
#2711=DIRECTION('',(0,0,-1));
#2712=DIRECTION('',(0.8306198458917827,0.5568398976462725,0));
#2713=FACE_BOUND('',#2714,.T.);
#2714=EDGE_LOOP('',(#2715,#2716,#2717));
#2715=ORIENTED_EDGE('',*,*,#2718,.T.);
#2716=ORIENTED_EDGE('',*,*,#2719,.T.);
#2717=ORIENTED_EDGE('',*,*,#2720,.T.);
#2718=EDGE_CURVE('',#285,#287,#2721,.F.);
#2719=EDGE_CURVE('',#287,#265,#2722,.T.);
#2720=EDGE_CURVE('',#265,#285,#2723,.T.);
#2721=LINE('',#284,#2724);
#2722=LINE('',#286,#2725);
#2723=LINE('',#264,#2726);
#2724=VECTOR('',#2727,1.0);
#2725=VECTOR('',#2728,1.0);
#2726=VECTOR('',#2729,1.0);
#2727=DIRECTION('',(0.8306198458917827,0.5568398976462725,0));
#2728=DIRECTION('',(0.9997671867211537,-0.021577125750889093,0));
#2729=DIRECTION('',(-0.9998081426843799,0.01958769567893719,0));
#2730=FACE_SURFACE('',(#2735),#2731,.T.);
#2731=PLANE('',#2732);
#2732=AXIS2_PLACEMENT_3D('',#286,#2733,#2734);
#2733=DIRECTION('',(0,0,-1));
#2734=DIRECTION('',(0.751719751205996,0.6594826879052971,0));
#2735=FACE_BOUND('',#2736,.T.);
#2736=EDGE_LOOP('',(#2737,#2738,#2739));
#2737=ORIENTED_EDGE('',*,*,#2740,.T.);
#2738=ORIENTED_EDGE('',*,*,#2741,.T.);
#2739=ORIENTED_EDGE('',*,*,#2742,.T.);
#2740=EDGE_CURVE('',#287,#261,#2743,.F.);
#2741=EDGE_CURVE('',#261,#265,#2744,.T.);
#2742=EDGE_CURVE('',#265,#287,#2745,.T.);
#2743=LINE('',#286,#2746);
#2744=LINE('',#260,#2747);
#2745=LINE('',#264,#2748);
#2746=VECTOR('',#2749,1.0);
#2747=VECTOR('',#2750,1.0);
#2748=VECTOR('',#2751,1.0);
#2749=DIRECTION('',(0.751719751205996,0.6594826879052971,0));
#2750=DIRECTION('',(0.9997133227101809,-0.02394310747939355,0));
#2751=DIRECTION('',(-0.9997671867211537,0.021577125750889093,0));
#2752=FACE_SURFACE('',(#2757),#2753,.T.);
#2753=PLANE('',#2754);
#2754=AXIS2_PLACEMENT_3D('',#276,#2755,#2756);
#2755=DIRECTION('',(0,0,-1));
#2756=DIRECTION('',(-0.7623645822776081,0.6471477757735772,0));
#2757=FACE_BOUND('',#2758,.T.);
#2758=EDGE_LOOP('',(#2759,#2760,#2761));
#2759=ORIENTED_EDGE('',*,*,#2762,.T.);
#2760=ORIENTED_EDGE('',*,*,#2763,.T.);
#2761=ORIENTED_EDGE('',*,*,#2764,.T.);
#2762=EDGE_CURVE('',#277,#85,#2765,.F.);
#2763=EDGE_CURVE('',#85,#289,#2766,.T.);
#2764=EDGE_CURVE('',#289,#277,#2767,.T.);
#2765=LINE('',#276,#2768);
#2766=LINE('',#84,#2769);
#2767=LINE('',#288,#2770);
#2768=VECTOR('',#2771,1.0);
#2769=VECTOR('',#2772,1.0);
#2770=VECTOR('',#2773,1.0);
#2771=DIRECTION('',(-0.7623645822776081,0.6471477757735772,0));
#2772=DIRECTION('',(0.78050727874763,-0.6251466930424964,0));
#2773=DIRECTION('',(-0.9809357099773147,-0.19433253173697249,0));
#2774=FACE_SURFACE('',(#2779),#2775,.T.);
#2775=PLANE('',#2776);
#2776=AXIS2_PLACEMENT_3D('',#290,#2777,#2778);
#2777=DIRECTION('',(0,0,1));
#2778=DIRECTION('',(-0.8008714254912406,0.5988363381021798,0));
#2779=FACE_BOUND('',#2780,.T.);
#2780=EDGE_LOOP('',(#2781,#2782,#2783));
#2781=ORIENTED_EDGE('',*,*,#2784,.T.);
#2782=ORIENTED_EDGE('',*,*,#2785,.T.);
#2783=ORIENTED_EDGE('',*,*,#2786,.T.);
#2784=EDGE_CURVE('',#291,#43,#2787,.F.);
#2785=EDGE_CURVE('',#43,#279,#2788,.T.);
#2786=EDGE_CURVE('',#279,#291,#2789,.T.);
#2787=LINE('',#290,#2790);
#2788=LINE('',#42,#2791);
#2789=LINE('',#278,#2792);
#2790=VECTOR('',#2793,1.0);
#2791=VECTOR('',#2794,1.0);
#2792=VECTOR('',#2795,1.0);
#2793=DIRECTION('',(-0.8008714254912406,0.5988363381021798,0));
#2794=DIRECTION('',(0.7455280386369978,-0.6664742632735876,0));
#2795=DIRECTION('',(0.6617854013387003,0.7496933256838928,0));
#2796=FACE_SURFACE('',(#2801),#2797,.T.);
#2797=PLANE('',#2798);
#2798=AXIS2_PLACEMENT_3D('',#292,#2799,#2800);
#2799=DIRECTION('',(-0,0,1));
#2800=DIRECTION('',(0.9132269727917329,-0.4074512193694447,0));
#2801=FACE_BOUND('',#2802,.T.);
#2802=EDGE_LOOP('',(#2803,#2804,#2805));
#2803=ORIENTED_EDGE('',*,*,#2806,.T.);
#2804=ORIENTED_EDGE('',*,*,#2807,.T.);
#2805=ORIENTED_EDGE('',*,*,#2808,.T.);
#2806=EDGE_CURVE('',#293,#35,#2809,.F.);
#2807=EDGE_CURVE('',#35,#295,#2810,.T.);
#2808=EDGE_CURVE('',#295,#293,#2811,.T.);
#2809=LINE('',#292,#2812);
#2810=LINE('',#34,#2813);
#2811=LINE('',#294,#2814);
#2812=VECTOR('',#2815,1.0);
#2813=VECTOR('',#2816,1.0);
#2814=VECTOR('',#2817,1.0);
#2815=DIRECTION('',(0.9132269727917329,-0.4074512193694447,0));
#2816=DIRECTION('',(-0.885487953419485,0.4646623336886387,0));
#2817=DIRECTION('',(-0.896268269335095,-0.443512332842136,0));
#2818=FACE_SURFACE('',(#2823),#2819,.T.);
#2819=PLANE('',#2820);
#2820=AXIS2_PLACEMENT_3D('',#296,#2821,#2822);
#2821=DIRECTION('',(0,0,-1));
#2822=DIRECTION('',(0.8962674026729932,0.4435140842248493,0));
#2823=FACE_BOUND('',#2824,.T.);
#2824=EDGE_LOOP('',(#2825,#2826,#2827));
#2825=ORIENTED_EDGE('',*,*,#2828,.T.);
#2826=ORIENTED_EDGE('',*,*,#2829,.T.);
#2827=ORIENTED_EDGE('',*,*,#2830,.T.);
#2828=EDGE_CURVE('',#297,#285,#2831,.F.);
#2829=EDGE_CURVE('',#285,#265,#2832,.T.);
#2830=EDGE_CURVE('',#265,#297,#2833,.T.);
#2831=LINE('',#296,#2834);
#2832=LINE('',#284,#2835);
#2833=LINE('',#264,#2836);
#2834=VECTOR('',#2837,1.0);
#2835=VECTOR('',#2838,1.0);
#2836=VECTOR('',#2839,1.0);
#2837=DIRECTION('',(0.8962674026729932,0.4435140842248493,0));
#2838=DIRECTION('',(0.9998081426843799,-0.01958769567893719,0));
#2839=DIRECTION('',(-0.9998381747537027,0.01798956100588093,0));
#2840=FACE_SURFACE('',(#2845),#2841,.T.);
#2841=PLANE('',#2842);
#2842=AXIS2_PLACEMENT_3D('',#298,#2843,#2844);
#2843=DIRECTION('',(-0,0,1));
#2844=DIRECTION('',(0.9325309058356552,-0.3610901683254924,0));
#2845=FACE_BOUND('',#2846,.T.);
#2846=EDGE_LOOP('',(#2847,#2848,#2849));
#2847=ORIENTED_EDGE('',*,*,#2850,.T.);
#2848=ORIENTED_EDGE('',*,*,#2851,.T.);
#2849=ORIENTED_EDGE('',*,*,#2852,.T.);
#2850=EDGE_CURVE('',#299,#35,#2853,.F.);
#2851=EDGE_CURVE('',#35,#293,#2854,.T.);
#2852=EDGE_CURVE('',#293,#299,#2855,.T.);
#2853=LINE('',#298,#2856);
#2854=LINE('',#34,#2857);
#2855=LINE('',#292,#2858);
#2856=VECTOR('',#2859,1.0);
#2857=VECTOR('',#2860,1.0);
#2858=VECTOR('',#2861,1.0);
#2859=DIRECTION('',(0.9325309058356552,-0.3610901683254924,0));
#2860=DIRECTION('',(-0.9132269727917329,0.4074512193694447,0));
#2861=DIRECTION('',(-0.9477551241768418,-0.31899878463175874,0));
#2862=FACE_SURFACE('',(#2867),#2863,.T.);
#2863=PLANE('',#2864);
#2864=AXIS2_PLACEMENT_3D('',#300,#2865,#2866);
#2865=DIRECTION('',(0,0,1));
#2866=DIRECTION('',(-0.8306212180617042,-0.5568378508198693,0));
#2867=FACE_BOUND('',#2868,.T.);
#2868=EDGE_LOOP('',(#2869,#2870,#2871));
#2869=ORIENTED_EDGE('',*,*,#2872,.T.);
#2870=ORIENTED_EDGE('',*,*,#2873,.T.);
#2871=ORIENTED_EDGE('',*,*,#2874,.T.);
#2872=EDGE_CURVE('',#301,#295,#2875,.F.);
#2873=EDGE_CURVE('',#295,#35,#2876,.T.);
#2874=EDGE_CURVE('',#35,#301,#2877,.T.);
#2875=LINE('',#300,#2878);
#2876=LINE('',#294,#2879);
#2877=LINE('',#34,#2880);
#2878=VECTOR('',#2881,1.0);
#2879=VECTOR('',#2882,1.0);
#2880=VECTOR('',#2883,1.0);
#2881=DIRECTION('',(-0.8306212180617042,-0.5568378508198693,0));
#2882=DIRECTION('',(0.885487953419485,-0.4646623336886387,0));
#2883=DIRECTION('',(-0.8481757891530238,0.5297148579138076,0));
#2884=FACE_SURFACE('',(#2889),#2885,.T.);
#2885=PLANE('',#2886);
#2886=AXIS2_PLACEMENT_3D('',#302,#2887,#2888);
#2887=DIRECTION('',(0,0,1));
#2888=DIRECTION('',(-0.8482875037834879,0.5295359392192177,0));
#2889=FACE_BOUND('',#2890,.T.);
#2890=EDGE_LOOP('',(#2891,#2892,#2893));
#2891=ORIENTED_EDGE('',*,*,#2894,.T.);
#2892=ORIENTED_EDGE('',*,*,#2895,.T.);
#2893=ORIENTED_EDGE('',*,*,#2896,.T.);
#2894=EDGE_CURVE('',#303,#43,#2897,.F.);
#2895=EDGE_CURVE('',#43,#291,#2898,.T.);
#2896=EDGE_CURVE('',#291,#303,#2899,.T.);
#2897=LINE('',#302,#2900);
#2898=LINE('',#42,#2901);
#2899=LINE('',#290,#2902);
#2900=VECTOR('',#2903,1.0);
#2901=VECTOR('',#2904,1.0);
#2902=VECTOR('',#2905,1.0);
#2903=DIRECTION('',(-0.8482875037834879,0.5295359392192177,0));
#2904=DIRECTION('',(0.8008714254912406,-0.5988363381021798,0));
#2905=DIRECTION('',(0.7517069366760014,0.6594972944244595,0));
#2906=FACE_SURFACE('',(#2911),#2907,.T.);
#2907=PLANE('',#2908);
#2908=AXIS2_PLACEMENT_3D('',#304,#2909,#2910);
#2909=DIRECTION('',(0,0,-1));
#2910=DIRECTION('',(0.9477546755148638,0.3190001176170871,0));
#2911=FACE_BOUND('',#2912,.T.);
#2912=EDGE_LOOP('',(#2913,#2914,#2915));
#2913=ORIENTED_EDGE('',*,*,#2916,.T.);
#2914=ORIENTED_EDGE('',*,*,#2917,.T.);
#2915=ORIENTED_EDGE('',*,*,#2918,.T.);
#2916=EDGE_CURVE('',#305,#297,#2919,.F.);
#2917=EDGE_CURVE('',#297,#265,#2920,.T.);
#2918=EDGE_CURVE('',#265,#305,#2921,.T.);
#2919=LINE('',#304,#2922);
#2920=LINE('',#296,#2923);
#2921=LINE('',#264,#2924);
#2922=VECTOR('',#2925,1.0);
#2923=VECTOR('',#2926,1.0);
#2924=VECTOR('',#2927,1.0);
#2925=DIRECTION('',(0.9477546755148638,0.3190001176170871,0));
#2926=DIRECTION('',(0.9998381747537027,-0.01798956100588093,0));
#2927=DIRECTION('',(-0.999858377333839,0.016829298123880766,0));
#2928=FACE_SURFACE('',(#2933),#2929,.T.);
#2929=PLANE('',#2930);
#2930=AXIS2_PLACEMENT_3D('',#306,#2931,#2932);
#2931=DIRECTION('',(-0.8980980124849212,0.43979536147012105,0));
#2932=DIRECTION('',(0,0,1));
#2933=FACE_BOUND('',#2934,.T.);
#2934=EDGE_LOOP('',(#2935,#2936,#2937));
#2935=ORIENTED_EDGE('',*,*,#2938,.T.);
#2936=ORIENTED_EDGE('',*,*,#2939,.T.);
#2937=ORIENTED_EDGE('',*,*,#2940,.T.);
#2938=EDGE_CURVE('',#307,#309,#2941,.F.);
#2939=EDGE_CURVE('',#309,#269,#2942,.T.);
#2940=EDGE_CURVE('',#269,#307,#2943,.T.);
#2941=LINE('',#306,#2944);
#2942=LINE('',#308,#2945);
#2943=LINE('',#268,#2946);
#2944=VECTOR('',#2947,1.0);
#2945=VECTOR('',#2948,1.0);
#2946=VECTOR('',#2949,1.0);
#2947=DIRECTION('',(0,0,1));
#2948=DIRECTION('',(0.43979536147012105,0.898098012484921,0));
#2949=DIRECTION('',(-0.09285944783482167,-0.18962656918919413,-0.9774553121270292));
#2950=FACE_SURFACE('',(#2955),#2951,.T.);
#2951=PLANE('',#2952);
#2952=AXIS2_PLACEMENT_3D('',#306,#2953,#2954);
#2953=DIRECTION('',(-0.8980980124849212,0.43979536147012105,0));
#2954=DIRECTION('',(0.09285944783482167,0.18962656918919413,0.9774553121270292));
#2955=FACE_BOUND('',#2956,.T.);
#2956=EDGE_LOOP('',(#2957,#2958,#2959));
#2957=ORIENTED_EDGE('',*,*,#2960,.T.);
#2958=ORIENTED_EDGE('',*,*,#2961,.T.);
#2959=ORIENTED_EDGE('',*,*,#2962,.T.);
#2960=EDGE_CURVE('',#307,#269,#2963,.F.);
#2961=EDGE_CURVE('',#269,#267,#2964,.T.);
#2962=EDGE_CURVE('',#267,#307,#2965,.T.);
#2963=LINE('',#306,#2966);
#2964=LINE('',#268,#2967);
#2965=LINE('',#266,#2968);
#2966=VECTOR('',#2969,1.0);
#2967=VECTOR('',#2970,1.0);
#2968=VECTOR('',#2971,1.0);
#2969=DIRECTION('',(0.09285944783482167,0.18962656918919413,0.9774553121270292));
#2970=DIRECTION('',(0,0,-1));
#2971=DIRECTION('',(-0.43979536147012105,-0.898098012484921,0));
#2972=FACE_SURFACE('',(#2977),#2973,.T.);
#2973=PLANE('',#2974);
#2974=AXIS2_PLACEMENT_3D('',#310,#2975,#2976);
#2975=DIRECTION('',(-0,0,1));
#2976=DIRECTION('',(-0.8563022608272705,-0.5164750120790986,0));
#2977=FACE_BOUND('',#2978,.T.);
#2978=EDGE_LOOP('',(#2979,#2980,#2981));
#2979=ORIENTED_EDGE('',*,*,#2982,.T.);
#2980=ORIENTED_EDGE('',*,*,#2983,.T.);
#2981=ORIENTED_EDGE('',*,*,#2984,.T.);
#2982=EDGE_CURVE('',#311,#71,#2985,.F.);
#2983=EDGE_CURVE('',#71,#313,#2986,.T.);
#2984=EDGE_CURVE('',#313,#311,#2987,.T.);
#2985=LINE('',#310,#2988);
#2986=LINE('',#70,#2989);
#2987=LINE('',#312,#2990);
#2988=VECTOR('',#2991,1.0);
#2989=VECTOR('',#2992,1.0);
#2990=VECTOR('',#2993,1.0);
#2991=DIRECTION('',(-0.8563022608272705,-0.5164750120790986,0));
#2992=DIRECTION('',(0.8792595046663872,0.4763430732715857,0));
#2993=DIRECTION('',(-0.99757507940253,-0.06959857006459313,0));
#2994=FACE_SURFACE('',(#2999),#2995,.T.);
#2995=PLANE('',#2996);
#2996=AXIS2_PLACEMENT_3D('',#314,#2997,#2998);
#2997=DIRECTION('',(0,0,1));
#2998=DIRECTION('',(-0.885570026140049,0.4645058974892707,0));
#2999=FACE_BOUND('',#3000,.T.);
#3000=EDGE_LOOP('',(#3001,#3002,#3003));
#3001=ORIENTED_EDGE('',*,*,#3004,.T.);
#3002=ORIENTED_EDGE('',*,*,#3005,.T.);
#3003=ORIENTED_EDGE('',*,*,#3006,.T.);
#3004=EDGE_CURVE('',#315,#43,#3007,.F.);
#3005=EDGE_CURVE('',#43,#303,#3008,.T.);
#3006=EDGE_CURVE('',#303,#315,#3009,.T.);
#3007=LINE('',#314,#3010);
#3008=LINE('',#42,#3011);
#3009=LINE('',#302,#3012);
#3010=VECTOR('',#3013,1.0);
#3011=VECTOR('',#3014,1.0);
#3012=VECTOR('',#3015,1.0);
#3013=DIRECTION('',(-0.885570026140049,0.4645058974892707,0));
#3014=DIRECTION('',(0.8482875037834879,-0.5295359392192177,0));
#3015=DIRECTION('',(0.8306300800387705,0.5568246314009337,0));
#3016=FACE_SURFACE('',(#3021),#3017,.T.);
#3017=PLANE('',#3018);
#3018=AXIS2_PLACEMENT_3D('',#316,#3019,#3020);
#3019=DIRECTION('',(-0.83206114565212,0.5546839189088518,0));
#3020=DIRECTION('',(0,0,1));
#3021=FACE_BOUND('',#3022,.T.);
#3022=EDGE_LOOP('',(#3023,#3024,#3025));
#3023=ORIENTED_EDGE('',*,*,#3026,.T.);
#3024=ORIENTED_EDGE('',*,*,#3027,.T.);
#3025=ORIENTED_EDGE('',*,*,#3028,.T.);
#3026=EDGE_CURVE('',#317,#319,#3029,.F.);
#3027=EDGE_CURVE('',#319,#309,#3030,.T.);
#3028=EDGE_CURVE('',#309,#317,#3031,.T.);
#3029=LINE('',#316,#3032);
#3030=LINE('',#318,#3033);
#3031=LINE('',#308,#3034);
#3032=VECTOR('',#3035,1.0);
#3033=VECTOR('',#3036,1.0);
#3034=VECTOR('',#3037,1.0);
#3035=DIRECTION('',(0,0,1));
#3036=DIRECTION('',(0.5546839189088518,0.83206114565212,0));
#3037=DIRECTION('',(-0.11728215505497433,-0.17593068948448687,-0.9773910622689231));
#3038=FACE_SURFACE('',(#3043),#3039,.T.);
#3039=PLANE('',#3040);
#3040=AXIS2_PLACEMENT_3D('',#316,#3041,#3042);
#3041=DIRECTION('',(-0.83206114565212,0.5546839189088518,0));
#3042=DIRECTION('',(0.11728215505497433,0.17593068948448687,0.9773910622689231));
#3043=FACE_BOUND('',#3044,.T.);
#3044=EDGE_LOOP('',(#3045,#3046,#3047));
#3045=ORIENTED_EDGE('',*,*,#3048,.T.);
#3046=ORIENTED_EDGE('',*,*,#3049,.T.);
#3047=ORIENTED_EDGE('',*,*,#3050,.T.);
#3048=EDGE_CURVE('',#317,#309,#3051,.F.);
#3049=EDGE_CURVE('',#309,#307,#3052,.T.);
#3050=EDGE_CURVE('',#307,#317,#3053,.T.);
#3051=LINE('',#316,#3054);
#3052=LINE('',#308,#3055);
#3053=LINE('',#306,#3056);
#3054=VECTOR('',#3057,1.0);
#3055=VECTOR('',#3058,1.0);
#3056=VECTOR('',#3059,1.0);
#3057=DIRECTION('',(0.11728215505497433,0.17593068948448687,0.9773910622689231));
#3058=DIRECTION('',(0,0,-1));
#3059=DIRECTION('',(-0.5546839189088518,-0.83206114565212,0));
#3060=FACE_SURFACE('',(#3065),#3061,.T.);
#3061=PLANE('',#3062);
#3062=AXIS2_PLACEMENT_3D('',#320,#3063,#3064);
#3063=DIRECTION('',(0,0,1));
#3064=DIRECTION('',(-0.9132871306541912,0.40731635982542386,0));
#3065=FACE_BOUND('',#3066,.T.);
#3066=EDGE_LOOP('',(#3067,#3068,#3069));
#3067=ORIENTED_EDGE('',*,*,#3070,.T.);
#3068=ORIENTED_EDGE('',*,*,#3071,.T.);
#3069=ORIENTED_EDGE('',*,*,#3072,.T.);
#3070=EDGE_CURVE('',#321,#43,#3073,.F.);
#3071=EDGE_CURVE('',#43,#315,#3074,.T.);
#3072=EDGE_CURVE('',#315,#321,#3075,.T.);
#3073=LINE('',#320,#3076);
#3074=LINE('',#42,#3077);
#3075=LINE('',#314,#3078);
#3076=VECTOR('',#3079,1.0);
#3077=VECTOR('',#3080,1.0);
#3078=VECTOR('',#3081,1.0);
#3079=DIRECTION('',(-0.9132871306541912,0.40731635982542386,0));
#3080=DIRECTION('',(0.885570026140049,-0.4645058974892707,0));
#3081=DIRECTION('',(0.8962665179548853,0.4435158720869247,0));
#3082=FACE_SURFACE('',(#3087),#3083,.T.);
#3083=PLANE('',#3084);
#3084=AXIS2_PLACEMENT_3D('',#238,#3085,#3086);
#3085=DIRECTION('',(-0,0,1));
#3086=DIRECTION('',(-0.1943304087631403,-0.9809361305558842,0));
#3087=FACE_BOUND('',#3088,.T.);
#3088=EDGE_LOOP('',(#3089,#3090,#3091));
#3089=ORIENTED_EDGE('',*,*,#3092,.T.);
#3090=ORIENTED_EDGE('',*,*,#3093,.T.);
#3091=ORIENTED_EDGE('',*,*,#3094,.T.);
#3092=EDGE_CURVE('',#239,#247,#3095,.F.);
#3093=EDGE_CURVE('',#247,#41,#3096,.T.);
#3094=EDGE_CURVE('',#41,#239,#3097,.T.);
#3095=LINE('',#238,#3098);
#3096=LINE('',#246,#3099);
#3097=LINE('',#40,#3100);
#3098=VECTOR('',#3101,1.0);
#3099=VECTOR('',#3102,1.0);
#3100=VECTOR('',#3103,1.0);
#3101=DIRECTION('',(-0.1943304087631403,-0.9809361305558842,0));
#3102=DIRECTION('',(0.45045927239562983,0.8927969779926452,0));
#3103=DIRECTION('',(-0.46637036754162553,-0.8845895546970296,0));
#3104=FACE_SURFACE('',(#3109),#3105,.T.);
#3105=PLANE('',#3106);
#3106=AXIS2_PLACEMENT_3D('',#322,#3107,#3108);
#3107=DIRECTION('',(0,0,-1));
#3108=DIRECTION('',(-0.43979623337014073,0.8980975855180977,0));
#3109=FACE_BOUND('',#3110,.T.);
#3110=EDGE_LOOP('',(#3111,#3112,#3113));
#3111=ORIENTED_EDGE('',*,*,#3114,.T.);
#3112=ORIENTED_EDGE('',*,*,#3115,.T.);
#3113=ORIENTED_EDGE('',*,*,#3116,.T.);
#3114=EDGE_CURVE('',#323,#325,#3117,.F.);
#3115=EDGE_CURVE('',#325,#137,#3118,.T.);
#3116=EDGE_CURVE('',#137,#323,#3119,.T.);
#3117=LINE('',#322,#3120);
#3118=LINE('',#324,#3121);
#3119=LINE('',#136,#3122);
#3120=VECTOR('',#3123,1.0);
#3121=VECTOR('',#3124,1.0);
#3122=VECTOR('',#3125,1.0);
#3123=DIRECTION('',(-0.43979623337014073,0.8980975855180977,0));
#3124=DIRECTION('',(0.6027632283700923,0.7979201028454315,0));
#3125=DIRECTION('',(-0.5757638422155652,-0.81761604558446,0));
#3126=FACE_SURFACE('',(#3131),#3127,.T.);
#3127=PLANE('',#3128);
#3128=AXIS2_PLACEMENT_3D('',#326,#3129,#3130);
#3129=DIRECTION('',(0,0,1));
#3130=DIRECTION('',(-0.9325754189935113,0.36097519012956686,0));
#3131=FACE_BOUND('',#3132,.T.);
#3132=EDGE_LOOP('',(#3133,#3134,#3135));
#3133=ORIENTED_EDGE('',*,*,#3136,.T.);
#3134=ORIENTED_EDGE('',*,*,#3137,.T.);
#3135=ORIENTED_EDGE('',*,*,#3138,.T.);
#3136=EDGE_CURVE('',#327,#43,#3139,.F.);
#3137=EDGE_CURVE('',#43,#321,#3140,.T.);
#3138=EDGE_CURVE('',#321,#327,#3141,.T.);
#3139=LINE('',#326,#3142);
#3140=LINE('',#42,#3143);
#3141=LINE('',#320,#3144);
#3142=VECTOR('',#3145,1.0);
#3143=VECTOR('',#3146,1.0);
#3144=VECTOR('',#3147,1.0);
#3145=DIRECTION('',(-0.9325754189935113,0.36097519012956686,0));
#3146=DIRECTION('',(0.9132871306541912,-0.40731635982542386,0));
#3147=DIRECTION('',(0.9477542268472612,0.31900145061292456,0));
#3148=FACE_SURFACE('',(#3153),#3149,.T.);
#3149=PLANE('',#3150);
#3150=AXIS2_PLACEMENT_3D('',#328,#3151,#3152);
#3151=DIRECTION('',(0,-0,-1));
#3152=DIRECTION('',(0.8962665179548853,-0.4435158720869247,0));
#3153=FACE_BOUND('',#3154,.T.);
#3154=EDGE_LOOP('',(#3155,#3156,#3157));
#3155=ORIENTED_EDGE('',*,*,#3158,.T.);
#3156=ORIENTED_EDGE('',*,*,#3159,.T.);
#3157=ORIENTED_EDGE('',*,*,#3160,.T.);
#3158=EDGE_CURVE('',#329,#331,#3161,.F.);
#3159=EDGE_CURVE('',#331,#175,#3162,.T.);
#3160=EDGE_CURVE('',#175,#329,#3163,.T.);
#3161=LINE('',#328,#3164);
#3162=LINE('',#330,#3165);
#3163=LINE('',#174,#3166);
#3164=VECTOR('',#3167,1.0);
#3165=VECTOR('',#3168,1.0);
#3166=VECTOR('',#3169,1.0);
#3167=DIRECTION('',(0.8962665179548853,-0.4435158720869247,0));
#3168=DIRECTION('',(-0.15525338367516217,-0.9878746817574651,0));
#3169=DIRECTION('',(0.14775120327255167,0.9890245608333057,0));
#3170=FACE_SURFACE('',(#3175),#3171,.T.);
#3171=PLANE('',#3172);
#3172=AXIS2_PLACEMENT_3D('',#214,#3173,#3174);
#3173=DIRECTION('',(-0.06467893753574257,0.9979061253641285,0));
#3174=DIRECTION('',(0,0,1));
#3175=FACE_BOUND('',#3176,.T.);
#3176=EDGE_LOOP('',(#3177,#3178,#3179));
#3177=ORIENTED_EDGE('',*,*,#3180,.T.);
#3178=ORIENTED_EDGE('',*,*,#3181,.T.);
#3179=ORIENTED_EDGE('',*,*,#3182,.T.);
#3180=EDGE_CURVE('',#215,#205,#3183,.F.);
#3181=EDGE_CURVE('',#205,#333,#3184,.T.);
#3182=EDGE_CURVE('',#333,#215,#3185,.T.);
#3183=LINE('',#214,#3186);
#3184=LINE('',#204,#3187);
#3185=LINE('',#332,#3188);
#3186=VECTOR('',#3189,1.0);
#3187=VECTOR('',#3190,1.0);
#3188=VECTOR('',#3191,1.0);
#3189=DIRECTION('',(0,0,1));
#3190=DIRECTION('',(0.21111074863618787,0.01368306955644896,-0.9773663721541588));
#3191=DIRECTION('',(-0.9979061253641285,-0.06467893753574257,0));
#3192=FACE_SURFACE('',(#3197),#3193,.T.);
#3193=PLANE('',#3194);
#3194=AXIS2_PLACEMENT_3D('',#334,#3195,#3196);
#3195=DIRECTION('',(0,-0,1));
#3196=DIRECTION('',(0.01829087202969369,0.9998327080068913,0));
#3197=FACE_BOUND('',#3198,.T.);
#3198=EDGE_LOOP('',(#3199,#3200,#3201));
#3199=ORIENTED_EDGE('',*,*,#3202,.T.);
#3200=ORIENTED_EDGE('',*,*,#3203,.T.);
#3201=ORIENTED_EDGE('',*,*,#3204,.T.);
#3202=EDGE_CURVE('',#335,#41,#3205,.F.);
#3203=EDGE_CURVE('',#41,#337,#3206,.T.);
#3204=EDGE_CURVE('',#337,#335,#3207,.T.);
#3205=LINE('',#334,#3208);
#3206=LINE('',#40,#3209);
#3207=LINE('',#336,#3210);
#3208=VECTOR('',#3211,1.0);
#3209=VECTOR('',#3212,1.0);
#3210=VECTOR('',#3213,1.0);
#3211=DIRECTION('',(0.01829087202969369,0.9998327080068913,0));
#3212=DIRECTION('',(-0.01940353885949299,-0.9998117336177488,0));
#3213=DIRECTION('',(0.43979623337014073,-0.8980975855180977,0));
#3214=FACE_SURFACE('',(#3219),#3215,.T.);
#3215=PLANE('',#3216);
#3216=AXIS2_PLACEMENT_3D('',#136,#3217,#3218);
#3217=DIRECTION('',(0,-0,-1));
#3218=DIRECTION('',(0.9906891738677902,-0.1361431628145735,0));
#3219=FACE_BOUND('',#3220,.T.);
#3220=EDGE_LOOP('',(#3221,#3222,#3223));
#3221=ORIENTED_EDGE('',*,*,#3224,.T.);
#3222=ORIENTED_EDGE('',*,*,#3225,.T.);
#3223=ORIENTED_EDGE('',*,*,#3226,.T.);
#3224=EDGE_CURVE('',#137,#265,#3227,.F.);
#3225=EDGE_CURVE('',#265,#323,#3228,.T.);
#3226=EDGE_CURVE('',#323,#137,#3229,.T.);
#3227=LINE('',#136,#3230);
#3228=LINE('',#264,#3231);
#3229=LINE('',#322,#3232);
#3230=VECTOR('',#3233,1.0);
#3231=VECTOR('',#3234,1.0);
#3232=VECTOR('',#3235,1.0);
#3233=DIRECTION('',(0.9906891738677902,-0.1361431628145735,0));
#3234=DIRECTION('',(-0.9985800447890528,0.05327188891989228,0));
#3235=DIRECTION('',(0.5757638422155652,0.81761604558446,0));
#3236=FACE_SURFACE('',(#3241),#3237,.T.);
#3237=PLANE('',#3238);
#3238=AXIS2_PLACEMENT_3D('',#338,#3239,#3240);
#3239=DIRECTION('',(0,0,1));
#3240=DIRECTION('',(-0.9453797061718554,0.32597118148452386,0));
#3241=FACE_BOUND('',#3242,.T.);
#3242=EDGE_LOOP('',(#3243,#3244,#3245));
#3243=ORIENTED_EDGE('',*,*,#3246,.T.);
#3244=ORIENTED_EDGE('',*,*,#3247,.T.);
#3245=ORIENTED_EDGE('',*,*,#3248,.T.);
#3246=EDGE_CURVE('',#339,#43,#3249,.F.);
#3247=EDGE_CURVE('',#43,#327,#3250,.T.);
#3248=EDGE_CURVE('',#327,#339,#3251,.T.);
#3249=LINE('',#338,#3252);
#3250=LINE('',#42,#3253);
#3251=LINE('',#326,#3254);
#3252=VECTOR('',#3255,1.0);
#3253=VECTOR('',#3256,1.0);
#3254=VECTOR('',#3257,1.0);
#3255=DIRECTION('',(-0.9453797061718554,0.32597118148452386,0));
#3256=DIRECTION('',(0.9325754189935113,-0.36097519012956686,0));
#3257=DIRECTION('',(0.9809351306867745,0.19433545580907408,0));
#3258=FACE_SURFACE('',(#3263),#3259,.T.);
#3259=PLANE('',#3260);
#3260=AXIS2_PLACEMENT_3D('',#340,#3261,#3262);
#3261=DIRECTION('',(0,-0,1));
#3262=DIRECTION('',(0.8563018238479957,0.5164757365787828,0));
#3263=FACE_BOUND('',#3264,.T.);
#3264=EDGE_LOOP('',(#3265,#3266,#3267));
#3265=ORIENTED_EDGE('',*,*,#3268,.T.);
#3266=ORIENTED_EDGE('',*,*,#3269,.T.);
#3267=ORIENTED_EDGE('',*,*,#3270,.T.);
#3268=EDGE_CURVE('',#341,#51,#3271,.F.);
#3269=EDGE_CURVE('',#51,#339,#3272,.T.);
#3270=EDGE_CURVE('',#339,#341,#3273,.T.);
#3271=LINE('',#340,#3274);
#3272=LINE('',#50,#3275);
#3273=LINE('',#338,#3276);
#3274=VECTOR('',#3277,1.0);
#3275=VECTOR('',#3278,1.0);
#3276=VECTOR('',#3279,1.0);
#3277=DIRECTION('',(0.8563018238479957,0.5164757365787828,0));
#3278=DIRECTION('',(-0.879258909239943,-0.4763441723399011,0));
#3279=DIRECTION('',(0.9975753008830336,0.069595395452034,0));
#3280=FACE_SURFACE('',(#3285),#3281,.T.);
#3281=PLANE('',#3282);
#3282=AXIS2_PLACEMENT_3D('',#342,#3283,#3284);
#3283=DIRECTION('',(0.9458625025393723,0.32456759895275417,0));
#3284=DIRECTION('',(0.06842639555183722,-0.19940980536948485,0.977524198122117));
#3285=FACE_BOUND('',#3286,.T.);
#3286=EDGE_LOOP('',(#3287,#3288,#3289));
#3287=ORIENTED_EDGE('',*,*,#3290,.T.);
#3288=ORIENTED_EDGE('',*,*,#3291,.T.);
#3289=ORIENTED_EDGE('',*,*,#3292,.T.);
#3290=EDGE_CURVE('',#343,#345,#3293,.F.);
#3291=EDGE_CURVE('',#345,#347,#3294,.T.);
#3292=EDGE_CURVE('',#347,#343,#3295,.T.);
#3293=LINE('',#342,#3296);
#3294=LINE('',#344,#3297);
#3295=LINE('',#346,#3298);
#3296=VECTOR('',#3299,1.0);
#3297=VECTOR('',#3300,1.0);
#3298=VECTOR('',#3301,1.0);
#3299=DIRECTION('',(0.06842639555183722,-0.19940980536948485,0.977524198122117));
#3300=DIRECTION('',(0,0,-1));
#3301=DIRECTION('',(-0.32456759895275417,0.9458625025393723,0));
#3302=FACE_SURFACE('',(#3307),#3303,.T.);
#3303=PLANE('',#3304);
#3304=AXIS2_PLACEMENT_3D('',#348,#3305,#3306);
#3305=DIRECTION('',(0,0,-1));
#3306=DIRECTION('',(0.06467893753574257,0.9979061253641285,0));
#3307=FACE_BOUND('',#3308,.T.);
#3308=EDGE_LOOP('',(#3309,#3310,#3311));
#3309=ORIENTED_EDGE('',*,*,#3312,.T.);
#3310=ORIENTED_EDGE('',*,*,#3313,.T.);
#3311=ORIENTED_EDGE('',*,*,#3314,.T.);
#3312=EDGE_CURVE('',#349,#351,#3315,.F.);
#3313=EDGE_CURVE('',#351,#265,#3316,.T.);
#3314=EDGE_CURVE('',#265,#349,#3317,.T.);
#3315=LINE('',#348,#3318);
#3316=LINE('',#350,#3319);
#3317=LINE('',#264,#3320);
#3318=VECTOR('',#3321,1.0);
#3319=VECTOR('',#3322,1.0);
#3320=VECTOR('',#3323,1.0);
#3321=DIRECTION('',(0.06467893753574257,0.9979061253641285,0));
#3322=DIRECTION('',(0.9990697721835167,-0.04312296730485954,0));
#3323=DIRECTION('',(-0.9992154226110126,0.03960478779510839,0));
#3324=FACE_SURFACE('',(#3329),#3325,.T.);
#3325=PLANE('',#3326);
#3326=AXIS2_PLACEMENT_3D('',#350,#3327,#3328);
#3327=DIRECTION('',(0,0,-1));
#3328=DIRECTION('',(-0.06467865316331728,0.9979061437955873,0));
#3329=FACE_BOUND('',#3330,.T.);
#3330=EDGE_LOOP('',(#3331,#3332,#3333));
#3331=ORIENTED_EDGE('',*,*,#3334,.T.);
#3332=ORIENTED_EDGE('',*,*,#3335,.T.);
#3333=ORIENTED_EDGE('',*,*,#3336,.T.);
#3334=EDGE_CURVE('',#351,#353,#3337,.F.);
#3335=EDGE_CURVE('',#353,#265,#3338,.T.);
#3336=EDGE_CURVE('',#265,#351,#3339,.T.);
#3337=LINE('',#350,#3340);
#3338=LINE('',#352,#3341);
#3339=LINE('',#264,#3342);
#3340=VECTOR('',#3343,1.0);
#3341=VECTOR('',#3344,1.0);
#3342=VECTOR('',#3345,1.0);
#3343=DIRECTION('',(-0.06467865316331728,0.9979061437955873,0));
#3344=DIRECTION('',(0.9989126993745349,-0.04661994238821213,0));
#3345=DIRECTION('',(-0.9990697721835167,0.04312296730485954,0));
#3346=FACE_SURFACE('',(#3351),#3347,.T.);
#3347=PLANE('',#3348);
#3348=AXIS2_PLACEMENT_3D('',#354,#3349,#3350);
#3349=DIRECTION('',(0,-0,1));
#3350=DIRECTION('',(0.01746209726054759,0.9998475259554644,0));
#3351=FACE_BOUND('',#3352,.T.);
#3352=EDGE_LOOP('',(#3353,#3354,#3355));
#3353=ORIENTED_EDGE('',*,*,#3356,.T.);
#3354=ORIENTED_EDGE('',*,*,#3357,.T.);
#3355=ORIENTED_EDGE('',*,*,#3358,.T.);
#3356=EDGE_CURVE('',#355,#41,#3359,.F.);
#3357=EDGE_CURVE('',#41,#335,#3360,.T.);
#3358=EDGE_CURVE('',#335,#355,#3361,.T.);
#3359=LINE('',#354,#3362);
#3360=LINE('',#40,#3363);
#3361=LINE('',#334,#3364);
#3362=VECTOR('',#3365,1.0);
#3363=VECTOR('',#3366,1.0);
#3364=VECTOR('',#3367,1.0);
#3365=DIRECTION('',(0.01746209726054759,0.9998475259554644,0));
#3366=DIRECTION('',(-0.01829087202969369,-0.9998327080068913,0));
#3367=DIRECTION('',(0.32456013282251134,-0.9458650644686237,0));
#3368=FACE_SURFACE('',(#3373),#3369,.T.);
#3369=PLANE('',#3370);
#3370=AXIS2_PLACEMENT_3D('',#356,#3371,#3372);
#3371=DIRECTION('',(-0,-0,1));
#3372=DIRECTION('',(0.4918520051920895,-0.8706788185022769,0));
#3373=FACE_BOUND('',#3374,.T.);
#3374=EDGE_LOOP('',(#3375,#3376,#3377));
#3375=ORIENTED_EDGE('',*,*,#3378,.T.);
#3376=ORIENTED_EDGE('',*,*,#3379,.T.);
#3377=ORIENTED_EDGE('',*,*,#3380,.T.);
#3378=EDGE_CURVE('',#357,#35,#3381,.F.);
#3379=EDGE_CURVE('',#35,#359,#3382,.T.);
#3380=EDGE_CURVE('',#359,#357,#3383,.T.);
#3381=LINE('',#356,#3384);
#3382=LINE('',#34,#3385);
#3383=LINE('',#358,#3386);
#3384=VECTOR('',#3387,1.0);
#3385=VECTOR('',#3388,1.0);
#3386=VECTOR('',#3389,1.0);
#3387=DIRECTION('',(0.4918520051920895,-0.8706788185022769,0));
#3388=DIRECTION('',(-0.4663700032410711,0.8845897467622623,0));
#3389=DIRECTION('',(0.06467865316331728,-0.9979061437955873,0));
#3390=FACE_SURFACE('',(#3395),#3391,.T.);
#3391=PLANE('',#3392);
#3392=AXIS2_PLACEMENT_3D('',#360,#3393,#3394);
#3393=DIRECTION('',(0,0,-1));
#3394=DIRECTION('',(0.19433545580907408,0.9809351306867745,0));
#3395=FACE_BOUND('',#3396,.T.);
#3396=EDGE_LOOP('',(#3397,#3398,#3399));
#3397=ORIENTED_EDGE('',*,*,#3400,.T.);
#3398=ORIENTED_EDGE('',*,*,#3401,.T.);
#3399=ORIENTED_EDGE('',*,*,#3402,.T.);
#3400=EDGE_CURVE('',#361,#349,#3403,.F.);
#3401=EDGE_CURVE('',#349,#265,#3404,.T.);
#3402=EDGE_CURVE('',#265,#361,#3405,.T.);
#3403=LINE('',#360,#3406);
#3404=LINE('',#348,#3407);
#3405=LINE('',#264,#3408);
#3406=VECTOR('',#3409,1.0);
#3407=VECTOR('',#3410,1.0);
#3408=VECTOR('',#3411,1.0);
#3409=DIRECTION('',(0.19433545580907408,0.9809351306867745,0));
#3410=DIRECTION('',(0.9992154226110126,-0.03960478779510839,0));
#3411=DIRECTION('',(-0.9993469075515403,0.03613527870617823,0));
#3412=FACE_SURFACE('',(#3417),#3413,.T.);
#3413=PLANE('',#3414);
#3414=AXIS2_PLACEMENT_3D('',#362,#3415,#3416);
#3415=DIRECTION('',(0,-0,1));
#3416=DIRECTION('',(0.848176297676437,0.529714043668744,0));
#3417=FACE_BOUND('',#3418,.T.);
#3418=EDGE_LOOP('',(#3419,#3420,#3421));
#3419=ORIENTED_EDGE('',*,*,#3422,.T.);
#3420=ORIENTED_EDGE('',*,*,#3423,.T.);
#3421=ORIENTED_EDGE('',*,*,#3424,.T.);
#3422=EDGE_CURVE('',#363,#41,#3425,.F.);
#3423=EDGE_CURVE('',#41,#151,#3426,.T.);
#3424=EDGE_CURVE('',#151,#363,#3427,.T.);
#3425=LINE('',#362,#3428);
#3426=LINE('',#40,#3429);
#3427=LINE('',#150,#3430);
#3428=VECTOR('',#3431,1.0);
#3429=VECTOR('',#3432,1.0);
#3430=VECTOR('',#3433,1.0);
#3431=DIRECTION('',(0.848176297676437,0.529714043668744,0));
#3432=DIRECTION('',(-0.8854876542728368,-0.4646629037596921,0));
#3433=DIRECTION('',(0.8306314521503602,-0.5568225845802091,0));
#3434=FACE_SURFACE('',(#3439),#3435,.T.);
#3435=PLANE('',#3436);
#3436=AXIS2_PLACEMENT_3D('',#364,#3437,#3438);
#3437=DIRECTION('',(0,-0,-1));
#3438=DIRECTION('',(0.9995621276416344,-0.029589744583704856,0));
#3439=FACE_BOUND('',#3440,.T.);
#3440=EDGE_LOOP('',(#3441,#3442,#3443));
#3441=ORIENTED_EDGE('',*,*,#3444,.T.);
#3442=ORIENTED_EDGE('',*,*,#3445,.T.);
#3443=ORIENTED_EDGE('',*,*,#3446,.T.);
#3444=EDGE_CURVE('',#365,#265,#3447,.F.);
#3445=EDGE_CURVE('',#265,#263,#3448,.T.);
#3446=EDGE_CURVE('',#263,#365,#3449,.T.);
#3447=LINE('',#364,#3450);
#3448=LINE('',#264,#3451);
#3449=LINE('',#262,#3452);
#3450=VECTOR('',#3453,1.0);
#3451=VECTOR('',#3454,1.0);
#3452=VECTOR('',#3455,1.0);
#3453=DIRECTION('',(0.9995621276416344,-0.029589744583704856,0));
#3454=DIRECTION('',(-0.9996456227720699,0.02662008400889495,0));
#3455=DIRECTION('',(0.5546961269558389,0.8320530071697306,0));
#3456=FACE_SURFACE('',(#3461),#3457,.T.);
#3457=PLANE('',#3458);
#3458=AXIS2_PLACEMENT_3D('',#366,#3459,#3460);
#3459=DIRECTION('',(0,0,-1));
#3460=DIRECTION('',(0.3245594540994282,0.9458652973625161,0));
#3461=FACE_BOUND('',#3462,.T.);
#3462=EDGE_LOOP('',(#3463,#3464,#3465));
#3463=ORIENTED_EDGE('',*,*,#3466,.T.);
#3464=ORIENTED_EDGE('',*,*,#3467,.T.);
#3465=ORIENTED_EDGE('',*,*,#3468,.T.);
#3466=EDGE_CURVE('',#367,#361,#3469,.F.);
#3467=EDGE_CURVE('',#361,#265,#3470,.T.);
#3468=EDGE_CURVE('',#265,#367,#3471,.T.);
#3469=LINE('',#366,#3472);
#3470=LINE('',#360,#3473);
#3471=LINE('',#264,#3474);
#3472=VECTOR('',#3475,1.0);
#3473=VECTOR('',#3476,1.0);
#3474=VECTOR('',#3477,1.0);
#3475=DIRECTION('',(0.3245594540994282,0.9458652973625161,0));
#3476=DIRECTION('',(0.9993469075515403,-0.03613527870617823,0));
#3477=DIRECTION('',(-0.9994624546075407,0.03278417041606678,0));
#3478=FACE_SURFACE('',(#3483),#3479,.T.);
#3479=PLANE('',#3480);
#3480=AXIS2_PLACEMENT_3D('',#368,#3481,#3482);
#3481=DIRECTION('',(0,-0,1));
#3482=DIRECTION('',(0.7453474671209673,0.6666761982074646,0));
#3483=FACE_BOUND('',#3484,.T.);
#3484=EDGE_LOOP('',(#3485,#3486,#3487));
#3485=ORIENTED_EDGE('',*,*,#3488,.T.);
#3486=ORIENTED_EDGE('',*,*,#3489,.T.);
#3487=ORIENTED_EDGE('',*,*,#3490,.T.);
#3488=EDGE_CURVE('',#369,#41,#3491,.F.);
#3489=EDGE_CURVE('',#41,#371,#3492,.T.);
#3490=EDGE_CURVE('',#371,#369,#3493,.T.);
#3491=LINE('',#368,#3494);
#3492=LINE('',#40,#3495);
#3493=LINE('',#370,#3496);
#3494=VECTOR('',#3497,1.0);
#3495=VECTOR('',#3498,1.0);
#3496=VECTOR('',#3499,1.0);
#3497=DIRECTION('',(0.7453474671209673,0.6666761982074646,0));
#3498=DIRECTION('',(-0.8007269473749218,-0.5990295115832268,0));
#3499=DIRECTION('',(0.6618002843023393,-0.7496801876115862,0));
#3500=FACE_SURFACE('',(#3505),#3501,.T.);
#3501=PLANE('',#3502);
#3502=AXIS2_PLACEMENT_3D('',#372,#3503,#3504);
#3503=DIRECTION('',(-0,0,1));
#3504=DIRECTION('',(0.6267181923131713,-0.7792459864662192,0));
#3505=FACE_BOUND('',#3506,.T.);
#3506=EDGE_LOOP('',(#3507,#3508,#3509));
#3507=ORIENTED_EDGE('',*,*,#3510,.T.);
#3508=ORIENTED_EDGE('',*,*,#3511,.T.);
#3509=ORIENTED_EDGE('',*,*,#3512,.T.);
#3510=EDGE_CURVE('',#373,#35,#3513,.F.);
#3511=EDGE_CURVE('',#35,#375,#3514,.T.);
#3512=EDGE_CURVE('',#375,#373,#3515,.T.);
#3513=LINE('',#372,#3516);
#3514=LINE('',#34,#3517);
#3515=LINE('',#374,#3518);
#3516=VECTOR('',#3519,1.0);
#3517=VECTOR('',#3520,1.0);
#3518=VECTOR('',#3521,1.0);
#3519=DIRECTION('',(0.6267181923131713,-0.7792459864662192,0));
#3520=DIRECTION('',(-0.5728683538686092,0.8196473931733511,0));
#3521=DIRECTION('',(-0.3245594540994282,-0.9458652973625161,0));
#3522=FACE_SURFACE('',(#3527),#3523,.T.);
#3523=PLANE('',#3524);
#3524=AXIS2_PLACEMENT_3D('',#362,#3525,#3526);
#3525=DIRECTION('',(-0,0,1));
#3526=DIRECTION('',(0.7516954590791891,-0.6595103765671372,0));
#3527=FACE_BOUND('',#3528,.T.);
#3528=EDGE_LOOP('',(#3529,#3530,#3531));
#3529=ORIENTED_EDGE('',*,*,#3532,.T.);
#3530=ORIENTED_EDGE('',*,*,#3533,.T.);
#3531=ORIENTED_EDGE('',*,*,#3534,.T.);
#3532=EDGE_CURVE('',#363,#371,#3535,.F.);
#3533=EDGE_CURVE('',#371,#41,#3536,.T.);
#3534=EDGE_CURVE('',#41,#363,#3537,.T.);
#3535=LINE('',#362,#3538);
#3536=LINE('',#370,#3539);
#3537=LINE('',#40,#3540);
#3538=VECTOR('',#3541,1.0);
#3539=VECTOR('',#3542,1.0);
#3540=VECTOR('',#3543,1.0);
#3541=DIRECTION('',(0.7516954590791891,-0.6595103765671372,0));
#3542=DIRECTION('',(0.8007269473749218,0.5990295115832268,0));
#3543=DIRECTION('',(-0.848176297676437,-0.529714043668744,0));
#3544=FACE_SURFACE('',(#3549),#3545,.T.);
#3545=PLANE('',#3546);
#3546=AXIS2_PLACEMENT_3D('',#376,#3547,#3548);
#3547=DIRECTION('',(0,-0,1));
#3548=DIRECTION('',(0.6856395111754009,0.7279412481204491,0));
#3549=FACE_BOUND('',#3550,.T.);
#3550=EDGE_LOOP('',(#3551,#3552,#3553));
#3551=ORIENTED_EDGE('',*,*,#3554,.T.);
#3552=ORIENTED_EDGE('',*,*,#3555,.T.);
#3553=ORIENTED_EDGE('',*,*,#3556,.T.);
#3554=EDGE_CURVE('',#377,#41,#3557,.F.);
#3555=EDGE_CURVE('',#41,#369,#3558,.T.);
#3556=EDGE_CURVE('',#369,#377,#3559,.T.);
#3557=LINE('',#376,#3560);
#3558=LINE('',#40,#3561);
#3559=LINE('',#368,#3562);
#3560=VECTOR('',#3563,1.0);
#3561=VECTOR('',#3564,1.0);
#3562=VECTOR('',#3565,1.0);
#3563=DIRECTION('',(0.6856395111754009,0.7279412481204491,0));
#3564=DIRECTION('',(-0.7453474671209673,-0.6666761982074646,0));
#3565=DIRECTION('',(0.5546839189088518,-0.83206114565212,0));
#3566=FACE_SURFACE('',(#3571),#3567,.T.);
#3567=PLANE('',#3568);
#3568=AXIS2_PLACEMENT_3D('',#378,#3569,#3570);
#3569=DIRECTION('',(-0,0,1));
#3570=DIRECTION('',(0.800727317170846,-0.5990290172741046,0));
#3571=FACE_BOUND('',#3572,.T.);
#3572=EDGE_LOOP('',(#3573,#3574,#3575));
#3573=ORIENTED_EDGE('',*,*,#3576,.T.);
#3574=ORIENTED_EDGE('',*,*,#3577,.T.);
#3575=ORIENTED_EDGE('',*,*,#3578,.T.);
#3576=EDGE_CURVE('',#379,#35,#3579,.F.);
#3577=EDGE_CURVE('',#35,#381,#3580,.T.);
#3578=EDGE_CURVE('',#381,#379,#3581,.T.);
#3579=LINE('',#378,#3582);
#3580=LINE('',#34,#3583);
#3581=LINE('',#380,#3584);
#3582=VECTOR('',#3585,1.0);
#3583=VECTOR('',#3586,1.0);
#3584=VECTOR('',#3587,1.0);
#3585=DIRECTION('',(0.800727317170846,-0.5990290172741046,0));
#3586=DIRECTION('',(-0.7453468906083398,0.6666768427510285,0));
#3587=DIRECTION('',(-0.6617893360880593,-0.7496898522990194,0));
#3588=FACE_SURFACE('',(#3593),#3589,.T.);
#3589=PLANE('',#3590);
#3590=AXIS2_PLACEMENT_3D('',#380,#3591,#3592);
#3591=DIRECTION('',(-0,0,1));
#3592=DIRECTION('',(0.7453468906083398,-0.6666768427510285,0));
#3593=FACE_BOUND('',#3594,.T.);
#3594=EDGE_LOOP('',(#3595,#3596,#3597));
#3595=ORIENTED_EDGE('',*,*,#3598,.T.);
#3596=ORIENTED_EDGE('',*,*,#3599,.T.);
#3597=ORIENTED_EDGE('',*,*,#3600,.T.);
#3598=EDGE_CURVE('',#381,#35,#3601,.F.);
#3599=EDGE_CURVE('',#35,#383,#3602,.T.);
#3600=EDGE_CURVE('',#383,#381,#3603,.T.);
#3601=LINE('',#380,#3604);
#3602=LINE('',#34,#3605);
#3603=LINE('',#382,#3606);
#3604=VECTOR('',#3607,1.0);
#3605=VECTOR('',#3608,1.0);
#3606=VECTOR('',#3609,1.0);
#3607=DIRECTION('',(0.7453468906083398,-0.6666768427510285,0));
#3608=DIRECTION('',(-0.685638941292801,0.7279417848859118,0));
#3609=DIRECTION('',(-0.5546839189088518,-0.83206114565212,0));
#3610=FACE_SURFACE('',(#3615),#3611,.T.);
#3611=PLANE('',#3612);
#3612=AXIS2_PLACEMENT_3D('',#384,#3613,#3614);
#3613=DIRECTION('',(-0.7496956508812495,0.6617827672656184,0));
#3614=DIRECTION('',(0,0,1));
#3615=FACE_BOUND('',#3616,.T.);
#3616=EDGE_LOOP('',(#3617,#3618,#3619));
#3617=ORIENTED_EDGE('',*,*,#3620,.T.);
#3618=ORIENTED_EDGE('',*,*,#3621,.T.);
#3619=ORIENTED_EDGE('',*,*,#3622,.T.);
#3620=EDGE_CURVE('',#385,#387,#3623,.F.);
#3621=EDGE_CURVE('',#387,#319,#3624,.T.);
#3622=EDGE_CURVE('',#319,#385,#3625,.T.);
#3623=LINE('',#384,#3626);
#3624=LINE('',#386,#3627);
#3625=LINE('',#318,#3628);
#3626=VECTOR('',#3629,1.0);
#3627=VECTOR('',#3630,1.0);
#3628=VECTOR('',#3631,1.0);
#3629=DIRECTION('',(0,0,1));
#3630=DIRECTION('',(0.6617827672656184,0.7496956508812496,0));
#3631=DIRECTION('',(-0.13977908667209116,-0.15834769133563723,-0.9774394178555467));
#3632=FACE_SURFACE('',(#3637),#3633,.T.);
#3633=PLANE('',#3634);
#3634=AXIS2_PLACEMENT_3D('',#384,#3635,#3636);
#3635=DIRECTION('',(-0.7496956508812495,0.6617827672656184,0));
#3636=DIRECTION('',(0.13977908667209116,0.15834769133563723,0.9774394178555467));
#3637=FACE_BOUND('',#3638,.T.);
#3638=EDGE_LOOP('',(#3639,#3640,#3641));
#3639=ORIENTED_EDGE('',*,*,#3642,.T.);
#3640=ORIENTED_EDGE('',*,*,#3643,.T.);
#3641=ORIENTED_EDGE('',*,*,#3644,.T.);
#3642=EDGE_CURVE('',#385,#319,#3645,.F.);
#3643=EDGE_CURVE('',#319,#317,#3646,.T.);
#3644=EDGE_CURVE('',#317,#385,#3647,.T.);
#3645=LINE('',#384,#3648);
#3646=LINE('',#318,#3649);
#3647=LINE('',#316,#3650);
#3648=VECTOR('',#3651,1.0);
#3649=VECTOR('',#3652,1.0);
#3650=VECTOR('',#3653,1.0);
#3651=DIRECTION('',(0.13977908667209116,0.15834769133563723,0.9774394178555467));
#3652=DIRECTION('',(0,0,-1));
#3653=DIRECTION('',(-0.6617827672656184,-0.7496956508812496,0));
#3654=FACE_SURFACE('',(#3659),#3655,.T.);
#3655=PLANE('',#3656);
#3656=AXIS2_PLACEMENT_3D('',#300,#3657,#3658);
#3657=DIRECTION('',(-0,0,1));
#3658=DIRECTION('',(0.8481757891530238,-0.5297148579138076,0));
#3659=FACE_BOUND('',#3660,.T.);
#3660=EDGE_LOOP('',(#3661,#3662,#3663));
#3661=ORIENTED_EDGE('',*,*,#3664,.T.);
#3662=ORIENTED_EDGE('',*,*,#3665,.T.);
#3663=ORIENTED_EDGE('',*,*,#3666,.T.);
#3664=EDGE_CURVE('',#301,#35,#3667,.F.);
#3665=EDGE_CURVE('',#35,#379,#3668,.T.);
#3666=EDGE_CURVE('',#379,#301,#3669,.T.);
#3667=LINE('',#300,#3670);
#3668=LINE('',#34,#3671);
#3669=LINE('',#378,#3672);
#3670=VECTOR('',#3673,1.0);
#3671=VECTOR('',#3674,1.0);
#3672=VECTOR('',#3675,1.0);
#3673=DIRECTION('',(0.8481757891530238,-0.5297148579138076,0));
#3674=DIRECTION('',(-0.800727317170846,0.5990290172741046,0));
#3675=DIRECTION('',(-0.751706361053185,-0.6594979505291725,0));
#3676=FACE_SURFACE('',(#3681),#3677,.T.);
#3677=PLANE('',#3678);
#3678=AXIS2_PLACEMENT_3D('',#312,#3679,#3680);
#3679=DIRECTION('',(-0,0,1));
#3680=DIRECTION('',(0.9453455126871521,-0.32607033235525384,0));
#3681=FACE_BOUND('',#3682,.T.);
#3682=EDGE_LOOP('',(#3683,#3684,#3685));
#3683=ORIENTED_EDGE('',*,*,#3686,.T.);
#3684=ORIENTED_EDGE('',*,*,#3687,.T.);
#3685=ORIENTED_EDGE('',*,*,#3688,.T.);
#3686=EDGE_CURVE('',#313,#35,#3689,.F.);
#3687=EDGE_CURVE('',#35,#299,#3690,.T.);
#3688=EDGE_CURVE('',#299,#313,#3691,.T.);
#3689=LINE('',#312,#3692);
#3690=LINE('',#34,#3693);
#3691=LINE('',#298,#3694);
#3692=VECTOR('',#3695,1.0);
#3693=VECTOR('',#3696,1.0);
#3694=VECTOR('',#3697,1.0);
#3695=DIRECTION('',(0.9453455126871521,-0.32607033235525384,0));
#3696=DIRECTION('',(-0.9325309058356552,0.3610901683254924,0));
#3697=DIRECTION('',(-0.980934797379759,-0.1943371382148333,0));
#3698=FACE_SURFACE('',(#3703),#3699,.T.);
#3699=PLANE('',#3700);
#3700=AXIS2_PLACEMENT_3D('',#388,#3701,#3702);
#3701=DIRECTION('',(0,-0,1));
#3702=DIRECTION('',(0.1202831279150084,0.9927396280692041,0));
#3703=FACE_BOUND('',#3704,.T.);
#3704=EDGE_LOOP('',(#3705,#3706,#3707));
#3705=ORIENTED_EDGE('',*,*,#3708,.T.);
#3706=ORIENTED_EDGE('',*,*,#3709,.T.);
#3707=ORIENTED_EDGE('',*,*,#3710,.T.);
#3708=EDGE_CURVE('',#389,#51,#3711,.F.);
#3709=EDGE_CURVE('',#51,#391,#3712,.T.);
#3710=EDGE_CURVE('',#391,#389,#3713,.T.);
#3711=LINE('',#388,#3714);
#3712=LINE('',#50,#3715);
#3713=LINE('',#390,#3716);
#3714=VECTOR('',#3717,1.0);
#3715=VECTOR('',#3718,1.0);
#3716=VECTOR('',#3719,1.0);
#3717=DIRECTION('',(0.1202831279150084,0.9927396280692041,0));
#3718=DIRECTION('',(-0.20309805213866097,-0.9791584045584666,0));
#3719=DIRECTION('',(0.5546961269558389,-0.8320530071697306,0));
#3720=FACE_SURFACE('',(#3725),#3721,.T.);
#3721=PLANE('',#3722);
#3722=AXIS2_PLACEMENT_3D('',#386,#3723,#3724);
#3723=DIRECTION('',(-0.6594904946468791,0.7517129022907711,0));
#3724=DIRECTION('',(0,0,-1));
#3725=FACE_BOUND('',#3726,.T.);
#3726=EDGE_LOOP('',(#3727,#3728,#3729));
#3727=ORIENTED_EDGE('',*,*,#3730,.T.);
#3728=ORIENTED_EDGE('',*,*,#3731,.T.);
#3729=ORIENTED_EDGE('',*,*,#3732,.T.);
#3730=EDGE_CURVE('',#387,#385,#3733,.F.);
#3731=EDGE_CURVE('',#385,#153,#3734,.T.);
#3732=EDGE_CURVE('',#153,#387,#3735,.T.);
#3733=LINE('',#386,#3736);
#3734=LINE('',#384,#3737);
#3735=LINE('',#152,#3738);
#3736=VECTOR('',#3739,1.0);
#3737=VECTOR('',#3740,1.0);
#3738=VECTOR('',#3741,1.0);
#3739=DIRECTION('',(0,0,-1));
#3740=DIRECTION('',(-0.15929277666509092,-0.13975025805250885,0.9772899655049071));
#3741=DIRECTION('',(0.7517129022907713,0.6594904946468791,0));
#3742=FACE_SURFACE('',(#3747),#3743,.T.);
#3743=PLANE('',#3744);
#3744=AXIS2_PLACEMENT_3D('',#154,#3745,#3746);
#3745=DIRECTION('',(-0.6594904946468791,0.7517129022907711,0));
#3746=DIRECTION('',(0,0,1));
#3747=FACE_BOUND('',#3748,.T.);
#3748=EDGE_LOOP('',(#3749,#3750,#3751));
#3749=ORIENTED_EDGE('',*,*,#3752,.T.);
#3750=ORIENTED_EDGE('',*,*,#3753,.T.);
#3751=ORIENTED_EDGE('',*,*,#3754,.T.);
#3752=EDGE_CURVE('',#155,#153,#3755,.F.);
#3753=EDGE_CURVE('',#153,#385,#3756,.T.);
#3754=EDGE_CURVE('',#385,#155,#3757,.T.);
#3755=LINE('',#154,#3758);
#3756=LINE('',#152,#3759);
#3757=LINE('',#384,#3760);
#3758=VECTOR('',#3761,1.0);
#3759=VECTOR('',#3762,1.0);
#3760=VECTOR('',#3763,1.0);
#3761=DIRECTION('',(0,0,1));
#3762=DIRECTION('',(0.15929277666509092,0.13975025805250885,-0.9772899655049071));
#3763=DIRECTION('',(-0.7517129022907713,-0.6594904946468791,0));
#3764=FACE_SURFACE('',(#3769),#3765,.T.);
#3765=PLANE('',#3766);
#3766=AXIS2_PLACEMENT_3D('',#208,#3767,#3768);
#3767=DIRECTION('',(0,-0,-1));
#3768=DIRECTION('',(0.9978867494900021,0.0649771897843992,0));
#3769=FACE_BOUND('',#3770,.T.);
#3770=EDGE_LOOP('',(#3771,#3772,#3773));
#3771=ORIENTED_EDGE('',*,*,#3774,.T.);
#3772=ORIENTED_EDGE('',*,*,#3775,.T.);
#3773=ORIENTED_EDGE('',*,*,#3776,.T.);
#3774=EDGE_CURVE('',#209,#197,#3777,.F.);
#3775=EDGE_CURVE('',#197,#175,#3778,.T.);
#3776=EDGE_CURVE('',#175,#209,#3779,.T.);
#3777=LINE('',#208,#3780);
#3778=LINE('',#196,#3781);
#3779=LINE('',#174,#3782);
#3780=VECTOR('',#3783,1.0);
#3781=VECTOR('',#3784,1.0);
#3782=VECTOR('',#3785,1.0);
#3783=DIRECTION('',(0.9978867494900021,0.0649771897843992,0));
#3784=DIRECTION('',(-0.18624500787454257,-0.9825033318222446,0));
#3785=DIRECTION('',(0.17868432759845312,0.9839064544308511,0));
#3786=FACE_SURFACE('',(#3791),#3787,.T.);
#3787=PLANE('',#3788);
#3788=AXIS2_PLACEMENT_3D('',#204,#3789,#3790);
#3789=DIRECTION('',(0.0649783377918251,0.9978866747370723,0));
#3790=DIRECTION('',(-0.21017716588961116,0.013685885609106881,-0.9775675196495152));
#3791=FACE_BOUND('',#3792,.T.);
#3792=EDGE_LOOP('',(#3793,#3794,#3795));
#3793=ORIENTED_EDGE('',*,*,#3796,.T.);
#3794=ORIENTED_EDGE('',*,*,#3797,.T.);
#3795=ORIENTED_EDGE('',*,*,#3798,.T.);
#3796=EDGE_CURVE('',#205,#213,#3799,.F.);
#3797=EDGE_CURVE('',#213,#207,#3800,.T.);
#3798=EDGE_CURVE('',#207,#205,#3801,.T.);
#3799=LINE('',#204,#3802);
#3800=LINE('',#212,#3803);
#3801=LINE('',#206,#3804);
#3802=VECTOR('',#3805,1.0);
#3803=VECTOR('',#3806,1.0);
#3804=VECTOR('',#3807,1.0);
#3805=DIRECTION('',(-0.21017716588961116,0.013685885609106881,-0.9775675196495152));
#3806=DIRECTION('',(0,0,1));
#3807=DIRECTION('',(0.9978866747370723,-0.06497833779182512,0));
#3808=FACE_SURFACE('',(#3813),#3809,.T.);
#3809=PLANE('',#3810);
#3810=AXIS2_PLACEMENT_3D('',#392,#3811,#3812);
#3811=DIRECTION('',(-0,-0,1));
#3812=DIRECTION('',(0.806781822618697,-0.5908494653395678,0));
#3813=FACE_BOUND('',#3814,.T.);
#3814=EDGE_LOOP('',(#3815,#3816,#3817));
#3815=ORIENTED_EDGE('',*,*,#3818,.T.);
#3816=ORIENTED_EDGE('',*,*,#3819,.T.);
#3817=ORIENTED_EDGE('',*,*,#3820,.T.);
#3818=EDGE_CURVE('',#393,#103,#3821,.F.);
#3819=EDGE_CURVE('',#103,#395,#3822,.T.);
#3820=EDGE_CURVE('',#395,#393,#3823,.T.);
#3821=LINE('',#392,#3824);
#3822=LINE('',#102,#3825);
#3823=LINE('',#394,#3826);
#3824=VECTOR('',#3827,1.0);
#3825=VECTOR('',#3828,1.0);
#3826=VECTOR('',#3829,1.0);
#3827=DIRECTION('',(0.806781822618697,-0.5908494653395678,0));
#3828=DIRECTION('',(-0.8004839131725385,0.5993542397881072,0));
#3829=DIRECTION('',(0.3245567392338114,-0.945866228923475,0));
#3830=FACE_SURFACE('',(#3835),#3831,.T.);
#3831=PLANE('',#3832);
#3832=AXIS2_PLACEMENT_3D('',#192,#3833,#3834);
#3833=DIRECTION('',(0,-0,1));
#3834=DIRECTION('',(0.6617694917793185,0.7497073694116542,0));
#3835=FACE_BOUND('',#3836,.T.);
#3836=EDGE_LOOP('',(#3837,#3838,#3839));
#3837=ORIENTED_EDGE('',*,*,#3840,.T.);
#3838=ORIENTED_EDGE('',*,*,#3841,.T.);
#3839=ORIENTED_EDGE('',*,*,#3842,.T.);
#3840=EDGE_CURVE('',#193,#397,#3843,.F.);
#3841=EDGE_CURVE('',#397,#179,#3844,.T.);
#3842=EDGE_CURVE('',#179,#193,#3845,.T.);
#3843=LINE('',#192,#3846);
#3844=LINE('',#396,#3847);
#3845=LINE('',#178,#3848);
#3846=VECTOR('',#3849,1.0);
#3847=VECTOR('',#3850,1.0);
#3848=VECTOR('',#3851,1.0);
#3849=DIRECTION('',(0.6617694917793185,0.7497073694116542,0));
#3850=DIRECTION('',(-0.6606886981473092,0.7506600056886032,0));
#3851=DIRECTION('',(0.6314665813556466,-0.7754030929980952,0));
#3852=FACE_SURFACE('',(#3857),#3853,.T.);
#3853=PLANE('',#3854);
#3854=AXIS2_PLACEMENT_3D('',#398,#3855,#3856);
#3855=DIRECTION('',(0.945866228923475,-0.3245567392338114,0));
#3856=DIRECTION('',(0,0,1));
#3857=FACE_BOUND('',#3858,.T.);
#3858=EDGE_LOOP('',(#3859,#3860,#3861));
#3859=ORIENTED_EDGE('',*,*,#3862,.T.);
#3860=ORIENTED_EDGE('',*,*,#3863,.T.);
#3861=ORIENTED_EDGE('',*,*,#3864,.T.);
#3862=EDGE_CURVE('',#399,#401,#3865,.F.);
#3863=EDGE_CURVE('',#401,#403,#3866,.T.);
#3864=EDGE_CURVE('',#403,#399,#3867,.T.);
#3865=LINE('',#398,#3868);
#3866=LINE('',#400,#3869);
#3867=LINE('',#402,#3870);
#3868=VECTOR('',#3871,1.0);
#3869=VECTOR('',#3872,1.0);
#3870=VECTOR('',#3873,1.0);
#3871=DIRECTION('',(0,0,1));
#3872=DIRECTION('',(-0.3245567392338114,-0.945866228923475,0));
#3873=DIRECTION('',(0.06842629378766218,0.19941696671262116,-0.97752274434185));
#3874=FACE_SURFACE('',(#3879),#3875,.T.);
#3875=PLANE('',#3876);
#3876=AXIS2_PLACEMENT_3D('',#398,#3877,#3878);
#3877=DIRECTION('',(0.945866228923475,-0.3245567392338114,0));
#3878=DIRECTION('',(-0.06842629378766218,-0.19941696671262116,0.97752274434185));
#3879=FACE_BOUND('',#3880,.T.);
#3880=EDGE_LOOP('',(#3881,#3882,#3883));
#3881=ORIENTED_EDGE('',*,*,#3884,.T.);
#3882=ORIENTED_EDGE('',*,*,#3885,.T.);
#3883=ORIENTED_EDGE('',*,*,#3886,.T.);
#3884=EDGE_CURVE('',#399,#403,#3887,.F.);
#3885=EDGE_CURVE('',#403,#405,#3888,.T.);
#3886=EDGE_CURVE('',#405,#399,#3889,.T.);
#3887=LINE('',#398,#3890);
#3888=LINE('',#402,#3891);
#3889=LINE('',#404,#3892);
#3890=VECTOR('',#3893,1.0);
#3891=VECTOR('',#3894,1.0);
#3892=VECTOR('',#3895,1.0);
#3893=DIRECTION('',(-0.06842629378766218,-0.19941696671262116,0.97752274434185));
#3894=DIRECTION('',(0,0,-1));
#3895=DIRECTION('',(0.3245567392338114,0.945866228923475,0));
#3896=FACE_SURFACE('',(#3901),#3897,.T.);
#3897=PLANE('',#3898);
#3898=AXIS2_PLACEMENT_3D('',#406,#3899,#3900);
#3899=DIRECTION('',(0,-0,1));
#3900=DIRECTION('',(0.9477522012540027,0.319007468593123,0));
#3901=FACE_BOUND('',#3902,.T.);
#3902=EDGE_LOOP('',(#3903,#3904,#3905));
#3903=ORIENTED_EDGE('',*,*,#3906,.T.);
#3904=ORIENTED_EDGE('',*,*,#3907,.T.);
#3905=ORIENTED_EDGE('',*,*,#3908,.T.);
#3906=EDGE_CURVE('',#407,#409,#3909,.F.);
#3907=EDGE_CURVE('',#409,#179,#3910,.T.);
#3908=EDGE_CURVE('',#179,#407,#3911,.T.);
#3909=LINE('',#406,#3912);
#3910=LINE('',#408,#3913);
#3911=LINE('',#178,#3914);
#3912=VECTOR('',#3915,1.0);
#3913=VECTOR('',#3916,1.0);
#3914=VECTOR('',#3917,1.0);
#3915=DIRECTION('',(0.9477522012540027,0.319007468593123,0));
#3916=DIRECTION('',(-0.7623645822776081,0.6471477757735772,0));
#3917=DIRECTION('',(0.7408861410375144,-0.671630647021516,0));
#3918=FACE_SURFACE('',(#3923),#3919,.T.);
#3919=PLANE('',#3920);
#3920=AXIS2_PLACEMENT_3D('',#104,#3921,#3922);
#3921=DIRECTION('',(-0,-0,1));
#3922=DIRECTION('',(0.8143542492430595,-0.5803681217466833,0));
#3923=FACE_BOUND('',#3924,.T.);
#3924=EDGE_LOOP('',(#3925,#3926,#3927));
#3925=ORIENTED_EDGE('',*,*,#3928,.T.);
#3926=ORIENTED_EDGE('',*,*,#3929,.T.);
#3927=ORIENTED_EDGE('',*,*,#3930,.T.);
#3928=EDGE_CURVE('',#105,#103,#3931,.F.);
#3929=EDGE_CURVE('',#103,#393,#3932,.T.);
#3930=EDGE_CURVE('',#393,#105,#3933,.T.);
#3931=LINE('',#104,#3934);
#3932=LINE('',#102,#3935);
#3933=LINE('',#392,#3936);
#3934=VECTOR('',#3937,1.0);
#3935=VECTOR('',#3938,1.0);
#3936=VECTOR('',#3939,1.0);
#3937=DIRECTION('',(0.8143542492430595,-0.5803681217466833,0));
#3938=DIRECTION('',(-0.806781822618697,0.5908494653395678,0));
#3939=DIRECTION('',(0.1943371382148333,-0.980934797379759,0));
#3940=FACE_SURFACE('',(#3945),#3941,.T.);
#3941=PLANE('',#3942);
#3942=AXIS2_PLACEMENT_3D('',#206,#3943,#3944);
#3943=DIRECTION('',(0.19433545580907408,0.9809351306867745,0));
#3944=DIRECTION('',(0,0,-1));
#3945=FACE_BOUND('',#3946,.T.);
#3946=EDGE_LOOP('',(#3947,#3948,#3949));
#3947=ORIENTED_EDGE('',*,*,#3950,.T.);
#3948=ORIENTED_EDGE('',*,*,#3951,.T.);
#3949=ORIENTED_EDGE('',*,*,#3952,.T.);
#3950=EDGE_CURVE('',#207,#213,#3953,.F.);
#3951=EDGE_CURVE('',#213,#411,#3954,.T.);
#3952=EDGE_CURVE('',#411,#207,#3955,.T.);
#3953=LINE('',#206,#3956);
#3954=LINE('',#212,#3957);
#3955=LINE('',#410,#3958);
#3956=VECTOR('',#3959,1.0);
#3957=VECTOR('',#3960,1.0);
#3958=VECTOR('',#3961,1.0);
#3959=DIRECTION('',(0,0,-1));
#3960=DIRECTION('',(-0.9809351306867745,0.19433545580907408,0));
#3961=DIRECTION('',(0.20721580767969422,-0.04105203002372371,0.9774335475512305));
#3962=FACE_SURFACE('',(#3967),#3963,.T.);
#3963=PLANE('',#3964);
#3964=AXIS2_PLACEMENT_3D('',#206,#3965,#3966);
#3965=DIRECTION('',(0.19433545580907408,0.9809351306867745,0));
#3966=DIRECTION('',(-0.20721580767969422,0.04105203002372371,-0.9774335475512305));
#3967=FACE_BOUND('',#3968,.T.);
#3968=EDGE_LOOP('',(#3969,#3970,#3971));
#3969=ORIENTED_EDGE('',*,*,#3972,.T.);
#3970=ORIENTED_EDGE('',*,*,#3973,.T.);
#3971=ORIENTED_EDGE('',*,*,#3974,.T.);
#3972=EDGE_CURVE('',#207,#411,#3975,.F.);
#3973=EDGE_CURVE('',#411,#229,#3976,.T.);
#3974=EDGE_CURVE('',#229,#207,#3977,.T.);
#3975=LINE('',#206,#3978);
#3976=LINE('',#410,#3979);
#3977=LINE('',#228,#3980);
#3978=VECTOR('',#3981,1.0);
#3979=VECTOR('',#3982,1.0);
#3980=VECTOR('',#3983,1.0);
#3981=DIRECTION('',(-0.20721580767969422,0.04105203002372371,-0.9774335475512305));
#3982=DIRECTION('',(0,0,1));
#3983=DIRECTION('',(0.9809351306867745,-0.19433545580907408,0));
#3984=FACE_SURFACE('',(#3989),#3985,.T.);
#3985=PLANE('',#3986);
#3986=AXIS2_PLACEMENT_3D('',#412,#3987,#3988);
#3987=DIRECTION('',(0.8980980124849212,-0.43979536147012105,0));
#3988=DIRECTION('',(0,0,1));
#3989=FACE_BOUND('',#3990,.T.);
#3990=EDGE_LOOP('',(#3991,#3992,#3993));
#3991=ORIENTED_EDGE('',*,*,#3994,.T.);
#3992=ORIENTED_EDGE('',*,*,#3995,.T.);
#3993=ORIENTED_EDGE('',*,*,#3996,.T.);
#3994=EDGE_CURVE('',#413,#415,#3997,.F.);
#3995=EDGE_CURVE('',#415,#401,#3998,.T.);
#3996=EDGE_CURVE('',#401,#413,#3999,.T.);
#3997=LINE('',#412,#4000);
#3998=LINE('',#414,#4001);
#3999=LINE('',#400,#4002);
#4000=VECTOR('',#4003,1.0);
#4001=VECTOR('',#4004,1.0);
#4002=VECTOR('',#4005,1.0);
#4003=DIRECTION('',(0,0,1));
#4004=DIRECTION('',(-0.43979536147012105,-0.898098012484921,0));
#4005=DIRECTION('',(0.09285944783482167,0.18962656918919413,-0.9774553121270292));
#4006=FACE_SURFACE('',(#4011),#4007,.T.);
#4007=PLANE('',#4008);
#4008=AXIS2_PLACEMENT_3D('',#412,#4009,#4010);
#4009=DIRECTION('',(0.8980980124849212,-0.43979536147012105,0));
#4010=DIRECTION('',(-0.09285944783482167,-0.18962656918919413,0.9774553121270292));
#4011=FACE_BOUND('',#4012,.T.);
#4012=EDGE_LOOP('',(#4013,#4014,#4015));
#4013=ORIENTED_EDGE('',*,*,#4016,.T.);
#4014=ORIENTED_EDGE('',*,*,#4017,.T.);
#4015=ORIENTED_EDGE('',*,*,#4018,.T.);
#4016=EDGE_CURVE('',#413,#401,#4019,.F.);
#4017=EDGE_CURVE('',#401,#399,#4020,.T.);
#4018=EDGE_CURVE('',#399,#413,#4021,.T.);
#4019=LINE('',#412,#4022);
#4020=LINE('',#400,#4023);
#4021=LINE('',#398,#4024);
#4022=VECTOR('',#4025,1.0);
#4023=VECTOR('',#4026,1.0);
#4024=VECTOR('',#4027,1.0);
#4025=DIRECTION('',(-0.09285944783482167,-0.18962656918919413,0.9774553121270292));
#4026=DIRECTION('',(0,0,-1));
#4027=DIRECTION('',(0.43979536147012105,0.898098012484921,0));
#4028=FACE_SURFACE('',(#4033),#4029,.T.);
#4029=PLANE('',#4030);
#4030=AXIS2_PLACEMENT_3D('',#252,#4031,#4032);
#4031=DIRECTION('',(0.31900145061292456,0.9477542268472611,-0));
#4032=DIRECTION('',(0,0,1));
#4033=FACE_BOUND('',#4034,.T.);
#4034=EDGE_LOOP('',(#4035,#4036,#4037));
#4035=ORIENTED_EDGE('',*,*,#4038,.T.);
#4036=ORIENTED_EDGE('',*,*,#4039,.T.);
#4037=ORIENTED_EDGE('',*,*,#4040,.T.);
#4038=EDGE_CURVE('',#253,#417,#4041,.F.);
#4039=EDGE_CURVE('',#417,#411,#4042,.T.);
#4040=EDGE_CURVE('',#411,#253,#4043,.T.);
#4041=LINE('',#252,#4044);
#4042=LINE('',#416,#4045);
#4043=LINE('',#410,#4046);
#4044=VECTOR('',#4047,1.0);
#4045=VECTOR('',#4048,1.0);
#4046=VECTOR('',#4049,1.0);
#4047=DIRECTION('',(0,0,1));
#4048=DIRECTION('',(0.20036633119267114,-0.06744063861057575,-0.9773971012787926));
#4049=DIRECTION('',(-0.9477542268472612,0.31900145061292456,0));
#4050=FACE_SURFACE('',(#4055),#4051,.T.);
#4051=PLANE('',#4052);
#4052=AXIS2_PLACEMENT_3D('',#228,#4053,#4054);
#4053=DIRECTION('',(0.31900145061292456,0.9477542268472611,0));
#4054=DIRECTION('',(0,0,-1));
#4055=FACE_BOUND('',#4056,.T.);
#4056=EDGE_LOOP('',(#4057,#4058,#4059));
#4057=ORIENTED_EDGE('',*,*,#4060,.T.);
#4058=ORIENTED_EDGE('',*,*,#4061,.T.);
#4059=ORIENTED_EDGE('',*,*,#4062,.T.);
#4060=EDGE_CURVE('',#229,#411,#4063,.F.);
#4061=EDGE_CURVE('',#411,#417,#4064,.T.);
#4062=EDGE_CURVE('',#417,#229,#4065,.T.);
#4063=LINE('',#228,#4066);
#4064=LINE('',#410,#4067);
#4065=LINE('',#416,#4068);
#4066=VECTOR('',#4069,1.0);
#4067=VECTOR('',#4070,1.0);
#4068=VECTOR('',#4071,1.0);
#4069=DIRECTION('',(0,0,-1));
#4070=DIRECTION('',(-0.20036633119267114,0.06744063861057575,0.9773971012787926));
#4071=DIRECTION('',(0.9477542268472612,-0.31900145061292456,0));
#4072=FACE_SURFACE('',(#4077),#4073,.T.);
#4073=PLANE('',#4074);
#4074=AXIS2_PLACEMENT_3D('',#418,#4075,#4076);
#4075=DIRECTION('',(0.8320448686674365,-0.5547083346446026,0));
#4076=DIRECTION('',(0,0,1));
#4077=FACE_BOUND('',#4078,.T.);
#4078=EDGE_LOOP('',(#4079,#4080,#4081));
#4079=ORIENTED_EDGE('',*,*,#4082,.T.);
#4080=ORIENTED_EDGE('',*,*,#4083,.T.);
#4081=ORIENTED_EDGE('',*,*,#4084,.T.);
#4082=EDGE_CURVE('',#419,#421,#4085,.F.);
#4083=EDGE_CURVE('',#421,#415,#4086,.T.);
#4084=EDGE_CURVE('',#415,#419,#4087,.T.);
#4085=LINE('',#418,#4088);
#4086=LINE('',#420,#4089);
#4087=LINE('',#414,#4090);
#4088=VECTOR('',#4091,1.0);
#4089=VECTOR('',#4092,1.0);
#4090=VECTOR('',#4093,1.0);
#4091=DIRECTION('',(0,0,1));
#4092=DIRECTION('',(-0.5547083346446026,-0.8320448686674365,0));
#4093=DIRECTION('',(0.11728950937688971,0.17593053561758273,-0.9773902074542383));
#4094=FACE_SURFACE('',(#4099),#4095,.T.);
#4095=PLANE('',#4096);
#4096=AXIS2_PLACEMENT_3D('',#418,#4097,#4098);
#4097=DIRECTION('',(0.8320448686674365,-0.5547083346446026,0));
#4098=DIRECTION('',(-0.11728950937688971,-0.17593053561758273,0.9773902074542383));
#4099=FACE_BOUND('',#4100,.T.);
#4100=EDGE_LOOP('',(#4101,#4102,#4103));
#4101=ORIENTED_EDGE('',*,*,#4104,.T.);
#4102=ORIENTED_EDGE('',*,*,#4105,.T.);
#4103=ORIENTED_EDGE('',*,*,#4106,.T.);
#4104=EDGE_CURVE('',#419,#415,#4107,.F.);
#4105=EDGE_CURVE('',#415,#413,#4108,.T.);
#4106=EDGE_CURVE('',#413,#419,#4109,.T.);
#4107=LINE('',#418,#4110);
#4108=LINE('',#414,#4111);
#4109=LINE('',#412,#4112);
#4110=VECTOR('',#4113,1.0);
#4111=VECTOR('',#4114,1.0);
#4112=VECTOR('',#4115,1.0);
#4113=DIRECTION('',(-0.11728950937688971,-0.17593053561758273,0.9773902074542383));
#4114=DIRECTION('',(0,0,-1));
#4115=DIRECTION('',(0.5547083346446026,0.8320448686674365,0));
#4116=FACE_SURFACE('',(#4121),#4117,.T.);
#4117=PLANE('',#4118);
#4118=AXIS2_PLACEMENT_3D('',#422,#4119,#4120);
#4119=DIRECTION('',(0.7496977050779986,-0.6617804401769383,0));
#4120=DIRECTION('',(0,0,1));
#4121=FACE_BOUND('',#4122,.T.);
#4122=EDGE_LOOP('',(#4123,#4124,#4125));
#4123=ORIENTED_EDGE('',*,*,#4126,.T.);
#4124=ORIENTED_EDGE('',*,*,#4127,.T.);
#4125=ORIENTED_EDGE('',*,*,#4128,.T.);
#4126=EDGE_CURVE('',#423,#55,#4129,.F.);
#4127=EDGE_CURVE('',#55,#421,#4130,.T.);
#4128=EDGE_CURVE('',#421,#423,#4131,.T.);
#4129=LINE('',#422,#4132);
#4130=LINE('',#54,#4133);
#4131=LINE('',#420,#4134);
#4132=VECTOR('',#4135,1.0);
#4133=VECTOR('',#4136,1.0);
#4134=VECTOR('',#4137,1.0);
#4135=DIRECTION('',(0,0,1));
#4136=DIRECTION('',(-0.6617804401769383,-0.7496977050779987,0));
#4137=DIRECTION('',(0.13977194013639158,0.15834058608099036,-0.977441590863637));
#4138=FACE_SURFACE('',(#4143),#4139,.T.);
#4139=PLANE('',#4140);
#4140=AXIS2_PLACEMENT_3D('',#422,#4141,#4142);
#4141=DIRECTION('',(0.7496977050779986,-0.6617804401769383,0));
#4142=DIRECTION('',(-0.13977194013639158,-0.15834058608099036,0.977441590863637));
#4143=FACE_BOUND('',#4144,.T.);
#4144=EDGE_LOOP('',(#4145,#4146,#4147));
#4145=ORIENTED_EDGE('',*,*,#4148,.T.);
#4146=ORIENTED_EDGE('',*,*,#4149,.T.);
#4147=ORIENTED_EDGE('',*,*,#4150,.T.);
#4148=EDGE_CURVE('',#423,#421,#4151,.F.);
#4149=EDGE_CURVE('',#421,#419,#4152,.T.);
#4150=EDGE_CURVE('',#419,#423,#4153,.T.);
#4151=LINE('',#422,#4154);
#4152=LINE('',#420,#4155);
#4153=LINE('',#418,#4156);
#4154=VECTOR('',#4157,1.0);
#4155=VECTOR('',#4158,1.0);
#4156=VECTOR('',#4159,1.0);
#4157=DIRECTION('',(-0.13977194013639158,-0.15834058608099036,0.977441590863637));
#4158=DIRECTION('',(0,0,-1));
#4159=DIRECTION('',(0.6617804401769383,0.7496977050779987,0));
#4160=FACE_SURFACE('',(#4165),#4161,.T.);
#4161=PLANE('',#4162);
#4162=AXIS2_PLACEMENT_3D('',#424,#4163,#4164);
#4163=DIRECTION('',(0,-0,-1));
#4164=DIRECTION('',(0.8306150775948853,-0.5568470102928118,0));
#4165=FACE_BOUND('',#4166,.T.);
#4166=EDGE_LOOP('',(#4167,#4168,#4169));
#4167=ORIENTED_EDGE('',*,*,#4170,.T.);
#4168=ORIENTED_EDGE('',*,*,#4171,.T.);
#4169=ORIENTED_EDGE('',*,*,#4172,.T.);
#4170=EDGE_CURVE('',#425,#329,#4173,.F.);
#4171=EDGE_CURVE('',#329,#175,#4174,.T.);
#4172=EDGE_CURVE('',#175,#425,#4175,.T.);
#4173=LINE('',#424,#4176);
#4174=LINE('',#328,#4177);
#4175=LINE('',#174,#4178);
#4176=VECTOR('',#4179,1.0);
#4177=VECTOR('',#4180,1.0);
#4178=VECTOR('',#4181,1.0);
#4179=DIRECTION('',(0.8306150775948853,-0.5568470102928118,0));
#4180=DIRECTION('',(-0.14775120327255167,-0.9890245608333057,0));
#4181=DIRECTION('',(0.140693403234285,0.9900532138659794,0));
#4182=FACE_SURFACE('',(#4187),#4183,.T.);
#4183=PLANE('',#4184);
#4184=AXIS2_PLACEMENT_3D('',#426,#4185,#4186);
#4185=DIRECTION('',(0,-0,1));
#4186=DIRECTION('',(0.8175978683026961,0.5757896540811472,0));
#4187=FACE_BOUND('',#4188,.T.);
#4188=EDGE_LOOP('',(#4189,#4190,#4191));
#4189=ORIENTED_EDGE('',*,*,#4192,.T.);
#4190=ORIENTED_EDGE('',*,*,#4193,.T.);
#4191=ORIENTED_EDGE('',*,*,#4194,.T.);
#4192=EDGE_CURVE('',#427,#51,#4195,.F.);
#4193=EDGE_CURVE('',#51,#341,#4196,.T.);
#4194=EDGE_CURVE('',#341,#427,#4197,.T.);
#4195=LINE('',#426,#4198);
#4196=LINE('',#50,#4199);
#4197=LINE('',#340,#4200);
#4198=VECTOR('',#4201,1.0);
#4199=VECTOR('',#4202,1.0);
#4200=VECTOR('',#4203,1.0);
#4201=DIRECTION('',(0.8175978683026961,0.5757896540811472,0));
#4202=DIRECTION('',(-0.8563018238479957,-0.5164757365787828,0));
#4203=DIRECTION('',(0.9975976069888874,-0.06927491992088561,0));
#4204=FACE_SURFACE('',(#4209),#4205,.T.);
#4205=PLANE('',#4206);
#4206=AXIS2_PLACEMENT_3D('',#428,#4207,#4208);
#4207=DIRECTION('',(0,-0,1));
#4208=DIRECTION('',(0.7580320569953694,0.6522172955138257,0));
#4209=FACE_BOUND('',#4210,.T.);
#4210=EDGE_LOOP('',(#4211,#4212,#4213));
#4211=ORIENTED_EDGE('',*,*,#4214,.T.);
#4212=ORIENTED_EDGE('',*,*,#4215,.T.);
#4213=ORIENTED_EDGE('',*,*,#4216,.T.);
#4214=EDGE_CURVE('',#429,#51,#4217,.F.);
#4215=EDGE_CURVE('',#51,#427,#4218,.T.);
#4216=EDGE_CURVE('',#427,#429,#4219,.T.);
#4217=LINE('',#428,#4220);
#4218=LINE('',#50,#4221);
#4219=LINE('',#426,#4222);
#4220=VECTOR('',#4223,1.0);
#4221=VECTOR('',#4224,1.0);
#4222=VECTOR('',#4225,1.0);
#4223=DIRECTION('',(0.7580320569953694,0.6522172955138257,0));
#4224=DIRECTION('',(-0.8175978683026961,-0.5757896540811472,0));
#4225=DIRECTION('',(0.9809351306867745,-0.19433545580907408,0));
#4226=FACE_SURFACE('',(#4231),#4227,.T.);
#4227=PLANE('',#4228);
#4228=AXIS2_PLACEMENT_3D('',#430,#4229,#4230);
#4229=DIRECTION('',(0,-0,1));
#4230=DIRECTION('',(0.6723440989449365,0.7402387537909113,0));
#4231=FACE_BOUND('',#4232,.T.);
#4232=EDGE_LOOP('',(#4233,#4234,#4235));
#4233=ORIENTED_EDGE('',*,*,#4236,.T.);
#4234=ORIENTED_EDGE('',*,*,#4237,.T.);
#4235=ORIENTED_EDGE('',*,*,#4238,.T.);
#4236=EDGE_CURVE('',#431,#51,#4239,.F.);
#4237=EDGE_CURVE('',#51,#429,#4240,.T.);
#4238=EDGE_CURVE('',#429,#431,#4241,.T.);
#4239=LINE('',#430,#4242);
#4240=LINE('',#50,#4243);
#4241=LINE('',#428,#4244);
#4242=VECTOR('',#4245,1.0);
#4243=VECTOR('',#4246,1.0);
#4244=VECTOR('',#4247,1.0);
#4245=DIRECTION('',(0.6723440989449365,0.7402387537909113,0));
#4246=DIRECTION('',(-0.7580320569953694,-0.6522172955138257,0));
#4247=DIRECTION('',(0.9477546755148638,-0.3190001176170871,0));
#4248=FACE_SURFACE('',(#4253),#4249,.T.);
#4249=PLANE('',#4250);
#4250=AXIS2_PLACEMENT_3D('',#432,#4251,#4252);
#4251=DIRECTION('',(0,-0,1));
#4252=DIRECTION('',(0.5609527953225275,0.8278477887992711,0));
#4253=FACE_BOUND('',#4254,.T.);
#4254=EDGE_LOOP('',(#4255,#4256,#4257));
#4255=ORIENTED_EDGE('',*,*,#4258,.T.);
#4256=ORIENTED_EDGE('',*,*,#4259,.T.);
#4257=ORIENTED_EDGE('',*,*,#4260,.T.);
#4258=EDGE_CURVE('',#433,#51,#4261,.F.);
#4259=EDGE_CURVE('',#51,#431,#4262,.T.);
#4260=EDGE_CURVE('',#431,#433,#4263,.T.);
#4261=LINE('',#432,#4264);
#4262=LINE('',#50,#4265);
#4263=LINE('',#430,#4266);
#4264=VECTOR('',#4267,1.0);
#4265=VECTOR('',#4268,1.0);
#4266=VECTOR('',#4269,1.0);
#4267=DIRECTION('',(0.5609527953225275,0.8278477887992711,0));
#4268=DIRECTION('',(-0.6723440989449365,-0.7402387537909113,0));
#4269=DIRECTION('',(0.896265651280645,-0.44351762347676926,0));
#4270=FACE_SURFACE('',(#4275),#4271,.T.);
#4271=PLANE('',#4272);
#4272=AXIS2_PLACEMENT_3D('',#434,#4273,#4274);
#4273=DIRECTION('',(0,-0,1));
#4274=DIRECTION('',(0.4350697135558346,0.9003967705108921,0));
#4275=FACE_BOUND('',#4276,.T.);
#4276=EDGE_LOOP('',(#4277,#4278,#4279));
#4277=ORIENTED_EDGE('',*,*,#4280,.T.);
#4278=ORIENTED_EDGE('',*,*,#4281,.T.);
#4279=ORIENTED_EDGE('',*,*,#4282,.T.);
#4280=EDGE_CURVE('',#435,#51,#4283,.F.);
#4281=EDGE_CURVE('',#51,#433,#4284,.T.);
#4282=EDGE_CURVE('',#433,#435,#4285,.T.);
#4283=LINE('',#434,#4286);
#4284=LINE('',#50,#4287);
#4285=LINE('',#432,#4288);
#4286=VECTOR('',#4289,1.0);
#4287=VECTOR('',#4290,1.0);
#4288=VECTOR('',#4291,1.0);
#4289=DIRECTION('',(0.4350697135558346,0.9003967705108921,0));
#4290=DIRECTION('',(-0.5609527953225275,-0.8278477887992711,0));
#4291=DIRECTION('',(0.8306300800387705,-0.5568246314009337,0));
#4292=FACE_SURFACE('',(#4297),#4293,.T.);
#4293=PLANE('',#4294);
#4294=AXIS2_PLACEMENT_3D('',#436,#4295,#4296);
#4295=DIRECTION('',(0,-0,1));
#4296=DIRECTION('',(0.3104482366612558,0.950590286271597,0));
#4297=FACE_BOUND('',#4298,.T.);
#4298=EDGE_LOOP('',(#4299,#4300,#4301));
#4299=ORIENTED_EDGE('',*,*,#4302,.T.);
#4300=ORIENTED_EDGE('',*,*,#4303,.T.);
#4301=ORIENTED_EDGE('',*,*,#4304,.T.);
#4302=EDGE_CURVE('',#437,#51,#4305,.F.);
#4303=EDGE_CURVE('',#51,#435,#4306,.T.);
#4304=EDGE_CURVE('',#435,#437,#4307,.T.);
#4305=LINE('',#436,#4308);
#4306=LINE('',#50,#4309);
#4307=LINE('',#434,#4310);
#4308=VECTOR('',#4311,1.0);
#4309=VECTOR('',#4312,1.0);
#4310=VECTOR('',#4313,1.0);
#4311=DIRECTION('',(0.3104482366612558,0.950590286271597,0));
#4312=DIRECTION('',(-0.4350697135558346,-0.9003967705108921,0));
#4313=DIRECTION('',(0.7517088495423996,-0.6594951140983851,0));
#4314=FACE_SURFACE('',(#4319),#4315,.T.);
#4315=PLANE('',#4316);
#4316=AXIS2_PLACEMENT_3D('',#436,#4317,#4318);
#4317=DIRECTION('',(-0,0,1));
#4318=DIRECTION('',(0.6617854013387003,-0.7496933256838928,0));
#4319=FACE_BOUND('',#4320,.T.);
#4320=EDGE_LOOP('',(#4321,#4322,#4323));
#4321=ORIENTED_EDGE('',*,*,#4324,.T.);
#4322=ORIENTED_EDGE('',*,*,#4325,.T.);
#4323=ORIENTED_EDGE('',*,*,#4326,.T.);
#4324=EDGE_CURVE('',#437,#391,#4327,.F.);
#4325=EDGE_CURVE('',#391,#51,#4328,.T.);
#4326=EDGE_CURVE('',#51,#437,#4329,.T.);
#4327=LINE('',#436,#4330);
#4328=LINE('',#390,#4331);
#4329=LINE('',#50,#4332);
#4330=VECTOR('',#4333,1.0);
#4331=VECTOR('',#4334,1.0);
#4332=VECTOR('',#4335,1.0);
#4333=DIRECTION('',(0.6617854013387003,-0.7496933256838928,0));
#4334=DIRECTION('',(0.20309805213866097,0.9791584045584666,0));
#4335=DIRECTION('',(-0.3104482366612558,-0.950590286271597,0));
#4336=FACE_SURFACE('',(#4341),#4337,.T.);
#4337=PLANE('',#4338);
#4338=AXIS2_PLACEMENT_3D('',#394,#4339,#4340);
#4339=DIRECTION('',(0,-0,1));
#4340=DIRECTION('',(0.06231650330403418,0.9980564379913385,0));
#4341=FACE_BOUND('',#4342,.T.);
#4342=EDGE_LOOP('',(#4343,#4344,#4345));
#4343=ORIENTED_EDGE('',*,*,#4346,.T.);
#4344=ORIENTED_EDGE('',*,*,#4347,.T.);
#4345=ORIENTED_EDGE('',*,*,#4348,.T.);
#4346=EDGE_CURVE('',#395,#51,#4349,.F.);
#4347=EDGE_CURVE('',#51,#389,#4350,.T.);
#4348=EDGE_CURVE('',#389,#395,#4351,.T.);
#4349=LINE('',#394,#4352);
#4350=LINE('',#50,#4353);
#4351=LINE('',#388,#4354);
#4352=VECTOR('',#4355,1.0);
#4353=VECTOR('',#4356,1.0);
#4354=VECTOR('',#4357,1.0);
#4355=DIRECTION('',(0.06231650330403418,0.9980564379913385,0));
#4356=DIRECTION('',(-0.1202831279150084,-0.9927396280692041,0));
#4357=DIRECTION('',(0.43979536147012105,-0.898098012484921,0));
#4358=FACE_SURFACE('',(#4363),#4359,.T.);
#4359=PLANE('',#4360);
#4360=AXIS2_PLACEMENT_3D('',#42,#4361,#4362);
#4361=DIRECTION('',(-0,0,1));
#4362=DIRECTION('',(0.9453797061718554,-0.32597118148452386,0));
#4363=FACE_BOUND('',#4364,.T.);
#4364=EDGE_LOOP('',(#4365,#4366,#4367));
#4365=ORIENTED_EDGE('',*,*,#4368,.T.);
#4366=ORIENTED_EDGE('',*,*,#4369,.T.);
#4367=ORIENTED_EDGE('',*,*,#4370,.T.);
#4368=EDGE_CURVE('',#43,#339,#4371,.F.);
#4369=EDGE_CURVE('',#339,#51,#4372,.T.);
#4370=EDGE_CURVE('',#51,#43,#4373,.T.);
#4371=LINE('',#42,#4374);
#4372=LINE('',#338,#4375);
#4373=LINE('',#50,#4376);
#4374=VECTOR('',#4377,1.0);
#4375=VECTOR('',#4378,1.0);
#4376=VECTOR('',#4379,1.0);
#4377=DIRECTION('',(0.9453797061718554,-0.32597118148452386,0));
#4378=DIRECTION('',(0.879258909239943,0.4763441723399011,0));
#4379=DIRECTION('',(-1,0,0));
#4380=FACE_SURFACE('',(#4385),#4381,.T.);
#4381=PLANE('',#4382);
#4382=AXIS2_PLACEMENT_3D('',#438,#4383,#4384);
#4383=DIRECTION('',(0,0,1));
#4384=DIRECTION('',(0,-1,0));
#4385=FACE_BOUND('',#4386,.T.);
#4386=EDGE_LOOP('',(#4387,#4388,#4389));
#4387=ORIENTED_EDGE('',*,*,#4390,.T.);
#4388=ORIENTED_EDGE('',*,*,#4391,.T.);
#4389=ORIENTED_EDGE('',*,*,#4392,.T.);
#4390=EDGE_CURVE('',#439,#179,#4393,.F.);
#4391=EDGE_CURVE('',#179,#441,#4394,.T.);
#4392=EDGE_CURVE('',#441,#439,#4395,.T.);
#4393=LINE('',#438,#4396);
#4394=LINE('',#178,#4397);
#4395=LINE('',#440,#4398);
#4396=VECTOR('',#4399,1.0);
#4397=VECTOR('',#4400,1.0);
#4398=VECTOR('',#4401,1.0);
#4399=DIRECTION('',(0,-1,0));
#4400=DIRECTION('',(0.78050727874763,-0.6251466930424964,0));
#4401=DIRECTION('',(-0.0814005549949941,0.9966814684975872,0));
#4402=FACE_SURFACE('',(#4407),#4403,.T.);
#4403=PLANE('',#4404);
#4404=AXIS2_PLACEMENT_3D('',#416,#4405,#4406);
#4405=DIRECTION('',(0.44351587208692467,0.8962665179548852,0));
#4406=DIRECTION('',(0,0,-1));
#4407=FACE_BOUND('',#4408,.T.);
#4408=EDGE_LOOP('',(#4409,#4410,#4411));
#4409=ORIENTED_EDGE('',*,*,#4412,.T.);
#4410=ORIENTED_EDGE('',*,*,#4413,.T.);
#4411=ORIENTED_EDGE('',*,*,#4414,.T.);
#4412=EDGE_CURVE('',#417,#253,#4415,.F.);
#4413=EDGE_CURVE('',#253,#251,#4416,.T.);
#4414=EDGE_CURVE('',#251,#417,#4417,.T.);
#4415=LINE('',#416,#4418);
#4416=LINE('',#252,#4419);
#4417=LINE('',#250,#4420);
#4418=VECTOR('',#4421,1.0);
#4419=VECTOR('',#4422,1.0);
#4420=VECTOR('',#4423,1.0);
#4421=DIRECTION('',(0,0,-1));
#4422=DIRECTION('',(-0.1896092788843222,0.09382781013848616,0.9773661869563443));
#4423=DIRECTION('',(0.8962665179548853,-0.4435158720869247,0));
#4424=FACE_SURFACE('',(#4429),#4425,.T.);
#4425=PLANE('',#4426);
#4426=AXIS2_PLACEMENT_3D('',#442,#4427,#4428);
#4427=DIRECTION('',(0.6594929337811792,-0.7517107623898258,0));
#4428=DIRECTION('',(0,0,1));
#4429=FACE_BOUND('',#4430,.T.);
#4430=EDGE_LOOP('',(#4431,#4432,#4433));
#4431=ORIENTED_EDGE('',*,*,#4434,.T.);
#4432=ORIENTED_EDGE('',*,*,#4435,.T.);
#4433=ORIENTED_EDGE('',*,*,#4436,.T.);
#4434=EDGE_CURVE('',#443,#57,#4437,.F.);
#4435=EDGE_CURVE('',#57,#55,#4438,.T.);
#4436=EDGE_CURVE('',#55,#443,#4439,.T.);
#4437=LINE('',#442,#4440);
#4438=LINE('',#56,#4441);
#4439=LINE('',#54,#4442);
#4440=VECTOR('',#4443,1.0);
#4441=VECTOR('',#4444,1.0);
#4442=VECTOR('',#4445,1.0);
#4443=DIRECTION('',(0,0,1));
#4444=DIRECTION('',(-0.7517107623898257,-0.6594929337811792,0));
#4445=DIRECTION('',(0.15929987759578165,0.13975740255817137,-0.9772877863905608));
#4446=FACE_SURFACE('',(#4451),#4447,.T.);
#4447=PLANE('',#4448);
#4448=AXIS2_PLACEMENT_3D('',#442,#4449,#4450);
#4449=DIRECTION('',(0.6594929337811792,-0.7517107623898258,0));
#4450=DIRECTION('',(-0.15929987759578165,-0.13975740255817137,0.9772877863905608));
#4451=FACE_BOUND('',#4452,.T.);
#4452=EDGE_LOOP('',(#4453,#4454,#4455));
#4453=ORIENTED_EDGE('',*,*,#4456,.T.);
#4454=ORIENTED_EDGE('',*,*,#4457,.T.);
#4455=ORIENTED_EDGE('',*,*,#4458,.T.);
#4456=EDGE_CURVE('',#443,#55,#4459,.F.);
#4457=EDGE_CURVE('',#55,#423,#4460,.T.);
#4458=EDGE_CURVE('',#423,#443,#4461,.T.);
#4459=LINE('',#442,#4462);
#4460=LINE('',#54,#4463);
#4461=LINE('',#422,#4464);
#4462=VECTOR('',#4465,1.0);
#4463=VECTOR('',#4466,1.0);
#4464=VECTOR('',#4467,1.0);
#4465=DIRECTION('',(-0.15929987759578165,-0.13975740255817137,0.9772877863905608));
#4466=DIRECTION('',(0,0,-1));
#4467=DIRECTION('',(0.7517107623898257,0.6594929337811792,0));
#4468=FACE_SURFACE('',(#4473),#4469,.T.);
#4469=PLANE('',#4470);
#4470=AXIS2_PLACEMENT_3D('',#444,#4471,#4472);
#4471=DIRECTION('',(0,-0,-1));
#4472=DIRECTION('',(0.751728205033806,-0.6594730515772818,0));
#4473=FACE_BOUND('',#4474,.T.);
#4474=EDGE_LOOP('',(#4475,#4476,#4477));
#4475=ORIENTED_EDGE('',*,*,#4478,.T.);
#4476=ORIENTED_EDGE('',*,*,#4479,.T.);
#4477=ORIENTED_EDGE('',*,*,#4480,.T.);
#4478=EDGE_CURVE('',#445,#425,#4481,.F.);
#4479=EDGE_CURVE('',#425,#175,#4482,.T.);
#4480=EDGE_CURVE('',#175,#445,#4483,.T.);
#4481=LINE('',#444,#4484);
#4482=LINE('',#424,#4485);
#4483=LINE('',#174,#4486);
#4484=VECTOR('',#4487,1.0);
#4485=VECTOR('',#4488,1.0);
#4486=VECTOR('',#4489,1.0);
#4487=DIRECTION('',(0.751728205033806,-0.6594730515772818,0));
#4488=DIRECTION('',(-0.140693403234285,-0.9900532138659794,0));
#4489=DIRECTION('',(0.13413856590963152,0.9909625851341247,0));
#4490=FACE_SURFACE('',(#4495),#4491,.T.);
#4491=PLANE('',#4492);
#4492=AXIS2_PLACEMENT_3D('',#270,#4493,#4494);
#4493=DIRECTION('',(0.5568490571226201,0.8306137053899658,-0));
#4494=DIRECTION('',(0,0,1));
#4495=FACE_BOUND('',#4496,.T.);
#4496=EDGE_LOOP('',(#4497,#4498,#4499));
#4497=ORIENTED_EDGE('',*,*,#4500,.T.);
#4498=ORIENTED_EDGE('',*,*,#4501,.T.);
#4499=ORIENTED_EDGE('',*,*,#4502,.T.);
#4500=EDGE_CURVE('',#271,#447,#4503,.F.);
#4501=EDGE_CURVE('',#447,#251,#4504,.T.);
#4502=EDGE_CURVE('',#251,#271,#4505,.T.);
#4503=LINE('',#270,#4506);
#4504=LINE('',#446,#4507);
#4505=LINE('',#250,#4508);
#4506=VECTOR('',#4509,1.0);
#4507=VECTOR('',#4510,1.0);
#4508=VECTOR('',#4511,1.0);
#4509=DIRECTION('',(0,0,1));
#4510=DIRECTION('',(0.8306137053899658,-0.5568490571226201,0));
#4511=DIRECTION('',(-0.174982770063235,0.11730963490022103,-0.977557916310115));
#4512=FACE_SURFACE('',(#4517),#4513,.T.);
#4513=PLANE('',#4514);
#4514=AXIS2_PLACEMENT_3D('',#448,#4515,#4516);
#4515=DIRECTION('',(-0,0,-1));
#4516=DIRECTION('',(-0.6617744529869125,-0.7497029901059971,0));
#4517=FACE_BOUND('',#4518,.T.);
#4518=EDGE_LOOP('',(#4519,#4520,#4521));
#4519=ORIENTED_EDGE('',*,*,#4522,.T.);
#4520=ORIENTED_EDGE('',*,*,#4523,.T.);
#4521=ORIENTED_EDGE('',*,*,#4524,.T.);
#4522=EDGE_CURVE('',#449,#235,#4525,.F.);
#4523=EDGE_CURVE('',#235,#143,#4526,.T.);
#4524=EDGE_CURVE('',#143,#449,#4527,.T.);
#4525=LINE('',#448,#4528);
#4526=LINE('',#234,#4529);
#4527=LINE('',#142,#4530);
#4528=VECTOR('',#4531,1.0);
#4529=VECTOR('',#4532,1.0);
#4530=VECTOR('',#4533,1.0);
#4531=DIRECTION('',(-0.6617744529869125,-0.7497029901059971,0));
#4532=DIRECTION('',(0.10678472263893181,0.9942821646851191,0));
#4533=DIRECTION('',(-0.10462503422761073,-0.9945117406108746,0));
#4534=FACE_SURFACE('',(#4539),#4535,.T.);
#4535=PLANE('',#4536);
#4536=AXIS2_PLACEMENT_3D('',#56,#4537,#4538);
#4537=DIRECTION('',(0.5568225845802091,-0.83063145215036,0));
#4538=DIRECTION('',(0,0,-1));
#4539=FACE_BOUND('',#4540,.T.);
#4540=EDGE_LOOP('',(#4541,#4542,#4543));
#4541=ORIENTED_EDGE('',*,*,#4544,.T.);
#4542=ORIENTED_EDGE('',*,*,#4545,.T.);
#4543=ORIENTED_EDGE('',*,*,#4546,.T.);
#4544=EDGE_CURVE('',#57,#443,#4547,.F.);
#4545=EDGE_CURVE('',#443,#65,#4548,.T.);
#4546=EDGE_CURVE('',#65,#57,#4549,.T.);
#4547=LINE('',#56,#4550);
#4548=LINE('',#442,#4551);
#4549=LINE('',#64,#4552);
#4550=VECTOR('',#4553,1.0);
#4551=VECTOR('',#4554,1.0);
#4552=VECTOR('',#4555,1.0);
#4553=DIRECTION('',(0,0,-1));
#4554=DIRECTION('',(0.1749838268809502,0.11730226021582069,0.9775586120935958));
#4555=DIRECTION('',(-0.8306314521503602,-0.5568225845802091,0));
#4556=FACE_SURFACE('',(#4561),#4557,.T.);
#4557=PLANE('',#4558);
#4558=AXIS2_PLACEMENT_3D('',#450,#4559,#4560);
#4559=DIRECTION('',(0.5568225845802091,-0.83063145215036,0));
#4560=DIRECTION('',(0,0,1));
#4561=FACE_BOUND('',#4562,.T.);
#4562=EDGE_LOOP('',(#4563,#4564,#4565));
#4563=ORIENTED_EDGE('',*,*,#4566,.T.);
#4564=ORIENTED_EDGE('',*,*,#4567,.T.);
#4565=ORIENTED_EDGE('',*,*,#4568,.T.);
#4566=EDGE_CURVE('',#451,#65,#4569,.F.);
#4567=EDGE_CURVE('',#65,#443,#4570,.T.);
#4568=EDGE_CURVE('',#443,#451,#4571,.T.);
#4569=LINE('',#450,#4572);
#4570=LINE('',#64,#4573);
#4571=LINE('',#442,#4574);
#4572=VECTOR('',#4575,1.0);
#4573=VECTOR('',#4576,1.0);
#4574=VECTOR('',#4577,1.0);
#4575=DIRECTION('',(0,0,1));
#4576=DIRECTION('',(-0.1749838268809502,-0.11730226021582069,-0.9775586120935958));
#4577=DIRECTION('',(0.8306314521503602,0.5568225845802091,0));
#4578=FACE_SURFACE('',(#4583),#4579,.T.);
#4579=PLANE('',#4580);
#4580=AXIS2_PLACEMENT_3D('',#452,#4581,#4582);
#4581=DIRECTION('',(0,0,1));
#4582=DIRECTION('',(-0.9477546755148638,-0.3190001176170871,0));
#4583=FACE_BOUND('',#4584,.T.);
#4584=EDGE_LOOP('',(#4585,#4586,#4587));
#4585=ORIENTED_EDGE('',*,*,#4588,.T.);
#4586=ORIENTED_EDGE('',*,*,#4589,.T.);
#4587=ORIENTED_EDGE('',*,*,#4590,.T.);
#4588=EDGE_CURVE('',#453,#455,#4591,.F.);
#4589=EDGE_CURVE('',#455,#181,#4592,.T.);
#4590=EDGE_CURVE('',#181,#453,#4593,.T.);
#4591=LINE('',#452,#4594);
#4592=LINE('',#454,#4595);
#4593=LINE('',#180,#4596);
#4594=VECTOR('',#4597,1.0);
#4595=VECTOR('',#4598,1.0);
#4596=VECTOR('',#4599,1.0);
#4597=DIRECTION('',(-0.9477546755148638,-0.3190001176170871,0));
#4598=DIRECTION('',(0.16301726229564123,-0.9866232169342226,0));
#4599=DIRECTION('',(-0.1552532122727595,0.9878747086948777,0));
#4600=FACE_SURFACE('',(#4605),#4601,.T.);
#4601=PLANE('',#4602);
#4602=AXIS2_PLACEMENT_3D('',#456,#4603,#4604);
#4603=DIRECTION('',(0,-0,1));
#4604=DIRECTION('',(0.0814004884015757,0.9966814739363751,0));
#4605=FACE_BOUND('',#4606,.T.);
#4606=EDGE_LOOP('',(#4607,#4608,#4609));
#4607=ORIENTED_EDGE('',*,*,#4610,.T.);
#4608=ORIENTED_EDGE('',*,*,#4611,.T.);
#4609=ORIENTED_EDGE('',*,*,#4612,.T.);
#4610=EDGE_CURVE('',#457,#181,#4613,.F.);
#4611=EDGE_CURVE('',#181,#217,#4614,.T.);
#4612=EDGE_CURVE('',#217,#457,#4615,.T.);
#4613=LINE('',#456,#4616);
#4614=LINE('',#180,#4617);
#4615=LINE('',#216,#4618);
#4616=VECTOR('',#4619,1.0);
#4617=VECTOR('',#4620,1.0);
#4618=VECTOR('',#4621,1.0);
#4619=DIRECTION('',(0.0814004884015757,0.9966814739363751,0));
#4620=DIRECTION('',(-0.08519031011146706,-0.9963646978205881,0));
#4621=DIRECTION('',(0.9979061253641285,-0.06467893753574257,0));
#4622=FACE_SURFACE('',(#4627),#4623,.T.);
#4623=PLANE('',#4624);
#4624=AXIS2_PLACEMENT_3D('',#458,#4625,#4626);
#4625=DIRECTION('',(0,-0,1));
#4626=DIRECTION('',(0.09254125386099694,0.9957088511878532,0));
#4627=FACE_BOUND('',#4628,.T.);
#4628=EDGE_LOOP('',(#4629,#4630,#4631));
#4629=ORIENTED_EDGE('',*,*,#4632,.T.);
#4630=ORIENTED_EDGE('',*,*,#4633,.T.);
#4631=ORIENTED_EDGE('',*,*,#4634,.T.);
#4632=EDGE_CURVE('',#459,#181,#4635,.F.);
#4633=EDGE_CURVE('',#181,#461,#4636,.T.);
#4634=EDGE_CURVE('',#461,#459,#4637,.T.);
#4635=LINE('',#458,#4638);
#4636=LINE('',#180,#4639);
#4637=LINE('',#460,#4640);
#4638=VECTOR('',#4641,1.0);
#4639=VECTOR('',#4642,1.0);
#4640=VECTOR('',#4643,1.0);
#4641=DIRECTION('',(0.09254125386099694,0.9957088511878532,0));
#4642=DIRECTION('',(-0.09598942396766943,-0.9953823539154966,0));
#4643=DIRECTION('',(0.9477548933462073,0.31899947043579735,0));
#4644=FACE_SURFACE('',(#4649),#4645,.T.);
#4645=PLANE('',#4646);
#4646=AXIS2_PLACEMENT_3D('',#416,#4647,#4648);
#4647=DIRECTION('',(0,0,1));
#4648=DIRECTION('',(-0.8962665179548853,0.4435158720869247,0));
#4649=FACE_BOUND('',#4650,.T.);
#4650=EDGE_LOOP('',(#4651,#4652,#4653));
#4651=ORIENTED_EDGE('',*,*,#4654,.T.);
#4652=ORIENTED_EDGE('',*,*,#4655,.T.);
#4653=ORIENTED_EDGE('',*,*,#4656,.T.);
#4654=EDGE_CURVE('',#417,#251,#4657,.F.);
#4655=EDGE_CURVE('',#251,#181,#4658,.T.);
#4656=EDGE_CURVE('',#181,#417,#4659,.T.);
#4657=LINE('',#416,#4660);
#4658=LINE('',#250,#4661);
#4659=LINE('',#180,#4662);
#4660=VECTOR('',#4663,1.0);
#4661=VECTOR('',#4664,1.0);
#4662=VECTOR('',#4665,1.0);
#4663=DIRECTION('',(-0.8962665179548853,0.4435158720869247,0));
#4664=DIRECTION('',(0.20627062853026623,-0.9784949809813686,0));
#4665=DIRECTION('',(-0.20018902252194518,0.9797572940589461,0));
#4666=FACE_SURFACE('',(#4671),#4667,.T.);
#4667=PLANE('',#4668);
#4668=AXIS2_PLACEMENT_3D('',#446,#4669,#4670);
#4669=DIRECTION('',(0,0,1));
#4670=DIRECTION('',(-0.7517243794618831,0.6594774122914648,0));
#4671=FACE_BOUND('',#4672,.T.);
#4672=EDGE_LOOP('',(#4673,#4674,#4675));
#4673=ORIENTED_EDGE('',*,*,#4676,.T.);
#4674=ORIENTED_EDGE('',*,*,#4677,.T.);
#4675=ORIENTED_EDGE('',*,*,#4678,.T.);
#4676=EDGE_CURVE('',#447,#463,#4679,.F.);
#4677=EDGE_CURVE('',#463,#181,#4680,.T.);
#4678=EDGE_CURVE('',#181,#447,#4681,.T.);
#4679=LINE('',#446,#4682);
#4680=LINE('',#462,#4683);
#4681=LINE('',#180,#4684);
#4682=VECTOR('',#4685,1.0);
#4683=VECTOR('',#4686,1.0);
#4684=VECTOR('',#4687,1.0);
#4685=DIRECTION('',(-0.7517243794618831,0.6594774122914648,0));
#4686=DIRECTION('',(0.2161163822902304,-0.9763676097176632,0));
#4687=DIRECTION('',(-0.2115875691401385,0.9773590438448744,0));
#4688=FACE_SURFACE('',(#4693),#4689,.T.);
#4689=PLANE('',#4690);
#4690=AXIS2_PLACEMENT_3D('',#462,#4691,#4692);
#4691=DIRECTION('',(0,0,1));
#4692=DIRECTION('',(-0.6617678840819772,0.749708788529028,0));
#4693=FACE_BOUND('',#4694,.T.);
#4694=EDGE_LOOP('',(#4695,#4696,#4697));
#4695=ORIENTED_EDGE('',*,*,#4698,.T.);
#4696=ORIENTED_EDGE('',*,*,#4699,.T.);
#4697=ORIENTED_EDGE('',*,*,#4700,.T.);
#4698=EDGE_CURVE('',#463,#465,#4701,.F.);
#4699=EDGE_CURVE('',#465,#181,#4702,.T.);
#4700=EDGE_CURVE('',#181,#463,#4703,.T.);
#4701=LINE('',#462,#4704);
#4702=LINE('',#464,#4705);
#4703=LINE('',#180,#4706);
#4704=VECTOR('',#4707,1.0);
#4705=VECTOR('',#4708,1.0);
#4706=VECTOR('',#4709,1.0);
#4707=DIRECTION('',(-0.6617678840819772,0.749708788529028,0));
#4708=DIRECTION('',(0.21975921429303974,-0.975554143927084,0));
#4709=DIRECTION('',(-0.2161163822902304,0.9763676097176632,0));
#4710=FACE_SURFACE('',(#4715),#4711,.T.);
#4711=PLANE('',#4712);
#4712=AXIS2_PLACEMENT_3D('',#318,#4713,#4714);
#4713=DIRECTION('',(-0,0,1));
#4714=DIRECTION('',(-0.21975937621649091,-0.9755541074512161,0));
#4715=FACE_BOUND('',#4716,.T.);
#4716=EDGE_LOOP('',(#4717,#4718,#4719));
#4717=ORIENTED_EDGE('',*,*,#4720,.T.);
#4718=ORIENTED_EDGE('',*,*,#4721,.T.);
#4719=ORIENTED_EDGE('',*,*,#4722,.T.);
#4720=EDGE_CURVE('',#319,#439,#4723,.F.);
#4721=EDGE_CURVE('',#439,#309,#4724,.T.);
#4722=EDGE_CURVE('',#309,#319,#4725,.T.);
#4723=LINE('',#318,#4726);
#4724=LINE('',#438,#4727);
#4725=LINE('',#308,#4728);
#4726=VECTOR('',#4729,1.0);
#4727=VECTOR('',#4730,1.0);
#4728=VECTOR('',#4731,1.0);
#4729=DIRECTION('',(-0.21975937621649091,-0.9755541074512161,0));
#4730=DIRECTION('',(0.22243708517654837,0.9749470463251638,0));
#4731=DIRECTION('',(-0.5546839189088518,-0.83206114565212,0));
#4732=FACE_SURFACE('',(#4737),#4733,.T.);
#4733=PLANE('',#4734);
#4734=AXIS2_PLACEMENT_3D('',#386,#4735,#4736);
#4735=DIRECTION('',(-0,0,1));
#4736=DIRECTION('',(-0.2161163496309437,-0.9763676169467091,0));
#4737=FACE_BOUND('',#4738,.T.);
#4738=EDGE_LOOP('',(#4739,#4740,#4741));
#4739=ORIENTED_EDGE('',*,*,#4742,.T.);
#4740=ORIENTED_EDGE('',*,*,#4743,.T.);
#4741=ORIENTED_EDGE('',*,*,#4744,.T.);
#4742=EDGE_CURVE('',#387,#439,#4745,.F.);
#4743=EDGE_CURVE('',#439,#319,#4746,.T.);
#4744=EDGE_CURVE('',#319,#387,#4747,.T.);
#4745=LINE('',#386,#4748);
#4746=LINE('',#438,#4749);
#4747=LINE('',#318,#4750);
#4748=VECTOR('',#4751,1.0);
#4749=VECTOR('',#4752,1.0);
#4750=VECTOR('',#4753,1.0);
#4751=DIRECTION('',(-0.2161163496309437,-0.9763676169467091,0));
#4752=DIRECTION('',(0.21975937621649091,0.9755541074512161,0));
#4753=DIRECTION('',(-0.6617827672656184,-0.7496956508812496,0));
#4754=FACE_SURFACE('',(#4759),#4755,.T.);
#4755=PLANE('',#4756);
#4756=AXIS2_PLACEMENT_3D('',#466,#4757,#4758);
#4757=DIRECTION('',(-0,0,-1));
#4758=DIRECTION('',(-0.7517189285608283,-0.6594836256067017,0));
#4759=FACE_BOUND('',#4760,.T.);
#4760=EDGE_LOOP('',(#4761,#4762,#4763));
#4761=ORIENTED_EDGE('',*,*,#4764,.T.);
#4762=ORIENTED_EDGE('',*,*,#4765,.T.);
#4763=ORIENTED_EDGE('',*,*,#4766,.T.);
#4764=EDGE_CURVE('',#467,#449,#4767,.F.);
#4765=EDGE_CURVE('',#449,#143,#4768,.T.);
#4766=EDGE_CURVE('',#143,#467,#4769,.T.);
#4767=LINE('',#466,#4770);
#4768=LINE('',#448,#4771);
#4769=LINE('',#142,#4772);
#4770=VECTOR('',#4773,1.0);
#4771=VECTOR('',#4774,1.0);
#4772=VECTOR('',#4775,1.0);
#4773=DIRECTION('',(-0.7517189285608283,-0.6594836256067017,0));
#4774=DIRECTION('',(0.10462503422761073,0.9945117406108746,0));
#4775=DIRECTION('',(-0.10207267120920711,-0.9947769447429997,0));
#4776=FACE_SURFACE('',(#4781),#4777,.T.);
#4777=PLANE('',#4778);
#4778=AXIS2_PLACEMENT_3D('',#446,#4779,#4780);
#4779=DIRECTION('',(0.659477412291465,0.7517243794618831,0));
#4780=DIRECTION('',(0,0,-1));
#4781=FACE_BOUND('',#4782,.T.);
#4782=EDGE_LOOP('',(#4783,#4784,#4785));
#4783=ORIENTED_EDGE('',*,*,#4786,.T.);
#4784=ORIENTED_EDGE('',*,*,#4787,.T.);
#4785=ORIENTED_EDGE('',*,*,#4788,.T.);
#4786=EDGE_CURVE('',#447,#271,#4789,.F.);
#4787=EDGE_CURVE('',#271,#469,#4790,.T.);
#4788=EDGE_CURVE('',#469,#447,#4791,.T.);
#4789=LINE('',#446,#4792);
#4790=LINE('',#270,#4793);
#4791=LINE('',#468,#4794);
#4792=VECTOR('',#4795,1.0);
#4793=VECTOR('',#4796,1.0);
#4794=VECTOR('',#4797,1.0);
#4795=DIRECTION('',(0,0,-1));
#4796=DIRECTION('',(-0.7517243794618831,0.6594774122914648,0));
#4797=DIRECTION('',(0.1592982268608963,-0.1397501335636401,0.9772890949396291));
#4798=FACE_SURFACE('',(#4803),#4799,.T.);
#4799=PLANE('',#4800);
#4800=AXIS2_PLACEMENT_3D('',#446,#4801,#4802);
#4801=DIRECTION('',(0.659477412291465,0.7517243794618831,0));
#4802=DIRECTION('',(-0.1592982268608963,0.1397501335636401,-0.9772890949396291));
#4803=FACE_BOUND('',#4804,.T.);
#4804=EDGE_LOOP('',(#4805,#4806,#4807));
#4805=ORIENTED_EDGE('',*,*,#4808,.T.);
#4806=ORIENTED_EDGE('',*,*,#4809,.T.);
#4807=ORIENTED_EDGE('',*,*,#4810,.T.);
#4808=EDGE_CURVE('',#447,#469,#4811,.F.);
#4809=EDGE_CURVE('',#469,#463,#4812,.T.);
#4810=EDGE_CURVE('',#463,#447,#4813,.T.);
#4811=LINE('',#446,#4814);
#4812=LINE('',#468,#4815);
#4813=LINE('',#462,#4816);
#4814=VECTOR('',#4817,1.0);
#4815=VECTOR('',#4818,1.0);
#4816=VECTOR('',#4819,1.0);
#4817=DIRECTION('',(-0.1592982268608963,0.1397501335636401,-0.9772890949396291));
#4818=DIRECTION('',(0,0,1));
#4819=DIRECTION('',(0.7517243794618831,-0.6594774122914648,0));
#4820=FACE_SURFACE('',(#4825),#4821,.T.);
#4821=PLANE('',#4822);
#4822=AXIS2_PLACEMENT_3D('',#470,#4823,#4824);
#4823=DIRECTION('',(0.44351587208692467,-0.8962665179548852,0));
#4824=DIRECTION('',(0,0,1));
#4825=FACE_BOUND('',#4826,.T.);
#4826=EDGE_LOOP('',(#4827,#4828,#4829));
#4827=ORIENTED_EDGE('',*,*,#4830,.T.);
#4828=ORIENTED_EDGE('',*,*,#4831,.T.);
#4829=ORIENTED_EDGE('',*,*,#4832,.T.);
#4830=EDGE_CURVE('',#471,#79,#4833,.F.);
#4831=EDGE_CURVE('',#79,#65,#4834,.T.);
#4832=EDGE_CURVE('',#65,#471,#4835,.T.);
#4833=LINE('',#470,#4836);
#4834=LINE('',#78,#4837);
#4835=LINE('',#64,#4838);
#4836=VECTOR('',#4839,1.0);
#4837=VECTOR('',#4840,1.0);
#4838=VECTOR('',#4841,1.0);
#4839=DIRECTION('',(0,0,1));
#4840=DIRECTION('',(-0.8962665179548853,-0.4435158720869247,0));
#4841=DIRECTION('',(0.1896092788843222,0.09382781013848616,-0.9773661869563443));
#4842=FACE_SURFACE('',(#4847),#4843,.T.);
#4843=PLANE('',#4844);
#4844=AXIS2_PLACEMENT_3D('',#470,#4845,#4846);
#4845=DIRECTION('',(0.44351587208692467,-0.8962665179548852,0));
#4846=DIRECTION('',(-0.1896092788843222,-0.09382781013848616,0.9773661869563443));
#4847=FACE_BOUND('',#4848,.T.);
#4848=EDGE_LOOP('',(#4849,#4850,#4851));
#4849=ORIENTED_EDGE('',*,*,#4852,.T.);
#4850=ORIENTED_EDGE('',*,*,#4853,.T.);
#4851=ORIENTED_EDGE('',*,*,#4854,.T.);
#4852=EDGE_CURVE('',#471,#65,#4855,.F.);
#4853=EDGE_CURVE('',#65,#451,#4856,.T.);
#4854=EDGE_CURVE('',#451,#471,#4857,.T.);
#4855=LINE('',#470,#4858);
#4856=LINE('',#64,#4859);
#4857=LINE('',#450,#4860);
#4858=VECTOR('',#4861,1.0);
#4859=VECTOR('',#4862,1.0);
#4860=VECTOR('',#4863,1.0);
#4861=DIRECTION('',(-0.1896092788843222,-0.09382781013848616,0.9773661869563443));
#4862=DIRECTION('',(0,0,-1));
#4863=DIRECTION('',(0.8962665179548853,0.4435158720869247,0));
#4864=FACE_SURFACE('',(#4869),#4865,.T.);
#4865=PLANE('',#4866);
#4866=AXIS2_PLACEMENT_3D('',#308,#4867,#4868);
#4867=DIRECTION('',(0,0,1));
#4868=DIRECTION('',(-0.22243708517654837,-0.9749470463251638,0));
#4869=FACE_BOUND('',#4870,.T.);
#4870=EDGE_LOOP('',(#4871,#4872,#4873));
#4871=ORIENTED_EDGE('',*,*,#4874,.T.);
#4872=ORIENTED_EDGE('',*,*,#4875,.T.);
#4873=ORIENTED_EDGE('',*,*,#4876,.T.);
#4874=EDGE_CURVE('',#309,#439,#4877,.F.);
#4875=EDGE_CURVE('',#439,#337,#4878,.T.);
#4876=EDGE_CURVE('',#337,#309,#4879,.T.);
#4877=LINE('',#308,#4880);
#4878=LINE('',#438,#4881);
#4879=LINE('',#336,#4882);
#4880=VECTOR('',#4883,1.0);
#4881=VECTOR('',#4884,1.0);
#4882=VECTOR('',#4885,1.0);
#4883=DIRECTION('',(-0.22243708517654837,-0.9749470463251638,0));
#4884=DIRECTION('',(0.10850432205189453,-0.994095977306044,0));
#4885=DIRECTION('',(0,1,0));
#4886=FACE_SURFACE('',(#4891),#4887,.T.);
#4887=PLANE('',#4888);
#4888=AXIS2_PLACEMENT_3D('',#472,#4889,#4890);
#4889=DIRECTION('',(-0,0,-1));
#4890=DIRECTION('',(-0.8306198458917827,-0.5568398976462725,0));
#4891=FACE_BOUND('',#4892,.T.);
#4892=EDGE_LOOP('',(#4893,#4894,#4895));
#4893=ORIENTED_EDGE('',*,*,#4896,.T.);
#4894=ORIENTED_EDGE('',*,*,#4897,.T.);
#4895=ORIENTED_EDGE('',*,*,#4898,.T.);
#4896=EDGE_CURVE('',#473,#467,#4899,.F.);
#4897=EDGE_CURVE('',#467,#143,#4900,.T.);
#4898=EDGE_CURVE('',#143,#473,#4901,.T.);
#4899=LINE('',#472,#4902);
#4900=LINE('',#466,#4903);
#4901=LINE('',#142,#4904);
#4902=VECTOR('',#4905,1.0);
#4903=VECTOR('',#4906,1.0);
#4904=VECTOR('',#4907,1.0);
#4905=DIRECTION('',(-0.8306198458917827,-0.5568398976462725,0));
#4906=DIRECTION('',(0.10207267120920711,0.9947769447429997,0));
#4907=DIRECTION('',(-0.09918870396634977,-0.9950686413536887,0));
#4908=FACE_SURFACE('',(#4913),#4909,.T.);
#4909=PLANE('',#4910);
#4910=AXIS2_PLACEMENT_3D('',#268,#4911,#4912);
#4911=DIRECTION('',(0,0,1));
#4912=DIRECTION('',(-0.43979536147012105,-0.898098012484921,0));
#4913=FACE_BOUND('',#4914,.T.);
#4914=EDGE_LOOP('',(#4915,#4916,#4917));
#4915=ORIENTED_EDGE('',*,*,#4918,.T.);
#4916=ORIENTED_EDGE('',*,*,#4919,.T.);
#4917=ORIENTED_EDGE('',*,*,#4920,.T.);
#4918=EDGE_CURVE('',#269,#309,#4921,.F.);
#4919=EDGE_CURVE('',#309,#337,#4922,.T.);
#4920=EDGE_CURVE('',#337,#269,#4923,.T.);
#4921=LINE('',#268,#4924);
#4922=LINE('',#308,#4925);
#4923=LINE('',#336,#4926);
#4924=VECTOR('',#4927,1.0);
#4925=VECTOR('',#4928,1.0);
#4926=VECTOR('',#4929,1.0);
#4927=DIRECTION('',(-0.43979536147012105,-0.898098012484921,0));
#4928=DIRECTION('',(0,-1,0));
#4929=DIRECTION('',(0.0011144876813247175,0.9999993789584113,0));
#4930=FACE_SURFACE('',(#4935),#4931,.T.);
#4931=PLANE('',#4932);
#4932=AXIS2_PLACEMENT_3D('',#474,#4933,#4934);
#4933=DIRECTION('',(-0,0,-1));
#4934=DIRECTION('',(-0.8962673936458815,-0.4435141024671238,0));
#4935=FACE_BOUND('',#4936,.T.);
#4936=EDGE_LOOP('',(#4937,#4938,#4939));
#4937=ORIENTED_EDGE('',*,*,#4940,.T.);
#4938=ORIENTED_EDGE('',*,*,#4941,.T.);
#4939=ORIENTED_EDGE('',*,*,#4942,.T.);
#4940=EDGE_CURVE('',#475,#473,#4943,.F.);
#4941=EDGE_CURVE('',#473,#143,#4944,.T.);
#4942=EDGE_CURVE('',#143,#475,#4945,.T.);
#4943=LINE('',#474,#4946);
#4944=LINE('',#472,#4947);
#4945=LINE('',#142,#4948);
#4946=VECTOR('',#4949,1.0);
#4947=VECTOR('',#4950,1.0);
#4948=VECTOR('',#4951,1.0);
#4949=DIRECTION('',(-0.8962673936458815,-0.4435141024671238,0));
#4950=DIRECTION('',(0.09918870396634977,0.9950686413536887,0));
#4951=DIRECTION('',(-0.09598942396766943,-0.9953823539154966,0));
#4952=FACE_SURFACE('',(#4957),#4953,.T.);
#4953=PLANE('',#4954);
#4954=AXIS2_PLACEMENT_3D('',#476,#4955,#4956);
#4955=DIRECTION('',(0.3190094488086488,-0.9477515347235277,0));
#4956=DIRECTION('',(0,0,1));
#4957=FACE_BOUND('',#4958,.T.);
#4958=EDGE_LOOP('',(#4959,#4960,#4961));
#4959=ORIENTED_EDGE('',*,*,#4962,.T.);
#4960=ORIENTED_EDGE('',*,*,#4963,.T.);
#4961=ORIENTED_EDGE('',*,*,#4964,.T.);
#4962=EDGE_CURVE('',#477,#77,#4965,.F.);
#4963=EDGE_CURVE('',#77,#79,#4966,.T.);
#4964=EDGE_CURVE('',#79,#477,#4967,.T.);
#4965=LINE('',#476,#4968);
#4966=LINE('',#76,#4969);
#4967=LINE('',#78,#4970);
#4968=VECTOR('',#4971,1.0);
#4969=VECTOR('',#4972,1.0);
#4970=VECTOR('',#4973,1.0);
#4971=DIRECTION('',(0,0,1));
#4972=DIRECTION('',(-0.9477515347235277,-0.3190094488086488,0));
#4973=DIRECTION('',(0.20036096300128073,0.06744071418302068,-0.9773981965277425));
#4974=FACE_SURFACE('',(#4979),#4975,.T.);
#4975=PLANE('',#4976);
#4976=AXIS2_PLACEMENT_3D('',#476,#4977,#4978);
#4977=DIRECTION('',(0.3190094488086488,-0.9477515347235277,0));
#4978=DIRECTION('',(-0.20036096300128073,-0.06744071418302068,0.9773981965277425));
#4979=FACE_BOUND('',#4980,.T.);
#4980=EDGE_LOOP('',(#4981,#4982,#4983));
#4981=ORIENTED_EDGE('',*,*,#4984,.T.);
#4982=ORIENTED_EDGE('',*,*,#4985,.T.);
#4983=ORIENTED_EDGE('',*,*,#4986,.T.);
#4984=EDGE_CURVE('',#477,#79,#4987,.F.);
#4985=EDGE_CURVE('',#79,#471,#4988,.T.);
#4986=EDGE_CURVE('',#471,#477,#4989,.T.);
#4987=LINE('',#476,#4990);
#4988=LINE('',#78,#4991);
#4989=LINE('',#470,#4992);
#4990=VECTOR('',#4993,1.0);
#4991=VECTOR('',#4994,1.0);
#4992=VECTOR('',#4995,1.0);
#4993=DIRECTION('',(-0.20036096300128073,-0.06744071418302068,0.9773981965277425));
#4994=DIRECTION('',(0,0,-1));
#4995=DIRECTION('',(0.9477515347235277,0.3190094488086488,0));
#4996=FACE_SURFACE('',(#5001),#4997,.T.);
#4997=PLANE('',#4998);
#4998=AXIS2_PLACEMENT_3D('',#246,#4999,#5000);
#4999=DIRECTION('',(0,0,1));
#5000=DIRECTION('',(-0.32456759895275417,-0.9458625025393723,0));
#5001=FACE_BOUND('',#5002,.T.);
#5002=EDGE_LOOP('',(#5003,#5004,#5005));
#5003=ORIENTED_EDGE('',*,*,#5006,.T.);
#5004=ORIENTED_EDGE('',*,*,#5007,.T.);
#5005=ORIENTED_EDGE('',*,*,#5008,.T.);
#5006=EDGE_CURVE('',#247,#269,#5009,.F.);
#5007=EDGE_CURVE('',#269,#337,#5010,.T.);
#5008=EDGE_CURVE('',#337,#247,#5011,.T.);
#5009=LINE('',#246,#5012);
#5010=LINE('',#268,#5013);
#5011=LINE('',#336,#5014);
#5012=VECTOR('',#5015,1.0);
#5013=VECTOR('',#5016,1.0);
#5014=VECTOR('',#5017,1.0);
#5015=DIRECTION('',(-0.32456759895275417,-0.9458625025393723,0));
#5016=DIRECTION('',(-0.0011144876813247175,-0.9999993789584113,0));
#5017=DIRECTION('',(0.0019310513449367368,0.9999981355186134,0));
#5018=FACE_SURFACE('',(#5023),#5019,.T.);
#5019=PLANE('',#5020);
#5020=AXIS2_PLACEMENT_3D('',#478,#5021,#5022);
#5021=DIRECTION('',(0,0,1));
#5022=DIRECTION('',(-1,0,0));
#5023=FACE_BOUND('',#5024,.T.);
#5024=EDGE_LOOP('',(#5025,#5026,#5027));
#5025=ORIENTED_EDGE('',*,*,#5028,.T.);
#5026=ORIENTED_EDGE('',*,*,#5029,.T.);
#5027=ORIENTED_EDGE('',*,*,#5030,.T.);
#5028=EDGE_CURVE('',#479,#481,#5031,.F.);
#5029=EDGE_CURVE('',#481,#181,#5032,.T.);
#5030=EDGE_CURVE('',#181,#479,#5033,.T.);
#5031=LINE('',#478,#5034);
#5032=LINE('',#480,#5035);
#5033=LINE('',#180,#5036);
#5034=VECTOR('',#5037,1.0);
#5035=VECTOR('',#5038,1.0);
#5036=VECTOR('',#5039,1.0);
#5037=DIRECTION('',(-1,0,0));
#5038=DIRECTION('',(-0.9489201311116923,-0.31551637797580123,0));
#5039=DIRECTION('',(0.9970702438271349,0.07649136470542041,0));
#5040=FACE_SURFACE('',(#5045),#5041,.T.);
#5041=PLANE('',#5042);
#5042=AXIS2_PLACEMENT_3D('',#148,#5043,#5044);
#5043=DIRECTION('',(-0,0,-1));
#5044=DIRECTION('',(-0.9809347100867873,-0.1943375788337149,0));
#5045=FACE_BOUND('',#5046,.T.);
#5046=EDGE_LOOP('',(#5047,#5048,#5049));
#5047=ORIENTED_EDGE('',*,*,#5050,.T.);
#5048=ORIENTED_EDGE('',*,*,#5051,.T.);
#5049=ORIENTED_EDGE('',*,*,#5052,.T.);
#5050=EDGE_CURVE('',#149,#483,#5053,.F.);
#5051=EDGE_CURVE('',#483,#143,#5054,.T.);
#5052=EDGE_CURVE('',#143,#149,#5055,.T.);
#5053=LINE('',#148,#5056);
#5054=LINE('',#482,#5057);
#5055=LINE('',#142,#5058);
#5056=VECTOR('',#5059,1.0);
#5057=VECTOR('',#5060,1.0);
#5058=VECTOR('',#5061,1.0);
#5059=DIRECTION('',(-0.9809347100867873,-0.1943375788337149,0));
#5060=DIRECTION('',(0.09254125386099694,0.9957088511878532,0));
#5061=DIRECTION('',(-0.08891731279698863,-0.9960390110256538,0));
#5062=FACE_SURFACE('',(#5067),#5063,.T.);
#5063=PLANE('',#5064);
#5064=AXIS2_PLACEMENT_3D('',#482,#5065,#5066);
#5065=DIRECTION('',(-0,0,-1));
#5066=DIRECTION('',(-0.9477548933462073,-0.31899947043579735,0));
#5067=FACE_BOUND('',#5068,.T.);
#5068=EDGE_LOOP('',(#5069,#5070,#5071));
#5069=ORIENTED_EDGE('',*,*,#5072,.T.);
#5070=ORIENTED_EDGE('',*,*,#5073,.T.);
#5071=ORIENTED_EDGE('',*,*,#5074,.T.);
#5072=EDGE_CURVE('',#483,#475,#5075,.F.);
#5073=EDGE_CURVE('',#475,#143,#5076,.T.);
#5074=EDGE_CURVE('',#143,#483,#5077,.T.);
#5075=LINE('',#482,#5078);
#5076=LINE('',#474,#5079);
#5077=LINE('',#142,#5080);
#5078=VECTOR('',#5081,1.0);
#5079=VECTOR('',#5082,1.0);
#5080=VECTOR('',#5083,1.0);
#5081=DIRECTION('',(-0.9477548933462073,-0.31899947043579735,0));
#5082=DIRECTION('',(0.09598942396766943,0.9953823539154966,0));
#5083=DIRECTION('',(-0.09254125386099694,-0.9957088511878532,0));
#5084=FACE_SURFACE('',(#5089),#5085,.T.);
#5085=PLANE('',#5086);
#5086=AXIS2_PLACEMENT_3D('',#484,#5087,#5088);
#5087=DIRECTION('',(0,-0,1));
#5088=DIRECTION('',(0.945345417969087,0.3260706069624369,0));
#5089=FACE_BOUND('',#5090,.T.);
#5090=EDGE_LOOP('',(#5091,#5092,#5093));
#5091=ORIENTED_EDGE('',*,*,#5094,.T.);
#5092=ORIENTED_EDGE('',*,*,#5095,.T.);
#5093=ORIENTED_EDGE('',*,*,#5096,.T.);
#5094=EDGE_CURVE('',#485,#41,#5097,.F.);
#5095=EDGE_CURVE('',#41,#487,#5098,.T.);
#5096=EDGE_CURVE('',#487,#485,#5099,.T.);
#5097=LINE('',#484,#5100);
#5098=LINE('',#40,#5101);
#5099=LINE('',#486,#5102);
#5100=VECTOR('',#5103,1.0);
#5101=VECTOR('',#5104,1.0);
#5102=VECTOR('',#5105,1.0);
#5103=DIRECTION('',(0.945345417969087,0.3260706069624369,0));
#5104=DIRECTION('',(-0.9533581120989676,-0.3018415314284838,0));
#5105=DIRECTION('',(0.9975753866098133,-0.06959416663975349,0));
#5106=FACE_SURFACE('',(#5111),#5107,.T.);
#5107=PLANE('',#5108);
#5108=AXIS2_PLACEMENT_3D('',#126,#5109,#5110);
#5109=DIRECTION('',(0,-0,1));
#5110=DIRECTION('',(0.9325307958200739,0.36109045244533916,0));
#5111=FACE_BOUND('',#5112,.T.);
#5112=EDGE_LOOP('',(#5113,#5114,#5115));
#5113=ORIENTED_EDGE('',*,*,#5116,.T.);
#5114=ORIENTED_EDGE('',*,*,#5117,.T.);
#5115=ORIENTED_EDGE('',*,*,#5118,.T.);
#5116=EDGE_CURVE('',#127,#41,#5119,.F.);
#5117=EDGE_CURVE('',#41,#485,#5120,.T.);
#5118=EDGE_CURVE('',#485,#127,#5121,.T.);
#5119=LINE('',#126,#5122);
#5120=LINE('',#40,#5123);
#5121=LINE('',#484,#5124);
#5122=VECTOR('',#5125,1.0);
#5123=VECTOR('',#5126,1.0);
#5124=VECTOR('',#5127,1.0);
#5125=DIRECTION('',(0.9325307958200739,0.36109045244533916,0));
#5126=DIRECTION('',(-0.945345417969087,-0.3260706069624369,0));
#5127=DIRECTION('',(0.980934797379759,-0.1943371382148333,0));
#5128=FACE_SURFACE('',(#5133),#5129,.T.);
#5129=PLANE('',#5130);
#5130=AXIS2_PLACEMENT_3D('',#488,#5131,#5132);
#5131=DIRECTION('',(0,-0,1));
#5132=DIRECTION('',(0.6267185520050351,0.779245697179466,0));
#5133=FACE_BOUND('',#5134,.T.);
#5134=EDGE_LOOP('',(#5135,#5136,#5137));
#5135=ORIENTED_EDGE('',*,*,#5138,.T.);
#5136=ORIENTED_EDGE('',*,*,#5139,.T.);
#5137=ORIENTED_EDGE('',*,*,#5140,.T.);
#5138=EDGE_CURVE('',#489,#41,#5141,.F.);
#5139=EDGE_CURVE('',#41,#377,#5142,.T.);
#5140=EDGE_CURVE('',#377,#489,#5143,.T.);
#5141=LINE('',#488,#5144);
#5142=LINE('',#40,#5145);
#5143=LINE('',#376,#5146);
#5144=VECTOR('',#5147,1.0);
#5145=VECTOR('',#5148,1.0);
#5146=VECTOR('',#5149,1.0);
#5147=DIRECTION('',(0.6267185520050351,0.779245697179466,0));
#5148=DIRECTION('',(-0.6856395111754009,-0.7279412481204491,0));
#5149=DIRECTION('',(0.43979536147012105,-0.898098012484921,0));
#5150=FACE_SURFACE('',(#5155),#5151,.T.);
#5151=PLANE('',#5152);
#5152=AXIS2_PLACEMENT_3D('',#486,#5153,#5154);
#5153=DIRECTION('',(0,-0,1));
#5154=DIRECTION('',(0.9533581120989676,0.3018415314284838,0));
#5155=FACE_BOUND('',#5156,.T.);
#5156=EDGE_LOOP('',(#5157,#5158,#5159));
#5157=ORIENTED_EDGE('',*,*,#5160,.T.);
#5158=ORIENTED_EDGE('',*,*,#5161,.T.);
#5159=ORIENTED_EDGE('',*,*,#5162,.T.);
#5160=EDGE_CURVE('',#487,#41,#5163,.F.);
#5161=EDGE_CURVE('',#41,#89,#5164,.T.);
#5162=EDGE_CURVE('',#89,#487,#5165,.T.);
#5163=LINE('',#486,#5166);
#5164=LINE('',#40,#5167);
#5165=LINE('',#88,#5168);
#5166=VECTOR('',#5169,1.0);
#5167=VECTOR('',#5170,1.0);
#5168=VECTOR('',#5171,1.0);
#5169=DIRECTION('',(0.9533581120989676,0.3018415314284838,0));
#5170=DIRECTION('',(-0.9576301152370319,-0.288000976371798,0));
#5171=DIRECTION('',(0.9975975224364684,0.0692761375122778,0));
#5172=FACE_SURFACE('',(#5177),#5173,.T.);
#5173=PLANE('',#5174);
#5174=AXIS2_PLACEMENT_3D('',#490,#5175,#5176);
#5175=DIRECTION('',(0.1943304087631403,-0.9809361305558842,0));
#5176=DIRECTION('',(0,0,1));
#5177=FACE_BOUND('',#5178,.T.);
#5178=EDGE_LOOP('',(#5179,#5180,#5181));
#5179=ORIENTED_EDGE('',*,*,#5182,.T.);
#5180=ORIENTED_EDGE('',*,*,#5183,.T.);
#5181=ORIENTED_EDGE('',*,*,#5184,.T.);
#5182=EDGE_CURVE('',#491,#89,#5185,.F.);
#5183=EDGE_CURVE('',#89,#77,#5186,.T.);
#5184=EDGE_CURVE('',#77,#491,#5187,.T.);
#5185=LINE('',#490,#5188);
#5186=LINE('',#88,#5189);
#5187=LINE('',#76,#5190);
#5188=VECTOR('',#5191,1.0);
#5189=VECTOR('',#5192,1.0);
#5190=VECTOR('',#5193,1.0);
#5191=DIRECTION('',(0,0,1));
#5192=DIRECTION('',(-0.9809361305558842,-0.1943304087631403,0));
#5193=DIRECTION('',(0.20722116043904132,0.04105198244626898,-0.9774324147497506));
#5194=FACE_SURFACE('',(#5199),#5195,.T.);
#5195=PLANE('',#5196);
#5196=AXIS2_PLACEMENT_3D('',#490,#5197,#5198);
#5197=DIRECTION('',(0.1943304087631403,-0.9809361305558842,0));
#5198=DIRECTION('',(-0.20722116043904132,-0.04105198244626898,0.9774324147497506));
#5199=FACE_BOUND('',#5200,.T.);
#5200=EDGE_LOOP('',(#5201,#5202,#5203));
#5201=ORIENTED_EDGE('',*,*,#5204,.T.);
#5202=ORIENTED_EDGE('',*,*,#5205,.T.);
#5203=ORIENTED_EDGE('',*,*,#5206,.T.);
#5204=EDGE_CURVE('',#491,#77,#5207,.F.);
#5205=EDGE_CURVE('',#77,#477,#5208,.T.);
#5206=EDGE_CURVE('',#477,#491,#5209,.T.);
#5207=LINE('',#490,#5210);
#5208=LINE('',#76,#5211);
#5209=LINE('',#476,#5212);
#5210=VECTOR('',#5213,1.0);
#5211=VECTOR('',#5214,1.0);
#5212=VECTOR('',#5215,1.0);
#5213=DIRECTION('',(-0.20722116043904132,-0.04105198244626898,0.9774324147497506));
#5214=DIRECTION('',(0,0,-1));
#5215=DIRECTION('',(0.9809361305558842,0.1943304087631403,0));
#5216=FACE_SURFACE('',(#5221),#5217,.T.);
#5217=PLANE('',#5218);
#5218=AXIS2_PLACEMENT_3D('',#336,#5219,#5220);
#5219=DIRECTION('',(0,0,1));
#5220=DIRECTION('',(0.01940353885949299,0.9998117336177488,0));
#5221=FACE_BOUND('',#5222,.T.);
#5222=EDGE_LOOP('',(#5223,#5224,#5225));
#5223=ORIENTED_EDGE('',*,*,#5226,.T.);
#5224=ORIENTED_EDGE('',*,*,#5227,.T.);
#5225=ORIENTED_EDGE('',*,*,#5228,.T.);
#5226=EDGE_CURVE('',#337,#41,#5229,.F.);
#5227=EDGE_CURVE('',#41,#247,#5230,.T.);
#5228=EDGE_CURVE('',#247,#337,#5231,.T.);
#5229=LINE('',#336,#5232);
#5230=LINE('',#40,#5233);
#5231=LINE('',#246,#5234);
#5232=VECTOR('',#5235,1.0);
#5233=VECTOR('',#5236,1.0);
#5234=VECTOR('',#5237,1.0);
#5235=DIRECTION('',(0.01940353885949299,0.9998117336177488,0));
#5236=DIRECTION('',(-0.45045927239562983,-0.8927969779926452,0));
#5237=DIRECTION('',(-0.0019310513449367368,-0.9999981355186134,0));
#5238=FACE_SURFACE('',(#5243),#5239,.T.);
#5239=PLANE('',#5240);
#5240=AXIS2_PLACEMENT_3D('',#358,#5241,#5242);
#5241=DIRECTION('',(-0,-0,1));
#5242=DIRECTION('',(0.4663700032410711,-0.8845897467622623,0));
#5243=FACE_BOUND('',#5244,.T.);
#5244=EDGE_LOOP('',(#5245,#5246,#5247));
#5245=ORIENTED_EDGE('',*,*,#5248,.T.);
#5246=ORIENTED_EDGE('',*,*,#5249,.T.);
#5247=ORIENTED_EDGE('',*,*,#5250,.T.);
#5248=EDGE_CURVE('',#359,#35,#5251,.F.);
#5249=EDGE_CURVE('',#35,#355,#5252,.T.);
#5250=EDGE_CURVE('',#355,#359,#5253,.T.);
#5251=LINE('',#358,#5254);
#5252=LINE('',#34,#5255);
#5253=LINE('',#354,#5256);
#5254=VECTOR('',#5257,1.0);
#5255=VECTOR('',#5258,1.0);
#5256=VECTOR('',#5259,1.0);
#5257=DIRECTION('',(0.4663700032410711,-0.8845897467622623,0));
#5258=DIRECTION('',(-0.4504596061396919,0.8927968096025398,0));
#5259=DIRECTION('',(0.19433545580907408,-0.9809351306867745,0));
#5260=FACE_SURFACE('',(#5265),#5261,.T.);
#5261=PLANE('',#5262);
#5262=AXIS2_PLACEMENT_3D('',#88,#5263,#5264);
#5263=DIRECTION('',(0.06927613751227779,-0.9975975224364684,0));
#5264=DIRECTION('',(0,0,-1));
#5265=FACE_BOUND('',#5266,.T.);
#5266=EDGE_LOOP('',(#5267,#5268,#5269));
#5267=ORIENTED_EDGE('',*,*,#5270,.T.);
#5268=ORIENTED_EDGE('',*,*,#5271,.T.);
#5269=ORIENTED_EDGE('',*,*,#5272,.T.);
#5270=EDGE_CURVE('',#89,#491,#5273,.F.);
#5271=EDGE_CURVE('',#491,#493,#5274,.T.);
#5272=EDGE_CURVE('',#493,#89,#5275,.T.);
#5273=LINE('',#88,#5276);
#5274=LINE('',#490,#5277);
#5275=LINE('',#492,#5278);
#5276=VECTOR('',#5279,1.0);
#5277=VECTOR('',#5280,1.0);
#5278=VECTOR('',#5281,1.0);
#5279=DIRECTION('',(0,0,-1));
#5280=DIRECTION('',(0.9975975224364684,0.0692761375122778,0));
#5281=DIRECTION('',(-0.2111042641127944,-0.01465970764882038,0.9773536118749686));
#5282=FACE_SURFACE('',(#5287),#5283,.T.);
#5283=PLANE('',#5284);
#5284=AXIS2_PLACEMENT_3D('',#88,#5285,#5286);
#5285=DIRECTION('',(0.06927613751227779,-0.9975975224364684,0));
#5286=DIRECTION('',(0.2111042641127944,0.01465970764882038,-0.9773536118749686));
#5287=FACE_BOUND('',#5288,.T.);
#5288=EDGE_LOOP('',(#5289,#5290,#5291));
#5289=ORIENTED_EDGE('',*,*,#5292,.T.);
#5290=ORIENTED_EDGE('',*,*,#5293,.T.);
#5291=ORIENTED_EDGE('',*,*,#5294,.T.);
#5292=EDGE_CURVE('',#89,#493,#5295,.F.);
#5293=EDGE_CURVE('',#493,#487,#5296,.T.);
#5294=EDGE_CURVE('',#487,#89,#5297,.T.);
#5295=LINE('',#88,#5298);
#5296=LINE('',#492,#5299);
#5297=LINE('',#486,#5300);
#5298=VECTOR('',#5301,1.0);
#5299=VECTOR('',#5302,1.0);
#5300=VECTOR('',#5303,1.0);
#5301=DIRECTION('',(0.2111042641127944,0.01465970764882038,-0.9773536118749686));
#5302=DIRECTION('',(0,0,1));
#5303=DIRECTION('',(-0.9975975224364684,-0.0692761375122778,0));
#5304=FACE_SURFACE('',(#5309),#5305,.T.);
#5305=PLANE('',#5306);
#5306=AXIS2_PLACEMENT_3D('',#480,#5307,#5308);
#5307=DIRECTION('',(0,-0,1));
#5308=DIRECTION('',(0,1,0));
#5309=FACE_BOUND('',#5310,.T.);
#5310=EDGE_LOOP('',(#5311,#5312,#5313));
#5311=ORIENTED_EDGE('',*,*,#5314,.T.);
#5312=ORIENTED_EDGE('',*,*,#5315,.T.);
#5313=ORIENTED_EDGE('',*,*,#5316,.T.);
#5314=EDGE_CURVE('',#481,#103,#5317,.F.);
#5315=EDGE_CURVE('',#103,#181,#5318,.T.);
#5316=EDGE_CURVE('',#181,#481,#5319,.T.);
#5317=LINE('',#480,#5320);
#5318=LINE('',#102,#5321);
#5319=LINE('',#180,#5322);
#5320=VECTOR('',#5323,1.0);
#5321=VECTOR('',#5324,1.0);
#5322=VECTOR('',#5325,1.0);
#5323=DIRECTION('',(0,1,0));
#5324=DIRECTION('',(-0.2631174057921088,-0.9647638212377322,0));
#5325=DIRECTION('',(0.9489201311116923,0.31551637797580123,0));
#5326=FACE_SURFACE('',(#5331),#5327,.T.);
#5327=PLANE('',#5328);
#5328=AXIS2_PLACEMENT_3D('',#102,#5329,#5330);
#5329=DIRECTION('',(0,-0,1));
#5330=DIRECTION('',(1,0,0));
#5331=FACE_BOUND('',#5332,.T.);
#5332=EDGE_LOOP('',(#5333,#5334,#5335));
#5333=ORIENTED_EDGE('',*,*,#5336,.T.);
#5334=ORIENTED_EDGE('',*,*,#5337,.T.);
#5335=ORIENTED_EDGE('',*,*,#5338,.T.);
#5336=EDGE_CURVE('',#103,#53,#5339,.F.);
#5337=EDGE_CURVE('',#53,#51,#5340,.T.);
#5338=EDGE_CURVE('',#51,#103,#5341,.T.);
#5339=LINE('',#102,#5342);
#5340=LINE('',#52,#5343);
#5341=LINE('',#50,#5344);
#5342=VECTOR('',#5345,1.0);
#5343=VECTOR('',#5346,1.0);
#5344=VECTOR('',#5347,1.0);
#5345=DIRECTION('',(1,0,0));
#5346=DIRECTION('',(-0.9556649888704174,0.2944561581072893,0));
#5347=DIRECTION('',(0.7147604547948261,-0.6993693532472618,0));
#5348=FACE_SURFACE('',(#5353),#5349,.T.);
#5349=PLANE('',#5350);
#5350=AXIS2_PLACEMENT_3D('',#494,#5351,#5352);
#5351=DIRECTION('',(-0.06959416663975347,-0.9975753866098133,0));
#5352=DIRECTION('',(0,0,1));
#5353=FACE_BOUND('',#5354,.T.);
#5354=EDGE_LOOP('',(#5355,#5356,#5357));
#5355=ORIENTED_EDGE('',*,*,#5358,.T.);
#5356=ORIENTED_EDGE('',*,*,#5359,.T.);
#5357=ORIENTED_EDGE('',*,*,#5360,.T.);
#5358=EDGE_CURVE('',#495,#485,#5361,.F.);
#5359=EDGE_CURVE('',#485,#487,#5362,.T.);
#5360=EDGE_CURVE('',#487,#495,#5363,.T.);
#5361=LINE('',#494,#5364);
#5362=LINE('',#484,#5365);
#5363=LINE('',#486,#5366);
#5364=VECTOR('',#5367,1.0);
#5365=VECTOR('',#5368,1.0);
#5366=VECTOR('',#5369,1.0);
#5367=DIRECTION('',(0,0,1));
#5368=DIRECTION('',(-0.9975753866098133,0.06959416663975349,0));
#5369=DIRECTION('',(0.21017781958702492,-0.014662701582913702,-0.9775532156030865));
#5370=FACE_SURFACE('',(#5375),#5371,.T.);
#5371=PLANE('',#5372);
#5372=AXIS2_PLACEMENT_3D('',#494,#5373,#5374);
#5373=DIRECTION('',(-0.06959416663975347,-0.9975753866098133,0));
#5374=DIRECTION('',(-0.21017781958702492,0.014662701582913702,0.9775532156030865));
#5375=FACE_BOUND('',#5376,.T.);
#5376=EDGE_LOOP('',(#5377,#5378,#5379));
#5377=ORIENTED_EDGE('',*,*,#5380,.T.);
#5378=ORIENTED_EDGE('',*,*,#5381,.T.);
#5379=ORIENTED_EDGE('',*,*,#5382,.T.);
#5380=EDGE_CURVE('',#495,#487,#5383,.F.);
#5381=EDGE_CURVE('',#487,#493,#5384,.T.);
#5382=EDGE_CURVE('',#493,#495,#5385,.T.);
#5383=LINE('',#494,#5386);
#5384=LINE('',#486,#5387);
#5385=LINE('',#492,#5388);
#5386=VECTOR('',#5389,1.0);
#5387=VECTOR('',#5390,1.0);
#5388=VECTOR('',#5391,1.0);
#5389=DIRECTION('',(-0.21017781958702492,0.014662701582913702,0.9775532156030865));
#5390=DIRECTION('',(0,0,-1));
#5391=DIRECTION('',(0.9975753866098133,-0.06959416663975349,0));
#5392=FACE_SURFACE('',(#5397),#5393,.T.);
#5393=PLANE('',#5394);
#5394=AXIS2_PLACEMENT_3D('',#496,#5395,#5396);
#5395=DIRECTION('',(0,-0,-1));
#5396=DIRECTION('',(0.6617629228468876,-0.7497131677816151,0));
#5397=FACE_BOUND('',#5398,.T.);
#5398=EDGE_LOOP('',(#5399,#5400,#5401));
#5399=ORIENTED_EDGE('',*,*,#5402,.T.);
#5400=ORIENTED_EDGE('',*,*,#5403,.T.);
#5401=ORIENTED_EDGE('',*,*,#5404,.T.);
#5402=EDGE_CURVE('',#497,#445,#5405,.F.);
#5403=EDGE_CURVE('',#445,#499,#5406,.T.);
#5404=EDGE_CURVE('',#499,#497,#5407,.T.);
#5405=LINE('',#496,#5408);
#5406=LINE('',#444,#5409);
#5407=LINE('',#498,#5410);
#5408=VECTOR('',#5411,1.0);
#5409=VECTOR('',#5412,1.0);
#5410=VECTOR('',#5413,1.0);
#5411=DIRECTION('',(0.6617629228468876,-0.7497131677816151,0));
#5412=DIRECTION('',(-0.9876736002631313,-0.15652750347227892,0));
#5413=DIRECTION('',(0.9867926234581579,0.161988636294544,0));
#5414=FACE_SURFACE('',(#5419),#5415,.T.);
#5415=PLANE('',#5416);
#5416=AXIS2_PLACEMENT_3D('',#500,#5417,#5418);
#5417=DIRECTION('',(-0,-0,1));
#5418=DIRECTION('',(0.9809343767726323,-0.19433926125641088,0));
#5419=FACE_BOUND('',#5420,.T.);
#5420=EDGE_LOOP('',(#5421,#5422,#5423));
#5421=ORIENTED_EDGE('',*,*,#5424,.T.);
#5422=ORIENTED_EDGE('',*,*,#5425,.T.);
#5423=ORIENTED_EDGE('',*,*,#5426,.T.);
#5424=EDGE_CURVE('',#501,#503,#5427,.F.);
#5425=EDGE_CURVE('',#503,#439,#5428,.T.);
#5426=EDGE_CURVE('',#439,#501,#5429,.T.);
#5427=LINE('',#500,#5430);
#5428=LINE('',#502,#5431);
#5429=LINE('',#438,#5432);
#5430=VECTOR('',#5433,1.0);
#5431=VECTOR('',#5434,1.0);
#5432=VECTOR('',#5435,1.0);
#5433=DIRECTION('',(0.9809343767726323,-0.19433926125641088,0));
#5434=DIRECTION('',(-0.09254128703575489,0.9957088481045883,0));
#5435=DIRECTION('',(0.08891737926171121,-0.996039005092285,0));
#5436=FACE_SURFACE('',(#5441),#5437,.T.);
#5437=PLANE('',#5438);
#5438=AXIS2_PLACEMENT_3D('',#504,#5439,#5440);
#5439=DIRECTION('',(0,0,1));
#5440=DIRECTION('',(-0.17087424660320694,-0.9852928457305403,0));
#5441=FACE_BOUND('',#5442,.T.);
#5442=EDGE_LOOP('',(#5443,#5444,#5445));
#5443=ORIENTED_EDGE('',*,*,#5446,.T.);
#5444=ORIENTED_EDGE('',*,*,#5447,.T.);
#5445=ORIENTED_EDGE('',*,*,#5448,.T.);
#5446=EDGE_CURVE('',#505,#439,#5449,.F.);
#5447=EDGE_CURVE('',#439,#211,#5450,.T.);
#5448=EDGE_CURVE('',#211,#505,#5451,.T.);
#5449=LINE('',#504,#5452);
#5450=LINE('',#438,#5453);
#5451=LINE('',#210,#5454);
#5452=VECTOR('',#5455,1.0);
#5453=VECTOR('',#5456,1.0);
#5454=VECTOR('',#5457,1.0);
#5455=DIRECTION('',(-0.17087424660320694,-0.9852928457305403,0));
#5456=DIRECTION('',(0.17868432759845312,0.9839064544308511,0));
#5457=DIRECTION('',(-0.9979060516358615,0.06468007505039758,0));
#5458=FACE_SURFACE('',(#5463),#5459,.T.);
#5459=PLANE('',#5460);
#5460=AXIS2_PLACEMENT_3D('',#506,#5461,#5462);
#5461=DIRECTION('',(0,0,1));
#5462=DIRECTION('',(-0.16301719381874455,-0.9866232282484848,0));
#5463=FACE_BOUND('',#5464,.T.);
#5464=EDGE_LOOP('',(#5465,#5466,#5467));
#5465=ORIENTED_EDGE('',*,*,#5468,.T.);
#5466=ORIENTED_EDGE('',*,*,#5469,.T.);
#5467=ORIENTED_EDGE('',*,*,#5470,.T.);
#5468=EDGE_CURVE('',#507,#439,#5471,.F.);
#5469=EDGE_CURVE('',#439,#505,#5472,.T.);
#5470=EDGE_CURVE('',#505,#507,#5473,.T.);
#5471=LINE('',#506,#5474);
#5472=LINE('',#438,#5475);
#5473=LINE('',#504,#5476);
#5474=VECTOR('',#5477,1.0);
#5475=VECTOR('',#5478,1.0);
#5476=VECTOR('',#5479,1.0);
#5477=DIRECTION('',(-0.16301719381874455,-0.9866232282484848,0));
#5478=DIRECTION('',(0.17087424660320694,0.9852928457305403,0));
#5479=DIRECTION('',(-0.9809361305558842,0.1943304087631403,0));
#5480=FACE_SURFACE('',(#5485),#5481,.T.);
#5481=PLANE('',#5482);
#5482=AXIS2_PLACEMENT_3D('',#508,#5483,#5484);
#5483=DIRECTION('',(0,0,1));
#5484=DIRECTION('',(-0.15525338367516217,-0.9878746817574651,0));
#5485=FACE_BOUND('',#5486,.T.);
#5486=EDGE_LOOP('',(#5487,#5488,#5489));
#5487=ORIENTED_EDGE('',*,*,#5490,.T.);
#5488=ORIENTED_EDGE('',*,*,#5491,.T.);
#5489=ORIENTED_EDGE('',*,*,#5492,.T.);
#5490=EDGE_CURVE('',#509,#439,#5493,.F.);
#5491=EDGE_CURVE('',#439,#507,#5494,.T.);
#5492=EDGE_CURVE('',#507,#509,#5495,.T.);
#5493=LINE('',#508,#5496);
#5494=LINE('',#438,#5497);
#5495=LINE('',#506,#5498);
#5496=VECTOR('',#5499,1.0);
#5497=VECTOR('',#5500,1.0);
#5498=VECTOR('',#5501,1.0);
#5499=DIRECTION('',(-0.15525338367516217,-0.9878746817574651,0));
#5500=DIRECTION('',(0.16301719381874455,0.9866232282484848,0));
#5501=DIRECTION('',(-0.9477515347235277,0.3190094488086488,0));
#5502=FACE_SURFACE('',(#5507),#5503,.T.);
#5503=PLANE('',#5504);
#5504=AXIS2_PLACEMENT_3D('',#510,#5505,#5506);
#5505=DIRECTION('',(0,0,1));
#5506=DIRECTION('',(-0.9867926234581579,-0.161988636294544,0));
#5507=FACE_BOUND('',#5508,.T.);
#5508=EDGE_LOOP('',(#5509,#5510,#5511));
#5509=ORIENTED_EDGE('',*,*,#5512,.T.);
#5510=ORIENTED_EDGE('',*,*,#5513,.T.);
#5511=ORIENTED_EDGE('',*,*,#5514,.T.);
#5512=EDGE_CURVE('',#511,#53,#5515,.F.);
#5513=EDGE_CURVE('',#53,#513,#5516,.T.);
#5514=EDGE_CURVE('',#513,#511,#5517,.T.);
#5515=LINE('',#510,#5518);
#5516=LINE('',#52,#5519);
#5517=LINE('',#512,#5520);
#5518=VECTOR('',#5521,1.0);
#5519=VECTOR('',#5522,1.0);
#5520=VECTOR('',#5523,1.0);
#5521=DIRECTION('',(-0.9867926234581579,-0.161988636294544,0));
#5522=DIRECTION('',(0.9876736002631313,0.15652750347227892,0));
#5523=DIRECTION('',(-0.6617629228468876,0.7497131677816151,0));
#5524=FACE_SURFACE('',(#5529),#5525,.T.);
#5525=PLANE('',#5526);
#5526=AXIS2_PLACEMENT_3D('',#512,#5527,#5528);
#5527=DIRECTION('',(0,0,1));
#5528=DIRECTION('',(-0.13413856590963152,-0.9909625851341247,0));
#5529=FACE_BOUND('',#5530,.T.);
#5530=EDGE_LOOP('',(#5531,#5532,#5533));
#5531=ORIENTED_EDGE('',*,*,#5534,.T.);
#5532=ORIENTED_EDGE('',*,*,#5535,.T.);
#5533=ORIENTED_EDGE('',*,*,#5536,.T.);
#5534=EDGE_CURVE('',#513,#439,#5537,.F.);
#5535=EDGE_CURVE('',#439,#515,#5538,.T.);
#5536=EDGE_CURVE('',#515,#513,#5539,.T.);
#5537=LINE('',#512,#5540);
#5538=LINE('',#438,#5541);
#5539=LINE('',#514,#5542);
#5540=VECTOR('',#5543,1.0);
#5541=VECTOR('',#5544,1.0);
#5542=VECTOR('',#5545,1.0);
#5543=DIRECTION('',(-0.13413856590963152,-0.9909625851341247,0));
#5544=DIRECTION('',(0.140693403234285,0.9900532138659794,0));
#5545=DIRECTION('',(-0.751728205033806,0.6594730515772818,0));
#5546=FACE_SURFACE('',(#5551),#5547,.T.);
#5547=PLANE('',#5548);
#5548=AXIS2_PLACEMENT_3D('',#516,#5549,#5550);
#5549=DIRECTION('',(0,0,1));
#5550=DIRECTION('',(-0.9858041278809105,-0.16789943851293015,0));
#5551=FACE_BOUND('',#5552,.T.);
#5552=EDGE_LOOP('',(#5553,#5554,#5555));
#5553=ORIENTED_EDGE('',*,*,#5556,.T.);
#5554=ORIENTED_EDGE('',*,*,#5557,.T.);
#5555=ORIENTED_EDGE('',*,*,#5558,.T.);
#5556=EDGE_CURVE('',#517,#53,#5559,.F.);
#5557=EDGE_CURVE('',#53,#511,#5560,.T.);
#5558=EDGE_CURVE('',#511,#517,#5561,.T.);
#5559=LINE('',#516,#5562);
#5560=LINE('',#52,#5563);
#5561=LINE('',#510,#5564);
#5562=VECTOR('',#5565,1.0);
#5563=VECTOR('',#5566,1.0);
#5564=VECTOR('',#5567,1.0);
#5565=DIRECTION('',(-0.9858041278809105,-0.16789943851293015,0));
#5566=DIRECTION('',(0.9867926234581579,0.161988636294544,0));
#5567=DIRECTION('',(-0.5547083346446026,0.8320448686674365,0));
#5568=FACE_SURFACE('',(#5573),#5569,.T.);
#5569=PLANE('',#5570);
#5570=AXIS2_PLACEMENT_3D('',#518,#5571,#5572);
#5571=DIRECTION('',(-0,-0,1));
#5572=DIRECTION('',(0.9978867494900021,-0.0649771897843992,0));
#5573=FACE_BOUND('',#5574,.T.);
#5574=EDGE_LOOP('',(#5575,#5576,#5577));
#5575=ORIENTED_EDGE('',*,*,#5578,.T.);
#5576=ORIENTED_EDGE('',*,*,#5579,.T.);
#5577=ORIENTED_EDGE('',*,*,#5580,.T.);
#5578=EDGE_CURVE('',#519,#501,#5581,.F.);
#5579=EDGE_CURVE('',#501,#439,#5582,.T.);
#5580=EDGE_CURVE('',#439,#519,#5583,.T.);
#5581=LINE('',#518,#5584);
#5582=LINE('',#500,#5585);
#5583=LINE('',#438,#5586);
#5584=VECTOR('',#5587,1.0);
#5585=VECTOR('',#5588,1.0);
#5586=VECTOR('',#5589,1.0);
#5587=DIRECTION('',(0.9978867494900021,-0.0649771897843992,0));
#5588=DIRECTION('',(-0.08891737926171121,0.996039005092285,0));
#5589=DIRECTION('',(0.08519031011146706,-0.9963646978205881,0));
#5590=FACE_SURFACE('',(#5595),#5591,.T.);
#5591=PLANE('',#5592);
#5592=AXIS2_PLACEMENT_3D('',#520,#5593,#5594);
#5593=DIRECTION('',(0,-0,-1));
#5594=DIRECTION('',(0.43979536147012105,-0.898098012484921,0));
#5595=FACE_BOUND('',#5596,.T.);
#5596=EDGE_LOOP('',(#5597,#5598,#5599));
#5597=ORIENTED_EDGE('',*,*,#5600,.T.);
#5598=ORIENTED_EDGE('',*,*,#5601,.T.);
#5599=ORIENTED_EDGE('',*,*,#5602,.T.);
#5600=EDGE_CURVE('',#521,#523,#5603,.F.);
#5601=EDGE_CURVE('',#523,#499,#5604,.T.);
#5602=EDGE_CURVE('',#499,#521,#5605,.T.);
#5603=LINE('',#520,#5606);
#5604=LINE('',#522,#5607);
#5605=LINE('',#498,#5608);
#5606=VECTOR('',#5609,1.0);
#5607=VECTOR('',#5610,1.0);
#5608=VECTOR('',#5611,1.0);
#5609=DIRECTION('',(0.43979536147012105,-0.898098012484921,0));
#5610=DIRECTION('',(-0.9858041278809105,-0.16789943851293015,0));
#5611=DIRECTION('',(0.9847245914868547,0.17411915150564908,0));
#5612=FACE_SURFACE('',(#5617),#5613,.T.);
#5613=PLANE('',#5614);
#5614=AXIS2_PLACEMENT_3D('',#524,#5615,#5616);
#5615=DIRECTION('',(0,-0,-1));
#5616=DIRECTION('',(0.32456759895275417,-0.9458625025393723,0));
#5617=FACE_BOUND('',#5618,.T.);
#5618=EDGE_LOOP('',(#5619,#5620,#5621));
#5619=ORIENTED_EDGE('',*,*,#5622,.T.);
#5620=ORIENTED_EDGE('',*,*,#5623,.T.);
#5621=ORIENTED_EDGE('',*,*,#5624,.T.);
#5622=EDGE_CURVE('',#525,#521,#5625,.F.);
#5623=EDGE_CURVE('',#521,#499,#5626,.T.);
#5624=EDGE_CURVE('',#499,#525,#5627,.T.);
#5625=LINE('',#524,#5628);
#5626=LINE('',#520,#5629);
#5627=LINE('',#498,#5630);
#5628=VECTOR('',#5631,1.0);
#5629=VECTOR('',#5632,1.0);
#5630=VECTOR('',#5633,1.0);
#5631=DIRECTION('',(0.32456759895275417,-0.9458625025393723,0));
#5632=DIRECTION('',(-0.9847245914868547,-0.17411915150564908,0));
#5633=DIRECTION('',(0.9835723768704601,0.18051420846402597,0));
#5634=FACE_SURFACE('',(#5639),#5635,.T.);
#5635=PLANE('',#5636);
#5636=AXIS2_PLACEMENT_3D('',#526,#5637,#5638);
#5637=DIRECTION('',(0,0,1));
#5638=DIRECTION('',(-0.9847245914868547,-0.17411915150564908,0));
#5639=FACE_BOUND('',#5640,.T.);
#5640=EDGE_LOOP('',(#5641,#5642,#5643));
#5641=ORIENTED_EDGE('',*,*,#5644,.T.);
#5642=ORIENTED_EDGE('',*,*,#5645,.T.);
#5643=ORIENTED_EDGE('',*,*,#5646,.T.);
#5644=EDGE_CURVE('',#527,#53,#5647,.F.);
#5645=EDGE_CURVE('',#53,#517,#5648,.T.);
#5646=EDGE_CURVE('',#517,#527,#5649,.T.);
#5647=LINE('',#526,#5650);
#5648=LINE('',#52,#5651);
#5649=LINE('',#516,#5652);
#5650=VECTOR('',#5653,1.0);
#5651=VECTOR('',#5654,1.0);
#5652=VECTOR('',#5655,1.0);
#5653=DIRECTION('',(-0.9847245914868547,-0.17411915150564908,0));
#5654=DIRECTION('',(0.9858041278809105,0.16789943851293015,0));
#5655=DIRECTION('',(-0.43979536147012105,0.898098012484921,0));
#5656=FACE_SURFACE('',(#5661),#5657,.T.);
#5657=PLANE('',#5658);
#5658=AXIS2_PLACEMENT_3D('',#140,#5659,#5660);
#5659=DIRECTION('',(0,0,-1));
#5660=DIRECTION('',(-0.9809347100867873,0.1943375788337149,0));
#5661=FACE_BOUND('',#5662,.T.);
#5662=EDGE_LOOP('',(#5663,#5664,#5665));
#5663=ORIENTED_EDGE('',*,*,#5666,.T.);
#5664=ORIENTED_EDGE('',*,*,#5667,.T.);
#5665=ORIENTED_EDGE('',*,*,#5668,.T.);
#5666=EDGE_CURVE('',#141,#145,#5669,.F.);
#5667=EDGE_CURVE('',#145,#137,#5670,.T.);
#5668=EDGE_CURVE('',#137,#141,#5671,.T.);
#5669=LINE('',#140,#5672);
#5670=LINE('',#144,#5673);
#5671=LINE('',#136,#5674);
#5672=VECTOR('',#5675,1.0);
#5673=VECTOR('',#5676,1.0);
#5674=VECTOR('',#5677,1.0);
#5675=DIRECTION('',(-0.9809347100867873,0.1943375788337149,0));
#5676=DIRECTION('',(0.7805070275402852,0.6251470066794116,0));
#5677=DIRECTION('',(-0.7623647200548438,-0.6471476134667419,0));
#5678=FACE_SURFACE('',(#5683),#5679,.T.);
#5679=PLANE('',#5680);
#5680=AXIS2_PLACEMENT_3D('',#488,#5681,#5682);
#5681=DIRECTION('',(-0,0,1));
#5682=DIRECTION('',(0.3245567392338114,-0.945866228923475,0));
#5683=FACE_BOUND('',#5684,.T.);
#5684=EDGE_LOOP('',(#5685,#5686,#5687));
#5685=ORIENTED_EDGE('',*,*,#5688,.T.);
#5686=ORIENTED_EDGE('',*,*,#5689,.T.);
#5687=ORIENTED_EDGE('',*,*,#5690,.T.);
#5688=EDGE_CURVE('',#489,#529,#5691,.F.);
#5689=EDGE_CURVE('',#529,#41,#5692,.T.);
#5690=EDGE_CURVE('',#41,#489,#5693,.T.);
#5691=LINE('',#488,#5694);
#5692=LINE('',#528,#5695);
#5693=LINE('',#40,#5696);
#5694=VECTOR('',#5697,1.0);
#5695=VECTOR('',#5698,1.0);
#5696=VECTOR('',#5699,1.0);
#5697=DIRECTION('',(0.3245567392338114,-0.945866228923475,0));
#5698=DIRECTION('',(0.5728683538686092,0.8196473931733511,0));
#5699=DIRECTION('',(-0.6267185520050351,-0.779245697179466,0));
#5700=FACE_SURFACE('',(#5705),#5701,.T.);
#5701=PLANE('',#5702);
#5702=AXIS2_PLACEMENT_3D('',#40,#5703,#5704);
#5703=DIRECTION('',(0,0,1));
#5704=DIRECTION('',(-0.4918517368217741,-0.8706789701063212,0));
#5705=FACE_BOUND('',#5706,.T.);
#5706=EDGE_LOOP('',(#5707,#5708,#5709));
#5707=ORIENTED_EDGE('',*,*,#5710,.T.);
#5708=ORIENTED_EDGE('',*,*,#5711,.T.);
#5709=ORIENTED_EDGE('',*,*,#5712,.T.);
#5710=EDGE_CURVE('',#41,#233,#5713,.F.);
#5711=EDGE_CURVE('',#233,#239,#5714,.T.);
#5712=EDGE_CURVE('',#239,#41,#5715,.T.);
#5713=LINE('',#40,#5716);
#5714=LINE('',#232,#5717);
#5715=LINE('',#238,#5718);
#5716=VECTOR('',#5719,1.0);
#5717=VECTOR('',#5720,1.0);
#5718=VECTOR('',#5721,1.0);
#5719=DIRECTION('',(-0.4918517368217741,-0.8706789701063212,0));
#5720=DIRECTION('',(-0.06468007505039758,-0.9979060516358615,0));
#5721=DIRECTION('',(0.46637036754162553,0.8845895546970296,0));
#5722=FACE_SURFACE('',(#5727),#5723,.T.);
#5723=PLANE('',#5724);
#5724=AXIS2_PLACEMENT_3D('',#530,#5725,#5726);
#5725=DIRECTION('',(-0,-0,1));
#5726=DIRECTION('',(0.6617893360880593,-0.7496898522990194,0));
#5727=FACE_BOUND('',#5728,.T.);
#5728=EDGE_LOOP('',(#5729,#5730,#5731));
#5729=ORIENTED_EDGE('',*,*,#5732,.T.);
#5730=ORIENTED_EDGE('',*,*,#5733,.T.);
#5731=ORIENTED_EDGE('',*,*,#5734,.T.);
#5732=EDGE_CURVE('',#531,#533,#5735,.F.);
#5733=EDGE_CURVE('',#533,#439,#5736,.T.);
#5734=EDGE_CURVE('',#439,#531,#5737,.T.);
#5735=LINE('',#530,#5738);
#5736=LINE('',#532,#5739);
#5737=LINE('',#438,#5740);
#5738=VECTOR('',#5741,1.0);
#5739=VECTOR('',#5742,1.0);
#5740=VECTOR('',#5743,1.0);
#5741=DIRECTION('',(0.6617893360880593,-0.7496898522990194,0));
#5742=DIRECTION('',(-0.10678480437021977,0.9942821559072725,0));
#5743=DIRECTION('',(0.10462501782368791,-0.9945117423366066,0));
#5744=FACE_SURFACE('',(#5749),#5745,.T.);
#5745=PLANE('',#5746);
#5746=AXIS2_PLACEMENT_3D('',#532,#5747,#5748);
#5747=DIRECTION('',(-0,-0,1));
#5748=DIRECTION('',(0.5546839189088518,-0.83206114565212,0));
#5749=FACE_BOUND('',#5750,.T.);
#5750=EDGE_LOOP('',(#5751,#5752,#5753));
#5751=ORIENTED_EDGE('',*,*,#5754,.T.);
#5752=ORIENTED_EDGE('',*,*,#5755,.T.);
#5753=ORIENTED_EDGE('',*,*,#5756,.T.);
#5754=EDGE_CURVE('',#533,#337,#5757,.F.);
#5755=EDGE_CURVE('',#337,#439,#5758,.T.);
#5756=EDGE_CURVE('',#439,#533,#5759,.T.);
#5757=LINE('',#532,#5760);
#5758=LINE('',#336,#5761);
#5759=LINE('',#438,#5762);
#5760=VECTOR('',#5763,1.0);
#5761=VECTOR('',#5764,1.0);
#5762=VECTOR('',#5765,1.0);
#5763=DIRECTION('',(0.5546839189088518,-0.83206114565212,0));
#5764=DIRECTION('',(-0.10850432205189453,0.994095977306044,0));
#5765=DIRECTION('',(0.10678480437021977,-0.9942821559072725,0));
#5766=FACE_SURFACE('',(#5771),#5767,.T.);
#5767=PLANE('',#5768);
#5768=AXIS2_PLACEMENT_3D('',#40,#5769,#5770);
#5769=DIRECTION('',(0,0,1));
#5770=DIRECTION('',(-0.01746209726054759,-0.9998475259554644,0));
#5771=FACE_BOUND('',#5772,.T.);
#5772=EDGE_LOOP('',(#5773,#5774,#5775));
#5773=ORIENTED_EDGE('',*,*,#5776,.T.);
#5774=ORIENTED_EDGE('',*,*,#5777,.T.);
#5775=ORIENTED_EDGE('',*,*,#5778,.T.);
#5776=EDGE_CURVE('',#41,#355,#5779,.F.);
#5777=EDGE_CURVE('',#355,#35,#5780,.T.);
#5778=EDGE_CURVE('',#35,#41,#5781,.T.);
#5779=LINE('',#40,#5782);
#5780=LINE('',#354,#5783);
#5781=LINE('',#34,#5784);
#5782=VECTOR('',#5785,1.0);
#5783=VECTOR('',#5786,1.0);
#5784=VECTOR('',#5787,1.0);
#5785=DIRECTION('',(-0.01746209726054759,-0.9998475259554644,0));
#5786=DIRECTION('',(0.4504596061396919,-0.8927968096025398,0));
#5787=DIRECTION('',(0,1,0));
#5788=FACE_SURFACE('',(#5793),#5789,.T.);
#5789=PLANE('',#5790);
#5790=AXIS2_PLACEMENT_3D('',#534,#5791,#5792);
#5791=DIRECTION('',(-0,0,1));
#5792=DIRECTION('',(0.5274240805155519,-0.8496021653058122,0));
#5793=FACE_BOUND('',#5794,.T.);
#5794=EDGE_LOOP('',(#5795,#5796,#5797));
#5795=ORIENTED_EDGE('',*,*,#5798,.T.);
#5796=ORIENTED_EDGE('',*,*,#5799,.T.);
#5797=ORIENTED_EDGE('',*,*,#5800,.T.);
#5798=EDGE_CURVE('',#535,#35,#5801,.F.);
#5799=EDGE_CURVE('',#35,#357,#5802,.T.);
#5800=EDGE_CURVE('',#357,#535,#5803,.T.);
#5801=LINE('',#534,#5804);
#5802=LINE('',#34,#5805);
#5803=LINE('',#356,#5806);
#5804=VECTOR('',#5807,1.0);
#5805=VECTOR('',#5808,1.0);
#5806=VECTOR('',#5809,1.0);
#5807=DIRECTION('',(0.5274240805155519,-0.8496021653058122,0));
#5808=DIRECTION('',(-0.4918520051920895,0.8706788185022769,0));
#5809=DIRECTION('',(-0.06467893753574257,-0.9979061253641285,0));
#5810=FACE_SURFACE('',(#5815),#5811,.T.);
#5811=PLANE('',#5812);
#5812=AXIS2_PLACEMENT_3D('',#534,#5813,#5814);
#5813=DIRECTION('',(0,0,1));
#5814=DIRECTION('',(-0.19433545580907408,-0.9809351306867745,0));
#5815=FACE_BOUND('',#5816,.T.);
#5816=EDGE_LOOP('',(#5817,#5818,#5819));
#5817=ORIENTED_EDGE('',*,*,#5820,.T.);
#5818=ORIENTED_EDGE('',*,*,#5821,.T.);
#5819=ORIENTED_EDGE('',*,*,#5822,.T.);
#5820=EDGE_CURVE('',#535,#375,#5823,.F.);
#5821=EDGE_CURVE('',#375,#35,#5824,.T.);
#5822=EDGE_CURVE('',#35,#535,#5825,.T.);
#5823=LINE('',#534,#5826);
#5824=LINE('',#374,#5827);
#5825=LINE('',#34,#5828);
#5826=VECTOR('',#5829,1.0);
#5827=VECTOR('',#5830,1.0);
#5828=VECTOR('',#5831,1.0);
#5829=DIRECTION('',(-0.19433545580907408,-0.9809351306867745,0));
#5830=DIRECTION('',(0.5728683538686092,-0.8196473931733511,0));
#5831=DIRECTION('',(-0.5274240805155519,0.8496021653058122,0));
#5832=FACE_SURFACE('',(#5837),#5833,.T.);
#5833=PLANE('',#5834);
#5834=AXIS2_PLACEMENT_3D('',#372,#5835,#5836);
#5835=DIRECTION('',(0,0,1));
#5836=DIRECTION('',(-0.439797105273203,-0.8980971585487348,0));
#5837=FACE_BOUND('',#5838,.T.);
#5838=EDGE_LOOP('',(#5839,#5840,#5841));
#5839=ORIENTED_EDGE('',*,*,#5842,.T.);
#5840=ORIENTED_EDGE('',*,*,#5843,.T.);
#5841=ORIENTED_EDGE('',*,*,#5844,.T.);
#5842=EDGE_CURVE('',#373,#383,#5845,.F.);
#5843=EDGE_CURVE('',#383,#35,#5846,.T.);
#5844=EDGE_CURVE('',#35,#373,#5847,.T.);
#5845=LINE('',#372,#5848);
#5846=LINE('',#382,#5849);
#5847=LINE('',#34,#5850);
#5848=VECTOR('',#5851,1.0);
#5849=VECTOR('',#5852,1.0);
#5850=VECTOR('',#5853,1.0);
#5851=DIRECTION('',(-0.439797105273203,-0.8980971585487348,0));
#5852=DIRECTION('',(0.685638941292801,-0.7279417848859118,0));
#5853=DIRECTION('',(-0.6267181923131713,0.7792459864662192,0));
#5854=FACE_SURFACE('',(#5859),#5855,.T.);
#5855=PLANE('',#5856);
#5856=AXIS2_PLACEMENT_3D('',#536,#5857,#5858);
#5857=DIRECTION('',(0,0,1));
#5858=DIRECTION('',(-0.9835723768704601,-0.18051420846402597,0));
#5859=FACE_BOUND('',#5860,.T.);
#5860=EDGE_LOOP('',(#5861,#5862,#5863));
#5861=ORIENTED_EDGE('',*,*,#5864,.T.);
#5862=ORIENTED_EDGE('',*,*,#5865,.T.);
#5863=ORIENTED_EDGE('',*,*,#5866,.T.);
#5864=EDGE_CURVE('',#537,#53,#5867,.F.);
#5865=EDGE_CURVE('',#53,#527,#5868,.T.);
#5866=EDGE_CURVE('',#527,#537,#5869,.T.);
#5867=LINE('',#536,#5870);
#5868=LINE('',#52,#5871);
#5869=LINE('',#526,#5872);
#5870=VECTOR('',#5873,1.0);
#5871=VECTOR('',#5874,1.0);
#5872=VECTOR('',#5875,1.0);
#5873=DIRECTION('',(-0.9835723768704601,-0.18051420846402597,0));
#5874=DIRECTION('',(0.9847245914868547,0.17411915150564908,0));
#5875=DIRECTION('',(-0.32456759895275417,0.9458625025393723,0));
#5876=FACE_SURFACE('',(#5881),#5877,.T.);
#5877=PLANE('',#5878);
#5878=AXIS2_PLACEMENT_3D('',#118,#5879,#5880);
#5879=DIRECTION('',(0,0,1));
#5880=DIRECTION('',(-0.6617678840819772,-0.749708788529028,0));
#5881=FACE_BOUND('',#5882,.T.);
#5882=EDGE_LOOP('',(#5883,#5884,#5885));
#5883=ORIENTED_EDGE('',*,*,#5886,.T.);
#5884=ORIENTED_EDGE('',*,*,#5887,.T.);
#5885=ORIENTED_EDGE('',*,*,#5888,.T.);
#5886=EDGE_CURVE('',#119,#185,#5889,.F.);
#5887=EDGE_CURVE('',#185,#103,#5890,.T.);
#5888=EDGE_CURVE('',#103,#119,#5891,.T.);
#5889=LINE('',#118,#5892);
#5890=LINE('',#184,#5893);
#5891=LINE('',#102,#5894);
#5892=VECTOR('',#5895,1.0);
#5893=VECTOR('',#5896,1.0);
#5894=VECTOR('',#5897,1.0);
#5895=DIRECTION('',(-0.6617678840819772,-0.749708788529028,0));
#5896=DIRECTION('',(0.8817140922909963,-0.47178412378487744,0));
#5897=DIRECTION('',(-0.8724731018452788,0.4886621394751979,0));
#5898=FACE_SURFACE('',(#5903),#5899,.T.);
#5899=PLANE('',#5900);
#5900=AXIS2_PLACEMENT_3D('',#538,#5901,#5902);
#5901=DIRECTION('',(0,0,1));
#5902=DIRECTION('',(-0.1943304087631403,-0.9809361305558842,0));
#5903=FACE_BOUND('',#5904,.T.);
#5904=EDGE_LOOP('',(#5905,#5906,#5907));
#5905=ORIENTED_EDGE('',*,*,#5908,.T.);
#5906=ORIENTED_EDGE('',*,*,#5909,.T.);
#5907=ORIENTED_EDGE('',*,*,#5910,.T.);
#5908=EDGE_CURVE('',#539,#117,#5911,.F.);
#5909=EDGE_CURVE('',#117,#103,#5912,.T.);
#5910=EDGE_CURVE('',#103,#539,#5913,.T.);
#5911=LINE('',#538,#5914);
#5912=LINE('',#116,#5915);
#5913=LINE('',#102,#5916);
#5914=VECTOR('',#5917,1.0);
#5915=VECTOR('',#5918,1.0);
#5916=VECTOR('',#5919,1.0);
#5917=DIRECTION('',(-0.1943304087631403,-0.9809361305558842,0));
#5918=DIRECTION('',(0.8423392319172125,-0.5389476953964277,0));
#5919=DIRECTION('',(-0.8323975923546147,0.5541788955222317,0));
#5920=FACE_SURFACE('',(#5925),#5921,.T.);
#5921=PLANE('',#5922);
#5922=AXIS2_PLACEMENT_3D('',#100,#5923,#5924);
#5923=DIRECTION('',(0,0,1));
#5924=DIRECTION('',(-0.06468007505039758,-0.9979060516358615,0));
#5925=FACE_BOUND('',#5926,.T.);
#5926=EDGE_LOOP('',(#5927,#5928,#5929));
#5927=ORIENTED_EDGE('',*,*,#5930,.T.);
#5928=ORIENTED_EDGE('',*,*,#5931,.T.);
#5929=ORIENTED_EDGE('',*,*,#5932,.T.);
#5930=EDGE_CURVE('',#101,#539,#5933,.F.);
#5931=EDGE_CURVE('',#539,#103,#5934,.T.);
#5932=EDGE_CURVE('',#103,#101,#5935,.T.);
#5933=LINE('',#100,#5936);
#5934=LINE('',#538,#5937);
#5935=LINE('',#102,#5938);
#5936=VECTOR('',#5939,1.0);
#5937=VECTOR('',#5940,1.0);
#5938=VECTOR('',#5941,1.0);
#5939=DIRECTION('',(-0.06468007505039758,-0.9979060516358615,0));
#5940=DIRECTION('',(0.8323975923546147,-0.5541788955222317,0));
#5941=DIRECTION('',(-0.8229775854466901,0.5680738454218219,0));
#5942=FACE_SURFACE('',(#5947),#5943,.T.);
#5943=PLANE('',#5944);
#5944=AXIS2_PLACEMENT_3D('',#50,#5945,#5946);
#5945=DIRECTION('',(0,0,1));
#5946=DIRECTION('',(-0.06231650330403418,-0.9980564379913385,0));
#5947=FACE_BOUND('',#5948,.T.);
#5948=EDGE_LOOP('',(#5949,#5950,#5951));
#5949=ORIENTED_EDGE('',*,*,#5952,.T.);
#5950=ORIENTED_EDGE('',*,*,#5953,.T.);
#5951=ORIENTED_EDGE('',*,*,#5954,.T.);
#5952=EDGE_CURVE('',#51,#395,#5955,.F.);
#5953=EDGE_CURVE('',#395,#103,#5956,.T.);
#5954=EDGE_CURVE('',#103,#51,#5957,.T.);
#5955=LINE('',#50,#5958);
#5956=LINE('',#394,#5959);
#5957=LINE('',#102,#5960);
#5958=VECTOR('',#5961,1.0);
#5959=VECTOR('',#5962,1.0);
#5960=VECTOR('',#5963,1.0);
#5961=DIRECTION('',(-0.06231650330403418,-0.9980564379913385,0));
#5962=DIRECTION('',(0.8004839131725385,-0.5993542397881072,0));
#5963=DIRECTION('',(-0.7147604547948261,0.6993693532472618,0));
#5964=FACE_SURFACE('',(#5969),#5965,.T.);
#5965=PLANE('',#5966);
#5966=AXIS2_PLACEMENT_3D('',#462,#5967,#5968);
#5967=DIRECTION('',(0.749708788529028,0.6617678840819772,0));
#5968=DIRECTION('',(0,0,-1));
#5969=FACE_BOUND('',#5970,.T.);
#5970=EDGE_LOOP('',(#5971,#5972,#5973));
#5971=ORIENTED_EDGE('',*,*,#5974,.T.);
#5972=ORIENTED_EDGE('',*,*,#5975,.T.);
#5973=ORIENTED_EDGE('',*,*,#5976,.T.);
#5974=EDGE_CURVE('',#463,#469,#5977,.F.);
#5975=EDGE_CURVE('',#469,#465,#5978,.T.);
#5976=EDGE_CURVE('',#465,#463,#5979,.T.);
#5977=LINE('',#462,#5980);
#5978=LINE('',#468,#5981);
#5979=LINE('',#464,#5982);
#5980=VECTOR('',#5983,1.0);
#5981=VECTOR('',#5984,1.0);
#5982=VECTOR('',#5985,1.0);
#5983=DIRECTION('',(0,0,-1));
#5984=DIRECTION('',(-0.1397736029886485,0.15834781512603002,0.9774401819816825));
#5985=DIRECTION('',(0.6617678840819772,-0.749708788529028,0));
#5986=FACE_SURFACE('',(#5991),#5987,.T.);
#5987=PLANE('',#5988);
#5988=AXIS2_PLACEMENT_3D('',#540,#5989,#5990);
#5989=DIRECTION('',(0.749708788529028,0.6617678840819772,-0));
#5990=DIRECTION('',(0,0,1));
#5991=FACE_BOUND('',#5992,.T.);
#5992=EDGE_LOOP('',(#5993,#5994,#5995));
#5993=ORIENTED_EDGE('',*,*,#5996,.T.);
#5994=ORIENTED_EDGE('',*,*,#5997,.T.);
#5995=ORIENTED_EDGE('',*,*,#5998,.T.);
#5996=EDGE_CURVE('',#541,#465,#5999,.F.);
#5997=EDGE_CURVE('',#465,#469,#6000,.T.);
#5998=EDGE_CURVE('',#469,#541,#6001,.T.);
#5999=LINE('',#540,#6002);
#6000=LINE('',#464,#6003);
#6001=LINE('',#468,#6004);
#6002=VECTOR('',#6005,1.0);
#6003=VECTOR('',#6006,1.0);
#6004=VECTOR('',#6007,1.0);
#6005=DIRECTION('',(0,0,1));
#6006=DIRECTION('',(0.1397736029886485,-0.15834781512603002,-0.9774401819816825));
#6007=DIRECTION('',(-0.6617678840819772,0.749708788529028,0));
#6008=FACE_SURFACE('',(#6013),#6009,.T.);
#6009=PLANE('',#6010);
#6010=AXIS2_PLACEMENT_3D('',#542,#6011,#6012);
#6011=DIRECTION('',(0,-0,1));
#6012=DIRECTION('',(0.06467780006101326,0.9979061990885053,0));
#6013=FACE_BOUND('',#6014,.T.);
#6014=EDGE_LOOP('',(#6015,#6016,#6017));
#6015=ORIENTED_EDGE('',*,*,#6018,.T.);
#6016=ORIENTED_EDGE('',*,*,#6019,.T.);
#6017=ORIENTED_EDGE('',*,*,#6020,.T.);
#6018=EDGE_CURVE('',#543,#545,#6021,.F.);
#6019=EDGE_CURVE('',#545,#53,#6022,.T.);
#6020=EDGE_CURVE('',#53,#543,#6023,.T.);
#6021=LINE('',#542,#6024);
#6022=LINE('',#544,#6025);
#6023=LINE('',#52,#6026);
#6024=VECTOR('',#6027,1.0);
#6025=VECTOR('',#6028,1.0);
#6026=VECTOR('',#6029,1.0);
#6027=DIRECTION('',(0.06467780006101326,0.9979061990885053,0));
#6028=DIRECTION('',(-0.9798651761762228,-0.19966030280739347,0));
#6029=DIRECTION('',(0.9811161275370113,0.19341960677960995,0));
#6030=FACE_SURFACE('',(#6035),#6031,.T.);
#6031=PLANE('',#6032);
#6032=AXIS2_PLACEMENT_3D('',#546,#6033,#6034);
#6033=DIRECTION('',(-0.19433713821483328,-0.9809347973797589,0));
#6034=DIRECTION('',(0,0,1));
#6035=FACE_BOUND('',#6036,.T.);
#6036=EDGE_LOOP('',(#6037,#6038,#6039));
#6037=ORIENTED_EDGE('',*,*,#6040,.T.);
#6038=ORIENTED_EDGE('',*,*,#6041,.T.);
#6039=ORIENTED_EDGE('',*,*,#6042,.T.);
#6040=EDGE_CURVE('',#547,#127,#6043,.F.);
#6041=EDGE_CURVE('',#127,#485,#6044,.T.);
#6042=EDGE_CURVE('',#485,#547,#6045,.T.);
#6043=LINE('',#546,#6046);
#6044=LINE('',#126,#6047);
#6045=LINE('',#484,#6048);
#6046=VECTOR('',#6049,1.0);
#6047=VECTOR('',#6050,1.0);
#6048=VECTOR('',#6051,1.0);
#6049=DIRECTION('',(0,0,1));
#6050=DIRECTION('',(-0.980934797379759,0.1943371382148333,0));
#6051=DIRECTION('',(0.2072140234224428,-0.04105204588262668,-0.9774339251458045));
#6052=FACE_SURFACE('',(#6057),#6053,.T.);
#6053=PLANE('',#6054);
#6054=AXIS2_PLACEMENT_3D('',#546,#6055,#6056);
#6055=DIRECTION('',(-0.19433713821483328,-0.9809347973797589,0));
#6056=DIRECTION('',(-0.2072140234224428,0.04105204588262668,0.9774339251458045));
#6057=FACE_BOUND('',#6058,.T.);
#6058=EDGE_LOOP('',(#6059,#6060,#6061));
#6059=ORIENTED_EDGE('',*,*,#6062,.T.);
#6060=ORIENTED_EDGE('',*,*,#6063,.T.);
#6061=ORIENTED_EDGE('',*,*,#6064,.T.);
#6062=EDGE_CURVE('',#547,#485,#6065,.F.);
#6063=EDGE_CURVE('',#485,#495,#6066,.T.);
#6064=EDGE_CURVE('',#495,#547,#6067,.T.);
#6065=LINE('',#546,#6068);
#6066=LINE('',#484,#6069);
#6067=LINE('',#494,#6070);
#6068=VECTOR('',#6071,1.0);
#6069=VECTOR('',#6072,1.0);
#6070=VECTOR('',#6073,1.0);
#6071=DIRECTION('',(-0.2072140234224428,0.04105204588262668,0.9774339251458045));
#6072=DIRECTION('',(0,0,-1));
#6073=DIRECTION('',(0.980934797379759,-0.1943371382148333,0));
#6074=FACE_SURFACE('',(#6079),#6075,.T.);
#6075=PLANE('',#6076);
#6076=AXIS2_PLACEMENT_3D('',#548,#6077,#6078);
#6077=DIRECTION('',(-0.31899878463175874,-0.9477551241768418,0));
#6078=DIRECTION('',(0,0,1));
#6079=FACE_BOUND('',#6080,.T.);
#6080=EDGE_LOOP('',(#6081,#6082,#6083));
#6081=ORIENTED_EDGE('',*,*,#6084,.T.);
#6082=ORIENTED_EDGE('',*,*,#6085,.T.);
#6083=ORIENTED_EDGE('',*,*,#6086,.T.);
#6084=EDGE_CURVE('',#549,#125,#6087,.F.);
#6085=EDGE_CURVE('',#125,#127,#6088,.T.);
#6086=EDGE_CURVE('',#127,#549,#6089,.T.);
#6087=LINE('',#548,#6090);
#6088=LINE('',#124,#6091);
#6089=LINE('',#126,#6092);
#6090=VECTOR('',#6093,1.0);
#6091=VECTOR('',#6094,1.0);
#6092=VECTOR('',#6095,1.0);
#6093=DIRECTION('',(0,0,1));
#6094=DIRECTION('',(-0.9477551241768418,0.31899878463175874,0));
#6095=DIRECTION('',(0.20036812058579098,-0.06744061341934848,-0.977396736189834));
#6096=FACE_SURFACE('',(#6101),#6097,.T.);
#6097=PLANE('',#6098);
#6098=AXIS2_PLACEMENT_3D('',#548,#6099,#6100);
#6099=DIRECTION('',(-0.31899878463175874,-0.9477551241768418,0));
#6100=DIRECTION('',(-0.20036812058579098,0.06744061341934848,0.977396736189834));
#6101=FACE_BOUND('',#6102,.T.);
#6102=EDGE_LOOP('',(#6103,#6104,#6105));
#6103=ORIENTED_EDGE('',*,*,#6106,.T.);
#6104=ORIENTED_EDGE('',*,*,#6107,.T.);
#6105=ORIENTED_EDGE('',*,*,#6108,.T.);
#6106=EDGE_CURVE('',#549,#127,#6109,.F.);
#6107=EDGE_CURVE('',#127,#547,#6110,.T.);
#6108=EDGE_CURVE('',#547,#549,#6111,.T.);
#6109=LINE('',#548,#6112);
#6110=LINE('',#126,#6113);
#6111=LINE('',#546,#6114);
#6112=VECTOR('',#6115,1.0);
#6113=VECTOR('',#6116,1.0);
#6114=VECTOR('',#6117,1.0);
#6115=DIRECTION('',(-0.20036812058579098,0.06744061341934848,0.977396736189834));
#6116=DIRECTION('',(0,0,-1));
#6117=DIRECTION('',(0.9477551241768418,-0.31899878463175874,0));
#6118=FACE_SURFACE('',(#6123),#6119,.T.);
#6119=PLANE('',#6120);
#6120=AXIS2_PLACEMENT_3D('',#550,#6121,#6122);
#6121=DIRECTION('',(0.8320509725460228,0.554699178911613,-0));
#6122=DIRECTION('',(0,0,1));
#6123=FACE_BOUND('',#6124,.T.);
#6124=EDGE_LOOP('',(#6125,#6126,#6127));
#6125=ORIENTED_EDGE('',*,*,#6128,.T.);
#6126=ORIENTED_EDGE('',*,*,#6129,.T.);
#6127=ORIENTED_EDGE('',*,*,#6130,.T.);
#6128=EDGE_CURVE('',#551,#553,#6131,.F.);
#6129=EDGE_CURVE('',#553,#465,#6132,.T.);
#6130=EDGE_CURVE('',#465,#551,#6133,.T.);
#6131=LINE('',#550,#6134);
#6132=LINE('',#552,#6135);
#6133=LINE('',#464,#6136);
#6134=VECTOR('',#6137,1.0);
#6135=VECTOR('',#6138,1.0);
#6136=VECTOR('',#6139,1.0);
#6137=DIRECTION('',(0,0,1));
#6138=DIRECTION('',(0.554699178911613,-0.8320509725460227,0));
#6139=DIRECTION('',(-0.1172867515084327,0.17593059331877087,-0.9773905280158511));
#6140=FACE_SURFACE('',(#6145),#6141,.T.);
#6141=PLANE('',#6142);
#6142=AXIS2_PLACEMENT_3D('',#550,#6143,#6144);
#6143=DIRECTION('',(0.8320509725460228,0.554699178911613,0));
#6144=DIRECTION('',(0.1172867515084327,-0.17593059331877087,0.9773905280158511));
#6145=FACE_BOUND('',#6146,.T.);
#6146=EDGE_LOOP('',(#6147,#6148,#6149));
#6147=ORIENTED_EDGE('',*,*,#6150,.T.);
#6148=ORIENTED_EDGE('',*,*,#6151,.T.);
#6149=ORIENTED_EDGE('',*,*,#6152,.T.);
#6150=EDGE_CURVE('',#551,#465,#6153,.F.);
#6151=EDGE_CURVE('',#465,#541,#6154,.T.);
#6152=EDGE_CURVE('',#541,#551,#6155,.T.);
#6153=LINE('',#550,#6156);
#6154=LINE('',#464,#6157);
#6155=LINE('',#540,#6158);
#6156=VECTOR('',#6159,1.0);
#6157=VECTOR('',#6160,1.0);
#6158=VECTOR('',#6161,1.0);
#6159=DIRECTION('',(0.1172867515084327,-0.17593059331877087,0.9773905280158511));
#6160=DIRECTION('',(0,0,-1));
#6161=DIRECTION('',(-0.554699178911613,0.8320509725460227,0));
#6162=FACE_SURFACE('',(#6167),#6163,.T.);
#6163=PLANE('',#6164);
#6164=AXIS2_PLACEMENT_3D('',#554,#6165,#6166);
#6165=DIRECTION('',(0,0,1));
#6166=DIRECTION('',(-0.8175988433048333,-0.575788269615315,0));
#6167=FACE_BOUND('',#6168,.T.);
#6168=EDGE_LOOP('',(#6169,#6170,#6171));
#6169=ORIENTED_EDGE('',*,*,#6172,.T.);
#6170=ORIENTED_EDGE('',*,*,#6173,.T.);
#6171=ORIENTED_EDGE('',*,*,#6174,.T.);
#6172=EDGE_CURVE('',#555,#71,#6175,.F.);
#6173=EDGE_CURVE('',#71,#311,#6176,.T.);
#6174=EDGE_CURVE('',#311,#555,#6177,.T.);
#6175=LINE('',#554,#6178);
#6176=LINE('',#70,#6179);
#6177=LINE('',#310,#6180);
#6178=VECTOR('',#6181,1.0);
#6179=VECTOR('',#6182,1.0);
#6180=VECTOR('',#6183,1.0);
#6181=DIRECTION('',(-0.8175988433048333,-0.575788269615315,0));
#6182=DIRECTION('',(0.8563022608272705,0.5164750120790986,0));
#6183=DIRECTION('',(-0.9975972180237453,0.06928052100904017,0));
#6184=FACE_SURFACE('',(#6189),#6185,.T.);
#6185=PLANE('',#6186);
#6186=AXIS2_PLACEMENT_3D('',#258,#6187,#6188);
#6187=DIRECTION('',(0,0,1));
#6188=DIRECTION('',(-0.7580318466867423,-0.6522175399425311,0));
#6189=FACE_BOUND('',#6190,.T.);
#6190=EDGE_LOOP('',(#6191,#6192,#6193));
#6191=ORIENTED_EDGE('',*,*,#6194,.T.);
#6192=ORIENTED_EDGE('',*,*,#6195,.T.);
#6193=ORIENTED_EDGE('',*,*,#6196,.T.);
#6194=EDGE_CURVE('',#259,#71,#6197,.F.);
#6195=EDGE_CURVE('',#71,#555,#6198,.T.);
#6196=EDGE_CURVE('',#555,#259,#6199,.T.);
#6197=LINE('',#258,#6200);
#6198=LINE('',#70,#6201);
#6199=LINE('',#554,#6202);
#6200=VECTOR('',#6203,1.0);
#6201=VECTOR('',#6204,1.0);
#6202=VECTOR('',#6205,1.0);
#6203=DIRECTION('',(-0.7580318466867423,-0.6522175399425311,0));
#6204=DIRECTION('',(0.8175988433048333,0.575788269615315,0));
#6205=DIRECTION('',(-0.9809361305558842,0.1943304087631403,0));
#6206=FACE_SURFACE('',(#6211),#6207,.T.);
#6207=PLANE('',#6208);
#6208=AXIS2_PLACEMENT_3D('',#74,#6209,#6210);
#6209=DIRECTION('',(0,0,1));
#6210=DIRECTION('',(-0.6617694917793185,0.7497073694116542,0));
#6211=FACE_BOUND('',#6212,.T.);
#6212=EDGE_LOOP('',(#6213,#6214,#6215));
#6213=ORIENTED_EDGE('',*,*,#6216,.T.);
#6214=ORIENTED_EDGE('',*,*,#6217,.T.);
#6215=ORIENTED_EDGE('',*,*,#6218,.T.);
#6216=EDGE_CURVE('',#75,#99,#6219,.F.);
#6217=EDGE_CURVE('',#99,#71,#6220,.T.);
#6218=EDGE_CURVE('',#71,#75,#6221,.T.);
#6219=LINE('',#74,#6222);
#6220=LINE('',#98,#6223);
#6221=LINE('',#70,#6224);
#6222=VECTOR('',#6225,1.0);
#6223=VECTOR('',#6226,1.0);
#6224=VECTOR('',#6227,1.0);
#6225=DIRECTION('',(-0.6617694917793185,0.7497073694116542,0));
#6226=DIRECTION('',(-0.2030998915662257,-0.9791580230206907,0));
#6227=DIRECTION('',(0.31044970321014637,0.9505898073179262,0));
#6228=FACE_SURFACE('',(#6233),#6229,.T.);
#6229=PLANE('',#6230);
#6230=AXIS2_PLACEMENT_3D('',#556,#6231,#6232);
#6231=DIRECTION('',(0,0,1));
#6232=DIRECTION('',(-0.9998468216972395,-0.017502375322470114,0));
#6233=FACE_BOUND('',#6234,.T.);
#6234=EDGE_LOOP('',(#6235,#6236,#6237));
#6235=ORIENTED_EDGE('',*,*,#6238,.T.);
#6236=ORIENTED_EDGE('',*,*,#6239,.T.);
#6237=ORIENTED_EDGE('',*,*,#6240,.T.);
#6238=EDGE_CURVE('',#557,#95,#6241,.F.);
#6239=EDGE_CURVE('',#95,#97,#6242,.T.);
#6240=EDGE_CURVE('',#97,#557,#6243,.T.);
#6241=LINE('',#556,#6244);
#6242=LINE('',#94,#6245);
#6243=LINE('',#96,#6246);
#6244=VECTOR('',#6247,1.0);
#6245=VECTOR('',#6248,1.0);
#6246=VECTOR('',#6249,1.0);
#6247=DIRECTION('',(-0.9998468216972395,-0.017502375322470114,0));
#6248=DIRECTION('',(0.9998998205964801,0.014154461174025012,0));
#6249=DIRECTION('',(-0.439797105273203,0.8980971585487348,0));
#6250=FACE_SURFACE('',(#6255),#6251,.T.);
#6251=PLANE('',#6252);
#6252=AXIS2_PLACEMENT_3D('',#34,#6253,#6254);
#6253=DIRECTION('',(0,0,1));
#6254=DIRECTION('',(-0.9453455126871521,0.32607033235525384,0));
#6255=FACE_BOUND('',#6256,.T.);
#6256=EDGE_LOOP('',(#6257,#6258,#6259));
#6257=ORIENTED_EDGE('',*,*,#6260,.T.);
#6258=ORIENTED_EDGE('',*,*,#6261,.T.);
#6259=ORIENTED_EDGE('',*,*,#6262,.T.);
#6260=EDGE_CURVE('',#35,#313,#6263,.F.);
#6261=EDGE_CURVE('',#313,#71,#6264,.T.);
#6262=EDGE_CURVE('',#71,#35,#6265,.T.);
#6263=LINE('',#34,#6266);
#6264=LINE('',#312,#6267);
#6265=LINE('',#70,#6268);
#6266=VECTOR('',#6269,1.0);
#6267=VECTOR('',#6270,1.0);
#6268=VECTOR('',#6271,1.0);
#6269=DIRECTION('',(-0.9453455126871521,0.32607033235525384,0));
#6270=DIRECTION('',(-0.8792595046663872,-0.4763430732715857,0));
#6271=DIRECTION('',(1,0,0));
#6272=FACE_SURFACE('',(#6277),#6273,.T.);
#6273=PLANE('',#6274);
#6274=AXIS2_PLACEMENT_3D('',#478,#6275,#6276);
#6275=DIRECTION('',(-0,0,1));
#6276=DIRECTION('',(0.997642113680872,-0.06863099161721525,0));
#6277=FACE_BOUND('',#6278,.T.);
#6278=EDGE_LOOP('',(#6279,#6280,#6281));
#6279=ORIENTED_EDGE('',*,*,#6282,.T.);
#6280=ORIENTED_EDGE('',*,*,#6283,.T.);
#6281=ORIENTED_EDGE('',*,*,#6284,.T.);
#6282=EDGE_CURVE('',#479,#439,#6285,.F.);
#6283=EDGE_CURVE('',#439,#53,#6286,.T.);
#6284=EDGE_CURVE('',#53,#479,#6287,.T.);
#6285=LINE('',#478,#6288);
#6286=LINE('',#438,#6289);
#6287=LINE('',#52,#6290);
#6288=VECTOR('',#6291,1.0);
#6289=VECTOR('',#6292,1.0);
#6290=VECTOR('',#6293,1.0);
#6291=DIRECTION('',(0.997642113680872,-0.06863099161721525,0));
#6292=DIRECTION('',(-0.7966912709023963,0.6043864813742317,0));
#6293=DIRECTION('',(0,-1,0));
#6294=FACE_SURFACE('',(#6299),#6295,.T.);
#6295=PLANE('',#6296);
#6296=AXIS2_PLACEMENT_3D('',#180,#6297,#6298);
#6297=DIRECTION('',(0,0,1));
#6298=DIRECTION('',(1,0,0));
#6299=FACE_BOUND('',#6300,.T.);
#6300=EDGE_LOOP('',(#6301,#6302,#6303));
#6301=ORIENTED_EDGE('',*,*,#6304,.T.);
#6302=ORIENTED_EDGE('',*,*,#6305,.T.);
#6303=ORIENTED_EDGE('',*,*,#6306,.T.);
#6304=EDGE_CURVE('',#181,#439,#6307,.F.);
#6305=EDGE_CURVE('',#439,#479,#6308,.T.);
#6306=EDGE_CURVE('',#479,#181,#6309,.T.);
#6307=LINE('',#180,#6310);
#6308=LINE('',#438,#6311);
#6309=LINE('',#478,#6312);
#6310=VECTOR('',#6313,1.0);
#6311=VECTOR('',#6314,1.0);
#6312=VECTOR('',#6315,1.0);
#6313=DIRECTION('',(1,0,0));
#6314=DIRECTION('',(-0.997642113680872,0.06863099161721525,0));
#6315=DIRECTION('',(-0.9970702438271349,-0.07649136470542041,0));
#6316=FACE_SURFACE('',(#6321),#6317,.T.);
#6317=PLANE('',#6318);
#6318=AXIS2_PLACEMENT_3D('',#438,#6319,#6320);
#6319=DIRECTION('',(0,-0,1));
#6320=DIRECTION('',(0.13413856590963152,0.9909625851341247,0));
#6321=FACE_BOUND('',#6322,.T.);
#6322=EDGE_LOOP('',(#6323,#6324,#6325));
#6323=ORIENTED_EDGE('',*,*,#6326,.T.);
#6324=ORIENTED_EDGE('',*,*,#6327,.T.);
#6325=ORIENTED_EDGE('',*,*,#6328,.T.);
#6326=EDGE_CURVE('',#439,#513,#6329,.F.);
#6327=EDGE_CURVE('',#513,#53,#6330,.T.);
#6328=EDGE_CURVE('',#53,#439,#6331,.T.);
#6329=LINE('',#438,#6332);
#6330=LINE('',#512,#6333);
#6331=LINE('',#52,#6334);
#6332=VECTOR('',#6335,1.0);
#6333=VECTOR('',#6336,1.0);
#6334=VECTOR('',#6337,1.0);
#6335=DIRECTION('',(0.13413856590963152,0.9909625851341247,0));
#6336=DIRECTION('',(-0.9876736002631313,-0.15652750347227892,0));
#6337=DIRECTION('',(0.7966912709023963,-0.6043864813742317,0));
#6338=FACE_SURFACE('',(#6343),#6339,.T.);
#6339=PLANE('',#6340);
#6340=AXIS2_PLACEMENT_3D('',#558,#6341,#6342);
#6341=DIRECTION('',(-0.44351587208692467,-0.8962665179548852,0));
#6342=DIRECTION('',(0,0,1));
#6343=FACE_BOUND('',#6344,.T.);
#6344=EDGE_LOOP('',(#6345,#6346,#6347));
#6345=ORIENTED_EDGE('',*,*,#6348,.T.);
#6346=ORIENTED_EDGE('',*,*,#6349,.T.);
#6347=ORIENTED_EDGE('',*,*,#6350,.T.);
#6348=EDGE_CURVE('',#559,#151,#6351,.F.);
#6349=EDGE_CURVE('',#151,#125,#6352,.T.);
#6350=EDGE_CURVE('',#125,#559,#6353,.T.);
#6351=LINE('',#558,#6354);
#6352=LINE('',#150,#6355);
#6353=LINE('',#124,#6356);
#6354=VECTOR('',#6357,1.0);
#6355=VECTOR('',#6358,1.0);
#6356=VECTOR('',#6359,1.0);
#6357=DIRECTION('',(0,0,1));
#6358=DIRECTION('',(-0.8962665179548853,0.4435158720869247,0));
#6359=DIRECTION('',(0.1896092788843222,-0.09382781013848616,-0.9773661869563443));
#6360=FACE_SURFACE('',(#6365),#6361,.T.);
#6361=PLANE('',#6362);
#6362=AXIS2_PLACEMENT_3D('',#558,#6363,#6364);
#6363=DIRECTION('',(-0.44351587208692467,-0.8962665179548852,0));
#6364=DIRECTION('',(-0.1896092788843222,0.09382781013848616,0.9773661869563443));
#6365=FACE_BOUND('',#6366,.T.);
#6366=EDGE_LOOP('',(#6367,#6368,#6369));
#6367=ORIENTED_EDGE('',*,*,#6370,.T.);
#6368=ORIENTED_EDGE('',*,*,#6371,.T.);
#6369=ORIENTED_EDGE('',*,*,#6372,.T.);
#6370=EDGE_CURVE('',#559,#125,#6373,.F.);
#6371=EDGE_CURVE('',#125,#549,#6374,.T.);
#6372=EDGE_CURVE('',#549,#559,#6375,.T.);
#6373=LINE('',#558,#6376);
#6374=LINE('',#124,#6377);
#6375=LINE('',#548,#6378);
#6376=VECTOR('',#6379,1.0);
#6377=VECTOR('',#6380,1.0);
#6378=VECTOR('',#6381,1.0);
#6379=DIRECTION('',(-0.1896092788843222,0.09382781013848616,0.9773661869563443));
#6380=DIRECTION('',(0,0,-1));
#6381=DIRECTION('',(0.8962665179548853,-0.4435158720869247,0));
#6382=FACE_SURFACE('',(#6387),#6383,.T.);
#6383=PLANE('',#6384);
#6384=AXIS2_PLACEMENT_3D('',#560,#6385,#6386);
#6385=DIRECTION('',(-0,0,1));
#6386=DIRECTION('',(0,-1,0));
#6387=FACE_BOUND('',#6388,.T.);
#6388=EDGE_LOOP('',(#6389,#6390,#6391));
#6389=ORIENTED_EDGE('',*,*,#6392,.T.);
#6390=ORIENTED_EDGE('',*,*,#6393,.T.);
#6391=ORIENTED_EDGE('',*,*,#6394,.T.);
#6392=EDGE_CURVE('',#561,#95,#6395,.F.);
#6393=EDGE_CURVE('',#95,#179,#6396,.T.);
#6394=EDGE_CURVE('',#179,#561,#6397,.T.);
#6395=LINE('',#560,#6398);
#6396=LINE('',#94,#6399);
#6397=LINE('',#178,#6400);
#6398=VECTOR('',#6401,1.0);
#6399=VECTOR('',#6402,1.0);
#6400=VECTOR('',#6403,1.0);
#6401=DIRECTION('',(0,-1,0));
#6402=DIRECTION('',(0.9919970897286814,0.12626073803770677,0));
#6403=DIRECTION('',(-1,0,0));
#6404=FACE_SURFACE('',(#6409),#6405,.T.);
#6405=PLANE('',#6406);
#6406=AXIS2_PLACEMENT_3D('',#346,#6407,#6408);
#6407=DIRECTION('',(0.8980997562782439,0.4397918004840003,-0));
#6408=DIRECTION('',(0,0,1));
#6409=FACE_BOUND('',#6410,.T.);
#6410=EDGE_LOOP('',(#6411,#6412,#6413));
#6411=ORIENTED_EDGE('',*,*,#6414,.T.);
#6412=ORIENTED_EDGE('',*,*,#6415,.T.);
#6413=ORIENTED_EDGE('',*,*,#6416,.T.);
#6414=EDGE_CURVE('',#347,#345,#6417,.F.);
#6415=EDGE_CURVE('',#345,#551,#6418,.T.);
#6416=EDGE_CURVE('',#551,#347,#6419,.T.);
#6417=LINE('',#346,#6420);
#6418=LINE('',#344,#6421);
#6419=LINE('',#550,#6422);
#6420=VECTOR('',#6423,1.0);
#6421=VECTOR('',#6424,1.0);
#6422=VECTOR('',#6425,1.0);
#6423=DIRECTION('',(0,0,1));
#6424=DIRECTION('',(0.09285852369869708,-0.1896265856034107,-0.9774553967362865));
#6425=DIRECTION('',(-0.4397918004840003,0.898099756278244,0));
#6426=FACE_SURFACE('',(#6431),#6427,.T.);
#6427=PLANE('',#6428);
#6428=AXIS2_PLACEMENT_3D('',#562,#6429,#6430);
#6429=DIRECTION('',(-0.5568225845802091,-0.83063145215036,0));
#6430=DIRECTION('',(0,0,1));
#6431=FACE_BOUND('',#6432,.T.);
#6432=EDGE_LOOP('',(#6433,#6434,#6435));
#6433=ORIENTED_EDGE('',*,*,#6436,.T.);
#6434=ORIENTED_EDGE('',*,*,#6437,.T.);
#6435=ORIENTED_EDGE('',*,*,#6438,.T.);
#6436=EDGE_CURVE('',#563,#363,#6439,.F.);
#6437=EDGE_CURVE('',#363,#151,#6440,.T.);
#6438=EDGE_CURVE('',#151,#563,#6441,.T.);
#6439=LINE('',#562,#6442);
#6440=LINE('',#362,#6443);
#6441=LINE('',#150,#6444);
#6442=VECTOR('',#6445,1.0);
#6443=VECTOR('',#6446,1.0);
#6444=VECTOR('',#6447,1.0);
#6445=DIRECTION('',(0,0,1));
#6446=DIRECTION('',(-0.8306314521503602,0.5568225845802091,0));
#6447=DIRECTION('',(0.1749838268809502,-0.11730226021582069,-0.9775586120935958));
#6448=FACE_SURFACE('',(#6453),#6449,.T.);
#6449=PLANE('',#6450);
#6450=AXIS2_PLACEMENT_3D('',#562,#6451,#6452);
#6451=DIRECTION('',(-0.5568225845802091,-0.83063145215036,0));
#6452=DIRECTION('',(-0.1749838268809502,0.11730226021582069,0.9775586120935958));
#6453=FACE_BOUND('',#6454,.T.);
#6454=EDGE_LOOP('',(#6455,#6456,#6457));
#6455=ORIENTED_EDGE('',*,*,#6458,.T.);
#6456=ORIENTED_EDGE('',*,*,#6459,.T.);
#6457=ORIENTED_EDGE('',*,*,#6460,.T.);
#6458=EDGE_CURVE('',#563,#151,#6461,.F.);
#6459=EDGE_CURVE('',#151,#559,#6462,.T.);
#6460=EDGE_CURVE('',#559,#563,#6463,.T.);
#6461=LINE('',#562,#6464);
#6462=LINE('',#150,#6465);
#6463=LINE('',#558,#6466);
#6464=VECTOR('',#6467,1.0);
#6465=VECTOR('',#6468,1.0);
#6466=VECTOR('',#6469,1.0);
#6467=DIRECTION('',(-0.1749838268809502,0.11730226021582069,0.9775586120935958));
#6468=DIRECTION('',(0,0,-1));
#6469=DIRECTION('',(0.8306314521503602,-0.5568225845802091,0));
#6470=FACE_SURFACE('',(#6475),#6471,.T.);
#6471=PLANE('',#6472);
#6472=AXIS2_PLACEMENT_3D('',#454,#6473,#6474);
#6473=DIRECTION('',(-0.19433545580907408,0.9809351306867745,0));
#6474=DIRECTION('',(-0.20721580767969422,-0.04105203002372371,-0.9774335475512305));
#6475=FACE_BOUND('',#6476,.T.);
#6476=EDGE_LOOP('',(#6477,#6478,#6479));
#6477=ORIENTED_EDGE('',*,*,#6480,.T.);
#6478=ORIENTED_EDGE('',*,*,#6481,.T.);
#6479=ORIENTED_EDGE('',*,*,#6482,.T.);
#6480=EDGE_CURVE('',#455,#333,#6483,.F.);
#6481=EDGE_CURVE('',#333,#565,#6484,.T.);
#6482=EDGE_CURVE('',#565,#455,#6485,.T.);
#6483=LINE('',#454,#6486);
#6484=LINE('',#332,#6487);
#6485=LINE('',#564,#6488);
#6486=VECTOR('',#6489,1.0);
#6487=VECTOR('',#6490,1.0);
#6488=VECTOR('',#6491,1.0);
#6489=DIRECTION('',(-0.20721580767969422,-0.04105203002372371,-0.9774335475512305));
#6490=DIRECTION('',(0,0,1));
#6491=DIRECTION('',(0.9809351306867745,0.19433545580907408,0));
#6492=FACE_SURFACE('',(#6497),#6493,.T.);
#6493=PLANE('',#6494);
#6494=AXIS2_PLACEMENT_3D('',#562,#6495,#6496);
#6495=DIRECTION('',(-0.6595103765671372,-0.751695459079189,0));
#6496=DIRECTION('',(0.15929261067845582,-0.13975756855256394,0.9772889471469106));
#6497=FACE_BOUND('',#6498,.T.);
#6498=EDGE_LOOP('',(#6499,#6500,#6501));
#6499=ORIENTED_EDGE('',*,*,#6502,.T.);
#6500=ORIENTED_EDGE('',*,*,#6503,.T.);
#6501=ORIENTED_EDGE('',*,*,#6504,.T.);
#6502=EDGE_CURVE('',#563,#371,#6505,.F.);
#6503=EDGE_CURVE('',#371,#363,#6506,.T.);
#6504=EDGE_CURVE('',#363,#563,#6507,.T.);
#6505=LINE('',#562,#6508);
#6506=LINE('',#370,#6509);
#6507=LINE('',#362,#6510);
#6508=VECTOR('',#6511,1.0);
#6509=VECTOR('',#6512,1.0);
#6510=VECTOR('',#6513,1.0);
#6511=DIRECTION('',(0.15929261067845582,-0.13975756855256394,0.9772889471469106));
#6512=DIRECTION('',(-0.7516954590791891,0.6595103765671372,0));
#6513=DIRECTION('',(0,0,-1));
#6514=FACE_SURFACE('',(#6519),#6515,.T.);
#6515=PLANE('',#6516);
#6516=AXIS2_PLACEMENT_3D('',#564,#6517,#6518);
#6517=DIRECTION('',(-0.06467893753574257,0.9979061253641285,0));
#6518=DIRECTION('',(0,0,-1));
#6519=FACE_BOUND('',#6520,.T.);
#6520=EDGE_LOOP('',(#6521,#6522,#6523));
#6521=ORIENTED_EDGE('',*,*,#6524,.T.);
#6522=ORIENTED_EDGE('',*,*,#6525,.T.);
#6523=ORIENTED_EDGE('',*,*,#6526,.T.);
#6524=EDGE_CURVE('',#565,#333,#6527,.F.);
#6525=EDGE_CURVE('',#333,#205,#6528,.T.);
#6526=EDGE_CURVE('',#205,#565,#6529,.T.);
#6527=LINE('',#564,#6530);
#6528=LINE('',#332,#6531);
#6529=LINE('',#204,#6532);
#6530=VECTOR('',#6533,1.0);
#6531=VECTOR('',#6534,1.0);
#6532=VECTOR('',#6535,1.0);
#6533=DIRECTION('',(0,0,-1));
#6534=DIRECTION('',(-0.21111074863618787,-0.01368306955644896,0.9773663721541588));
#6535=DIRECTION('',(0.9979061253641285,0.06467893753574257,0));
#6536=FACE_SURFACE('',(#6541),#6537,.T.);
#6537=PLANE('',#6538);
#6538=AXIS2_PLACEMENT_3D('',#566,#6539,#6540);
#6539=DIRECTION('',(-0.6595103765671372,-0.751695459079189,0));
#6540=DIRECTION('',(0,0,1));
#6541=FACE_BOUND('',#6542,.T.);
#6542=EDGE_LOOP('',(#6543,#6544,#6545));
#6543=ORIENTED_EDGE('',*,*,#6546,.T.);
#6544=ORIENTED_EDGE('',*,*,#6547,.T.);
#6545=ORIENTED_EDGE('',*,*,#6548,.T.);
#6546=EDGE_CURVE('',#567,#371,#6549,.F.);
#6547=EDGE_CURVE('',#371,#563,#6550,.T.);
#6548=EDGE_CURVE('',#563,#567,#6551,.T.);
#6549=LINE('',#566,#6552);
#6550=LINE('',#370,#6553);
#6551=LINE('',#562,#6554);
#6552=VECTOR('',#6555,1.0);
#6553=VECTOR('',#6556,1.0);
#6554=VECTOR('',#6557,1.0);
#6555=DIRECTION('',(0,0,1));
#6556=DIRECTION('',(-0.15929261067845582,0.13975756855256394,-0.9772889471469106));
#6557=DIRECTION('',(0.7516954590791891,-0.6595103765671372,0));
#6558=FACE_SURFACE('',(#6563),#6559,.T.);
#6559=PLANE('',#6560);
#6560=AXIS2_PLACEMENT_3D('',#370,#6561,#6562);
#6561=DIRECTION('',(-0.7496801876115861,-0.6618002843023393,-0));
#6562=DIRECTION('',(0,0,-1));
#6563=FACE_BOUND('',#6564,.T.);
#6564=EDGE_LOOP('',(#6565,#6566,#6567));
#6565=ORIENTED_EDGE('',*,*,#6568,.T.);
#6566=ORIENTED_EDGE('',*,*,#6569,.T.);
#6567=ORIENTED_EDGE('',*,*,#6570,.T.);
#6568=EDGE_CURVE('',#371,#567,#6571,.F.);
#6569=EDGE_CURVE('',#567,#569,#6572,.T.);
#6570=EDGE_CURVE('',#569,#371,#6573,.T.);
#6571=LINE('',#370,#6574);
#6572=LINE('',#566,#6575);
#6573=LINE('',#568,#6576);
#6574=VECTOR('',#6577,1.0);
#6575=VECTOR('',#6578,1.0);
#6576=VECTOR('',#6579,1.0);
#6577=DIRECTION('',(0,0,-1));
#6578=DIRECTION('',(0.6618002843023393,-0.7496801876115862,0));
#6579=DIRECTION('',(-0.1397792517254626,0.15834042103535784,0.9774405720315763));
#6580=FACE_SURFACE('',(#6585),#6581,.T.);
#6581=PLANE('',#6582);
#6582=AXIS2_PLACEMENT_3D('',#370,#6583,#6584);
#6583=DIRECTION('',(-0.7496801876115861,-0.6618002843023393,0));
#6584=DIRECTION('',(0.1397792517254626,-0.15834042103535784,-0.9774405720315763));
#6585=FACE_BOUND('',#6586,.T.);
#6586=EDGE_LOOP('',(#6587,#6588,#6589));
#6587=ORIENTED_EDGE('',*,*,#6590,.T.);
#6588=ORIENTED_EDGE('',*,*,#6591,.T.);
#6589=ORIENTED_EDGE('',*,*,#6592,.T.);
#6590=EDGE_CURVE('',#371,#569,#6593,.F.);
#6591=EDGE_CURVE('',#569,#369,#6594,.T.);
#6592=EDGE_CURVE('',#369,#371,#6595,.T.);
#6593=LINE('',#370,#6596);
#6594=LINE('',#568,#6597);
#6595=LINE('',#368,#6598);
#6596=VECTOR('',#6599,1.0);
#6597=VECTOR('',#6600,1.0);
#6598=VECTOR('',#6601,1.0);
#6599=DIRECTION('',(0.1397792517254626,-0.15834042103535784,-0.9774405720315763));
#6600=DIRECTION('',(0,0,1));
#6601=DIRECTION('',(-0.6618002843023393,0.7496801876115862,0));
#6602=FACE_SURFACE('',(#6607),#6603,.T.);
#6603=PLANE('',#6604);
#6604=AXIS2_PLACEMENT_3D('',#570,#6605,#6606);
#6605=DIRECTION('',(0,0,1));
#6606=DIRECTION('',(-0.9132872593282081,-0.40731607131166625,0));
#6607=FACE_BOUND('',#6608,.T.);
#6608=EDGE_LOOP('',(#6609,#6610,#6611));
#6609=ORIENTED_EDGE('',*,*,#6612,.T.);
#6610=ORIENTED_EDGE('',*,*,#6613,.T.);
#6611=ORIENTED_EDGE('',*,*,#6614,.T.);
#6612=EDGE_CURVE('',#571,#49,#6615,.F.);
#6613=EDGE_CURVE('',#49,#573,#6616,.T.);
#6614=EDGE_CURVE('',#573,#571,#6617,.T.);
#6615=LINE('',#570,#6618);
#6616=LINE('',#48,#6619);
#6617=LINE('',#572,#6620);
#6618=VECTOR('',#6621,1.0);
#6619=VECTOR('',#6622,1.0);
#6620=VECTOR('',#6623,1.0);
#6621=DIRECTION('',(-0.9132872593282081,-0.40731607131166625,0));
#6622=DIRECTION('',(0.9325755289441294,0.3609749060732298,0));
#6623=DIRECTION('',(-0.9477542268472612,0.31900145061292456,0));
#6624=FACE_SURFACE('',(#6629),#6625,.T.);
#6625=PLANE('',#6626);
#6626=AXIS2_PLACEMENT_3D('',#552,#6627,#6628);
#6627=DIRECTION('',(0.8980997562782439,0.4397918004840003,0));
#6628=DIRECTION('',(0,0,-1));
#6629=FACE_BOUND('',#6630,.T.);
#6630=EDGE_LOOP('',(#6631,#6632,#6633));
#6631=ORIENTED_EDGE('',*,*,#6634,.T.);
#6632=ORIENTED_EDGE('',*,*,#6635,.T.);
#6633=ORIENTED_EDGE('',*,*,#6636,.T.);
#6634=EDGE_CURVE('',#553,#551,#6637,.F.);
#6635=EDGE_CURVE('',#551,#345,#6638,.T.);
#6636=EDGE_CURVE('',#345,#553,#6639,.T.);
#6637=LINE('',#552,#6640);
#6638=LINE('',#550,#6641);
#6639=LINE('',#344,#6642);
#6640=VECTOR('',#6643,1.0);
#6641=VECTOR('',#6644,1.0);
#6642=VECTOR('',#6645,1.0);
#6643=DIRECTION('',(0,0,-1));
#6644=DIRECTION('',(-0.09285852369869708,0.1896265856034107,0.9774553967362865));
#6645=DIRECTION('',(0.4397918004840003,-0.898099756278244,0));
#6646=FACE_SURFACE('',(#6651),#6647,.T.);
#6647=PLANE('',#6648);
#6648=AXIS2_PLACEMENT_3D('',#574,#6649,#6650);
#6649=DIRECTION('',(0,0,1));
#6650=DIRECTION('',(-0.8482869955353474,-0.529536753403967,0));
#6651=FACE_BOUND('',#6652,.T.);
#6652=EDGE_LOOP('',(#6653,#6654,#6655));
#6653=ORIENTED_EDGE('',*,*,#6656,.T.);
#6654=ORIENTED_EDGE('',*,*,#6657,.T.);
#6655=ORIENTED_EDGE('',*,*,#6658,.T.);
#6656=EDGE_CURVE('',#575,#49,#6659,.F.);
#6657=EDGE_CURVE('',#49,#577,#6660,.T.);
#6658=EDGE_CURVE('',#577,#575,#6661,.T.);
#6659=LINE('',#574,#6662);
#6660=LINE('',#48,#6663);
#6661=LINE('',#576,#6664);
#6662=VECTOR('',#6665,1.0);
#6663=VECTOR('',#6666,1.0);
#6664=VECTOR('',#6667,1.0);
#6665=DIRECTION('',(-0.8482869955353474,-0.529536753403967,0));
#6666=DIRECTION('',(0.8855703251123814,0.46450532750481044,0));
#6667=DIRECTION('',(-0.8306198458917827,0.5568398976462725,0));
#6668=FACE_SURFACE('',(#6673),#6669,.T.);
#6669=PLANE('',#6670);
#6670=AXIS2_PLACEMENT_3D('',#110,#6671,#6672);
#6671=DIRECTION('',(0,-0,1));
#6672=DIRECTION('',(0.19433545580907408,0.9809351306867745,0));
#6673=FACE_BOUND('',#6674,.T.);
#6674=EDGE_LOOP('',(#6675,#6676,#6677));
#6675=ORIENTED_EDGE('',*,*,#6678,.T.);
#6676=ORIENTED_EDGE('',*,*,#6679,.T.);
#6677=ORIENTED_EDGE('',*,*,#6680,.T.);
#6678=EDGE_CURVE('',#111,#121,#6681,.F.);
#6679=EDGE_CURVE('',#121,#95,#6682,.T.);
#6680=EDGE_CURVE('',#95,#111,#6683,.T.);
#6681=LINE('',#110,#6684);
#6682=LINE('',#120,#6685);
#6683=LINE('',#94,#6686);
#6684=VECTOR('',#6687,1.0);
#6685=VECTOR('',#6688,1.0);
#6686=VECTOR('',#6689,1.0);
#6687=DIRECTION('',(0.19433545580907408,0.9809351306867745,0));
#6688=DIRECTION('',(-0.9993625918524099,-0.035698879618741276,0));
#6689=DIRECTION('',(0.9994850105198935,0.03208915309023432,0));
#6690=FACE_SURFACE('',(#6695),#6691,.T.);
#6691=PLANE('',#6692);
#6692=AXIS2_PLACEMENT_3D('',#396,#6693,#6694);
#6693=DIRECTION('',(0,-0,1));
#6694=DIRECTION('',(0.7517227541770974,0.6594792649146743,0));
#6695=FACE_BOUND('',#6696,.T.);
#6696=EDGE_LOOP('',(#6697,#6698,#6699));
#6697=ORIENTED_EDGE('',*,*,#6700,.T.);
#6698=ORIENTED_EDGE('',*,*,#6701,.T.);
#6699=ORIENTED_EDGE('',*,*,#6702,.T.);
#6700=EDGE_CURVE('',#397,#579,#6703,.F.);
#6701=EDGE_CURVE('',#579,#179,#6704,.T.);
#6702=EDGE_CURVE('',#179,#397,#6705,.T.);
#6703=LINE('',#396,#6706);
#6704=LINE('',#578,#6707);
#6705=LINE('',#178,#6708);
#6706=VECTOR('',#6709,1.0);
#6707=VECTOR('',#6710,1.0);
#6708=VECTOR('',#6711,1.0);
#6709=DIRECTION('',(0.7517227541770974,0.6594792649146743,0));
#6710=DIRECTION('',(-0.6893955297687625,0.7243851210059794,0));
#6711=DIRECTION('',(0.6606886981473092,-0.7506600056886032,0));
#6712=FACE_SURFACE('',(#6717),#6713,.T.);
#6713=PLANE('',#6714);
#6714=AXIS2_PLACEMENT_3D('',#578,#6715,#6716);
#6715=DIRECTION('',(0,-0,1));
#6716=DIRECTION('',(0.8306212180617042,0.5568378508198693,0));
#6717=FACE_BOUND('',#6718,.T.);
#6718=EDGE_LOOP('',(#6719,#6720,#6721));
#6719=ORIENTED_EDGE('',*,*,#6722,.T.);
#6720=ORIENTED_EDGE('',*,*,#6723,.T.);
#6721=ORIENTED_EDGE('',*,*,#6724,.T.);
#6722=EDGE_CURVE('',#579,#581,#6725,.F.);
#6723=EDGE_CURVE('',#581,#179,#6726,.T.);
#6724=EDGE_CURVE('',#179,#579,#6727,.T.);
#6725=LINE('',#578,#6728);
#6726=LINE('',#580,#6729);
#6727=LINE('',#178,#6730);
#6728=VECTOR('',#6731,1.0);
#6729=VECTOR('',#6732,1.0);
#6730=VECTOR('',#6733,1.0);
#6731=DIRECTION('',(0.8306212180617042,0.5568378508198693,0));
#6732=DIRECTION('',(-0.7163098100706151,0.6977823844126472,0));
#6733=DIRECTION('',(0.6893955297687625,-0.7243851210059794,0));
#6734=FACE_SURFACE('',(#6739),#6735,.T.);
#6735=PLANE('',#6736);
#6736=AXIS2_PLACEMENT_3D('',#580,#6737,#6738);
#6737=DIRECTION('',(0,-0,1));
#6738=DIRECTION('',(0.8962673936458815,0.4435141024671238,0));
#6739=FACE_BOUND('',#6740,.T.);
#6740=EDGE_LOOP('',(#6741,#6742,#6743));
#6741=ORIENTED_EDGE('',*,*,#6744,.T.);
#6742=ORIENTED_EDGE('',*,*,#6745,.T.);
#6743=ORIENTED_EDGE('',*,*,#6746,.T.);
#6744=EDGE_CURVE('',#581,#407,#6747,.F.);
#6745=EDGE_CURVE('',#407,#179,#6748,.T.);
#6746=EDGE_CURVE('',#179,#581,#6749,.T.);
#6747=LINE('',#580,#6750);
#6748=LINE('',#406,#6751);
#6749=LINE('',#178,#6752);
#6750=VECTOR('',#6753,1.0);
#6751=VECTOR('',#6754,1.0);
#6752=VECTOR('',#6755,1.0);
#6753=DIRECTION('',(0.8962673936458815,0.4435141024671238,0));
#6754=DIRECTION('',(-0.7408861410375144,0.671630647021516,0));
#6755=DIRECTION('',(0.7163098100706151,-0.6977823844126472,0));
#6756=FACE_SURFACE('',(#6761),#6757,.T.);
#6757=PLANE('',#6758);
#6758=AXIS2_PLACEMENT_3D('',#408,#6759,#6760);
#6759=DIRECTION('',(0,-0,1));
#6760=DIRECTION('',(0.9809357099773147,0.19433253173697249,0));
#6761=FACE_BOUND('',#6762,.T.);
#6762=EDGE_LOOP('',(#6763,#6764,#6765));
#6763=ORIENTED_EDGE('',*,*,#6766,.T.);
#6764=ORIENTED_EDGE('',*,*,#6767,.T.);
#6765=ORIENTED_EDGE('',*,*,#6768,.T.);
#6766=EDGE_CURVE('',#409,#441,#6769,.F.);
#6767=EDGE_CURVE('',#441,#179,#6770,.T.);
#6768=EDGE_CURVE('',#179,#409,#6771,.T.);
#6769=LINE('',#408,#6772);
#6770=LINE('',#440,#6773);
#6771=LINE('',#178,#6774);
#6772=VECTOR('',#6775,1.0);
#6773=VECTOR('',#6776,1.0);
#6774=VECTOR('',#6777,1.0);
#6775=DIRECTION('',(0.9809357099773147,0.19433253173697249,0));
#6776=DIRECTION('',(-0.78050727874763,0.6251466930424964,0));
#6777=DIRECTION('',(0.7623645822776081,-0.6471477757735772,0));
#6778=FACE_SURFACE('',(#6783),#6779,.T.);
#6779=PLANE('',#6780);
#6780=AXIS2_PLACEMENT_3D('',#440,#6781,#6782);
#6781=DIRECTION('',(0,-0,1));
#6782=DIRECTION('',(0.9979060516358615,0.06468007505039758,0));
#6783=FACE_BOUND('',#6784,.T.);
#6784=EDGE_LOOP('',(#6785,#6786,#6787));
#6785=ORIENTED_EDGE('',*,*,#6788,.T.);
#6786=ORIENTED_EDGE('',*,*,#6789,.T.);
#6787=ORIENTED_EDGE('',*,*,#6790,.T.);
#6788=EDGE_CURVE('',#441,#519,#6791,.F.);
#6789=EDGE_CURVE('',#519,#439,#6792,.T.);
#6790=EDGE_CURVE('',#439,#441,#6793,.T.);
#6791=LINE('',#440,#6794);
#6792=LINE('',#518,#6795);
#6793=LINE('',#438,#6796);
#6794=VECTOR('',#6797,1.0);
#6795=VECTOR('',#6798,1.0);
#6796=VECTOR('',#6799,1.0);
#6797=DIRECTION('',(0.9979060516358615,0.06468007505039758,0));
#6798=DIRECTION('',(-0.08519031011146706,0.9963646978205881,0));
#6799=DIRECTION('',(0.0814005549949941,-0.9966814684975872,0));
#6800=FACE_SURFACE('',(#6805),#6801,.T.);
#6801=PLANE('',#6802);
#6802=AXIS2_PLACEMENT_3D('',#536,#6803,#6804);
#6803=DIRECTION('',(0,0,1));
#6804=DIRECTION('',(-0.1943304087631403,0.9809361305558842,0));
#6805=FACE_BOUND('',#6806,.T.);
#6806=EDGE_LOOP('',(#6807,#6808,#6809));
#6807=ORIENTED_EDGE('',*,*,#6810,.T.);
#6808=ORIENTED_EDGE('',*,*,#6811,.T.);
#6809=ORIENTED_EDGE('',*,*,#6812,.T.);
#6810=EDGE_CURVE('',#537,#583,#6813,.F.);
#6811=EDGE_CURVE('',#583,#53,#6814,.T.);
#6812=EDGE_CURVE('',#53,#537,#6815,.T.);
#6813=LINE('',#536,#6816);
#6814=LINE('',#582,#6817);
#6815=LINE('',#52,#6818);
#6816=VECTOR('',#6819,1.0);
#6817=VECTOR('',#6820,1.0);
#6818=VECTOR('',#6821,1.0);
#6819=DIRECTION('',(-0.1943304087631403,0.9809361305558842,0));
#6820=DIRECTION('',(-0.9823612256896717,-0.18699310752400983,0));
#6821=DIRECTION('',(0.9835723768704601,0.18051420846402597,0));
#6822=FACE_SURFACE('',(#6827),#6823,.T.);
#6823=PLANE('',#6824);
#6824=AXIS2_PLACEMENT_3D('',#582,#6825,#6826);
#6825=DIRECTION('',(0,0,1));
#6826=DIRECTION('',(-0.06468007505039758,0.9979060516358615,0));
#6827=FACE_BOUND('',#6828,.T.);
#6828=EDGE_LOOP('',(#6829,#6830,#6831));
#6829=ORIENTED_EDGE('',*,*,#6832,.T.);
#6830=ORIENTED_EDGE('',*,*,#6833,.T.);
#6831=ORIENTED_EDGE('',*,*,#6834,.T.);
#6832=EDGE_CURVE('',#583,#543,#6835,.F.);
#6833=EDGE_CURVE('',#543,#53,#6836,.T.);
#6834=EDGE_CURVE('',#53,#583,#6837,.T.);
#6835=LINE('',#582,#6838);
#6836=LINE('',#542,#6839);
#6837=LINE('',#52,#6840);
#6838=VECTOR('',#6841,1.0);
#6839=VECTOR('',#6842,1.0);
#6840=VECTOR('',#6843,1.0);
#6841=DIRECTION('',(-0.06468007505039758,0.9979060516358615,0));
#6842=DIRECTION('',(-0.9811161275370113,-0.19341960677960995,0));
#6843=DIRECTION('',(0.9823612256896717,0.18699310752400983,0));
#6844=FACE_SURFACE('',(#6849),#6845,.T.);
#6845=PLANE('',#6846);
#6846=AXIS2_PLACEMENT_3D('',#544,#6847,#6848);
#6847=DIRECTION('',(0,-0,1));
#6848=DIRECTION('',(0.1943371382148333,0.980934797379759,0));
#6849=FACE_BOUND('',#6850,.T.);
#6850=EDGE_LOOP('',(#6851,#6852,#6853));
#6851=ORIENTED_EDGE('',*,*,#6854,.T.);
#6852=ORIENTED_EDGE('',*,*,#6855,.T.);
#6853=ORIENTED_EDGE('',*,*,#6856,.T.);
#6854=EDGE_CURVE('',#545,#403,#6857,.F.);
#6855=EDGE_CURVE('',#403,#53,#6858,.T.);
#6856=EDGE_CURVE('',#53,#545,#6859,.T.);
#6857=LINE('',#544,#6860);
#6858=LINE('',#402,#6861);
#6859=LINE('',#52,#6862);
#6860=VECTOR('',#6863,1.0);
#6861=VECTOR('',#6864,1.0);
#6862=VECTOR('',#6865,1.0);
#6863=DIRECTION('',(0.1943371382148333,0.980934797379759,0));
#6864=DIRECTION('',(-0.9786395080178608,-0.2055838353240818,0));
#6865=DIRECTION('',(0.9798651761762228,0.19966030280739347,0));
#6866=FACE_SURFACE('',(#6871),#6867,.T.);
#6867=PLANE('',#6868);
#6868=AXIS2_PLACEMENT_3D('',#402,#6869,#6870);
#6869=DIRECTION('',(0,-0,1));
#6870=DIRECTION('',(0.3245567392338114,0.945866228923475,0));
#6871=FACE_BOUND('',#6872,.T.);
#6872=EDGE_LOOP('',(#6873,#6874,#6875));
#6873=ORIENTED_EDGE('',*,*,#6876,.T.);
#6874=ORIENTED_EDGE('',*,*,#6877,.T.);
#6875=ORIENTED_EDGE('',*,*,#6878,.T.);
#6876=EDGE_CURVE('',#403,#401,#6879,.F.);
#6877=EDGE_CURVE('',#401,#53,#6880,.T.);
#6878=EDGE_CURVE('',#53,#403,#6881,.T.);
#6879=LINE('',#402,#6882);
#6880=LINE('',#400,#6883);
#6881=LINE('',#52,#6884);
#6882=VECTOR('',#6885,1.0);
#6883=VECTOR('',#6886,1.0);
#6884=VECTOR('',#6887,1.0);
#6885=DIRECTION('',(0.3245567392338114,0.945866228923475,0));
#6886=DIRECTION('',(-0.9774723510017237,-0.21106350472585986,0));
#6887=DIRECTION('',(0.9786395080178608,0.2055838353240818,0));
#6888=FACE_SURFACE('',(#6893),#6889,.T.);
#6889=PLANE('',#6890);
#6890=AXIS2_PLACEMENT_3D('',#400,#6891,#6892);
#6891=DIRECTION('',(0,-0,1));
#6892=DIRECTION('',(0.43979536147012105,0.898098012484921,0));
#6893=FACE_BOUND('',#6894,.T.);
#6894=EDGE_LOOP('',(#6895,#6896,#6897));
#6895=ORIENTED_EDGE('',*,*,#6898,.T.);
#6896=ORIENTED_EDGE('',*,*,#6899,.T.);
#6897=ORIENTED_EDGE('',*,*,#6900,.T.);
#6898=EDGE_CURVE('',#401,#415,#6901,.F.);
#6899=EDGE_CURVE('',#415,#53,#6902,.T.);
#6900=EDGE_CURVE('',#53,#401,#6903,.T.);
#6901=LINE('',#400,#6904);
#6902=LINE('',#414,#6905);
#6903=LINE('',#52,#6906);
#6904=VECTOR('',#6907,1.0);
#6905=VECTOR('',#6908,1.0);
#6906=VECTOR('',#6909,1.0);
#6907=DIRECTION('',(0.43979536147012105,0.898098012484921,0));
#6908=DIRECTION('',(-0.9763815367931818,-0.21605345312997076,0));
#6909=DIRECTION('',(0.9774723510017237,0.21106350472585986,0));
#6910=FACE_SURFACE('',(#6915),#6911,.T.);
#6911=PLANE('',#6912);
#6912=AXIS2_PLACEMENT_3D('',#420,#6913,#6914);
#6913=DIRECTION('',(0,-0,1));
#6914=DIRECTION('',(0.6617804401769383,0.7496977050779987,0));
#6915=FACE_BOUND('',#6916,.T.);
#6916=EDGE_LOOP('',(#6917,#6918,#6919));
#6917=ORIENTED_EDGE('',*,*,#6920,.T.);
#6918=ORIENTED_EDGE('',*,*,#6921,.T.);
#6919=ORIENTED_EDGE('',*,*,#6922,.T.);
#6920=EDGE_CURVE('',#421,#55,#6923,.F.);
#6921=EDGE_CURVE('',#55,#53,#6924,.T.);
#6922=EDGE_CURVE('',#53,#421,#6925,.T.);
#6923=LINE('',#420,#6926);
#6924=LINE('',#54,#6927);
#6925=LINE('',#52,#6928);
#6926=VECTOR('',#6929,1.0);
#6927=VECTOR('',#6930,1.0);
#6928=VECTOR('',#6931,1.0);
#6929=DIRECTION('',(0.6617804401769383,0.7496977050779987,0));
#6930=DIRECTION('',(-0.9745628132842226,-0.22411453090672545,0));
#6931=DIRECTION('',(0.975401276791596,0.22043672387631802,0));
#6932=FACE_SURFACE('',(#6937),#6933,.T.);
#6933=PLANE('',#6934);
#6934=AXIS2_PLACEMENT_3D('',#342,#6935,#6936);
#6935=DIRECTION('',(0.9458625025393723,0.32456759895275417,-0));
#6936=DIRECTION('',(0,0,1));
#6937=FACE_BOUND('',#6938,.T.);
#6938=EDGE_LOOP('',(#6939,#6940,#6941));
#6939=ORIENTED_EDGE('',*,*,#6942,.T.);
#6940=ORIENTED_EDGE('',*,*,#6943,.T.);
#6941=ORIENTED_EDGE('',*,*,#6944,.T.);
#6942=EDGE_CURVE('',#343,#61,#6945,.F.);
#6943=EDGE_CURVE('',#61,#345,#6946,.T.);
#6944=EDGE_CURVE('',#345,#343,#6947,.T.);
#6945=LINE('',#342,#6948);
#6946=LINE('',#60,#6949);
#6947=LINE('',#344,#6950);
#6948=VECTOR('',#6951,1.0);
#6949=VECTOR('',#6952,1.0);
#6950=VECTOR('',#6953,1.0);
#6951=DIRECTION('',(0,0,1));
#6952=DIRECTION('',(0.32456759895275417,-0.9458625025393723,0));
#6953=DIRECTION('',(-0.06842639555183722,0.19940980536948485,-0.977524198122117));
#6954=FACE_SURFACE('',(#6959),#6955,.T.);
#6955=PLANE('',#6956);
#6956=AXIS2_PLACEMENT_3D('',#514,#6957,#6958);
#6957=DIRECTION('',(0,0,1));
#6958=DIRECTION('',(-0.140693403234285,-0.9900532138659794,0));
#6959=FACE_BOUND('',#6960,.T.);
#6960=EDGE_LOOP('',(#6961,#6962,#6963));
#6961=ORIENTED_EDGE('',*,*,#6964,.T.);
#6962=ORIENTED_EDGE('',*,*,#6965,.T.);
#6963=ORIENTED_EDGE('',*,*,#6966,.T.);
#6964=EDGE_CURVE('',#515,#439,#6967,.F.);
#6965=EDGE_CURVE('',#439,#585,#6968,.T.);
#6966=EDGE_CURVE('',#585,#515,#6969,.T.);
#6967=LINE('',#514,#6970);
#6968=LINE('',#438,#6971);
#6969=LINE('',#584,#6972);
#6970=VECTOR('',#6973,1.0);
#6971=VECTOR('',#6974,1.0);
#6972=VECTOR('',#6975,1.0);
#6973=DIRECTION('',(-0.140693403234285,-0.9900532138659794,0));
#6974=DIRECTION('',(0.14775120327255167,0.9890245608333057,0));
#6975=DIRECTION('',(-0.8306150775948853,0.5568470102928118,0));
#6976=FACE_SURFACE('',(#6981),#6977,.T.);
#6977=PLANE('',#6978);
#6978=AXIS2_PLACEMENT_3D('',#368,#6979,#6980);
#6979=DIRECTION('',(-0.83206114565212,-0.5546839189088518,-0));
#6980=DIRECTION('',(0,0,-1));
#6981=FACE_BOUND('',#6982,.T.);
#6982=EDGE_LOOP('',(#6983,#6984,#6985));
#6983=ORIENTED_EDGE('',*,*,#6986,.T.);
#6984=ORIENTED_EDGE('',*,*,#6987,.T.);
#6985=ORIENTED_EDGE('',*,*,#6988,.T.);
#6986=EDGE_CURVE('',#369,#569,#6989,.F.);
#6987=EDGE_CURVE('',#569,#587,#6990,.T.);
#6988=EDGE_CURVE('',#587,#369,#6991,.T.);
#6989=LINE('',#368,#6992);
#6990=LINE('',#568,#6993);
#6991=LINE('',#586,#6994);
#6992=VECTOR('',#6995,1.0);
#6993=VECTOR('',#6996,1.0);
#6994=VECTOR('',#6997,1.0);
#6995=DIRECTION('',(0,0,-1));
#6996=DIRECTION('',(0.5546839189088518,-0.83206114565212,0));
#6997=DIRECTION('',(-0.11728215505497433,0.17593068948448687,0.9773910622689231));
#6998=FACE_SURFACE('',(#7003),#6999,.T.);
#6999=PLANE('',#7000);
#7000=AXIS2_PLACEMENT_3D('',#368,#7001,#7002);
#7001=DIRECTION('',(-0.83206114565212,-0.5546839189088518,0));
#7002=DIRECTION('',(0.11728215505497433,-0.17593068948448687,-0.9773910622689231));
#7003=FACE_BOUND('',#7004,.T.);
#7004=EDGE_LOOP('',(#7005,#7006,#7007));
#7005=ORIENTED_EDGE('',*,*,#7008,.T.);
#7006=ORIENTED_EDGE('',*,*,#7009,.T.);
#7007=ORIENTED_EDGE('',*,*,#7010,.T.);
#7008=EDGE_CURVE('',#369,#587,#7011,.F.);
#7009=EDGE_CURVE('',#587,#377,#7012,.T.);
#7010=EDGE_CURVE('',#377,#369,#7013,.T.);
#7011=LINE('',#368,#7014);
#7012=LINE('',#586,#7015);
#7013=LINE('',#376,#7016);
#7014=VECTOR('',#7017,1.0);
#7015=VECTOR('',#7018,1.0);
#7016=VECTOR('',#7019,1.0);
#7017=DIRECTION('',(0.11728215505497433,-0.17593068948448687,-0.9773910622689231));
#7018=DIRECTION('',(0,0,1));
#7019=DIRECTION('',(-0.5546839189088518,0.83206114565212,0));
#7020=FACE_SURFACE('',(#7025),#7021,.T.);
#7021=PLANE('',#7022);
#7022=AXIS2_PLACEMENT_3D('',#588,#7023,#7024);
#7023=DIRECTION('',(0.9809352893945114,0.19433465470807396,-0));
#7024=DIRECTION('',(0,0,1));
#7025=FACE_BOUND('',#7026,.T.);
#7026=EDGE_LOOP('',(#7027,#7028,#7029));
#7027=ORIENTED_EDGE('',*,*,#7030,.T.);
#7028=ORIENTED_EDGE('',*,*,#7031,.T.);
#7029=ORIENTED_EDGE('',*,*,#7032,.T.);
#7030=EDGE_CURVE('',#589,#59,#7033,.F.);
#7031=EDGE_CURVE('',#59,#61,#7034,.T.);
#7032=EDGE_CURVE('',#61,#589,#7035,.T.);
#7033=LINE('',#588,#7036);
#7034=LINE('',#58,#7037);
#7035=LINE('',#60,#7038);
#7036=VECTOR('',#7039,1.0);
#7037=VECTOR('',#7040,1.0);
#7038=VECTOR('',#7041,1.0);
#7039=DIRECTION('',(0,0,1));
#7040=DIRECTION('',(0.19433465470807396,-0.9809352893945112,0));
#7041=DIRECTION('',(-0.041052913027481826,0.2072211525092827,-0.9774323773462196));
#7042=FACE_SURFACE('',(#7047),#7043,.T.);
#7043=PLANE('',#7044);
#7044=AXIS2_PLACEMENT_3D('',#588,#7045,#7046);
#7045=DIRECTION('',(0.9809352893945114,0.19433465470807396,0));
#7046=DIRECTION('',(0.041052913027481826,-0.2072211525092827,0.9774323773462196));
#7047=FACE_BOUND('',#7048,.T.);
#7048=EDGE_LOOP('',(#7049,#7050,#7051));
#7049=ORIENTED_EDGE('',*,*,#7052,.T.);
#7050=ORIENTED_EDGE('',*,*,#7053,.T.);
#7051=ORIENTED_EDGE('',*,*,#7054,.T.);
#7052=EDGE_CURVE('',#589,#61,#7055,.F.);
#7053=EDGE_CURVE('',#61,#343,#7056,.T.);
#7054=EDGE_CURVE('',#343,#589,#7057,.T.);
#7055=LINE('',#588,#7058);
#7056=LINE('',#60,#7059);
#7057=LINE('',#342,#7060);
#7058=VECTOR('',#7061,1.0);
#7059=VECTOR('',#7062,1.0);
#7060=VECTOR('',#7063,1.0);
#7061=DIRECTION('',(0.041052913027481826,-0.2072211525092827,0.9774323773462196));
#7062=DIRECTION('',(0,0,-1));
#7063=DIRECTION('',(-0.19433465470807396,0.9809352893945112,0));
#7064=FACE_SURFACE('',(#7069),#7065,.T.);
#7065=PLANE('',#7066);
#7066=AXIS2_PLACEMENT_3D('',#590,#7067,#7068);
#7067=DIRECTION('',(0,0,1));
#7068=DIRECTION('',(-0.7455274623339818,-0.6664749079341646,0));
#7069=FACE_BOUND('',#7070,.T.);
#7070=EDGE_LOOP('',(#7071,#7072,#7073));
#7071=ORIENTED_EDGE('',*,*,#7074,.T.);
#7072=ORIENTED_EDGE('',*,*,#7075,.T.);
#7073=ORIENTED_EDGE('',*,*,#7076,.T.);
#7074=EDGE_CURVE('',#591,#49,#7077,.F.);
#7075=EDGE_CURVE('',#49,#593,#7078,.T.);
#7076=EDGE_CURVE('',#593,#591,#7079,.T.);
#7077=LINE('',#590,#7080);
#7078=LINE('',#48,#7081);
#7079=LINE('',#592,#7082);
#7080=VECTOR('',#7083,1.0);
#7081=VECTOR('',#7084,1.0);
#7082=VECTOR('',#7085,1.0);
#7083=DIRECTION('',(-0.7455274623339818,-0.6664749079341646,0));
#7084=DIRECTION('',(0.800871795115382,0.5988358437741227,0));
#7085=DIRECTION('',(-0.6617744529869125,0.7497029901059971,0));
#7086=FACE_SURFACE('',(#7091),#7087,.T.);
#7087=PLANE('',#7088);
#7088=AXIS2_PLACEMENT_3D('',#376,#7089,#7090);
#7089=DIRECTION('',(-0.8980980124849212,-0.43979536147012105,-0));
#7090=DIRECTION('',(0,0,-1));
#7091=FACE_BOUND('',#7092,.T.);
#7092=EDGE_LOOP('',(#7093,#7094,#7095));
#7093=ORIENTED_EDGE('',*,*,#7096,.T.);
#7094=ORIENTED_EDGE('',*,*,#7097,.T.);
#7095=ORIENTED_EDGE('',*,*,#7098,.T.);
#7096=EDGE_CURVE('',#377,#587,#7099,.F.);
#7097=EDGE_CURVE('',#587,#595,#7100,.T.);
#7098=EDGE_CURVE('',#595,#377,#7101,.T.);
#7099=LINE('',#376,#7102);
#7100=LINE('',#586,#7103);
#7101=LINE('',#594,#7104);
#7102=VECTOR('',#7105,1.0);
#7103=VECTOR('',#7106,1.0);
#7104=VECTOR('',#7107,1.0);
#7105=DIRECTION('',(0,0,-1));
#7106=DIRECTION('',(0.43979536147012105,-0.898098012484921,0));
#7107=DIRECTION('',(-0.09285944783482167,0.18962656918919413,0.9774553121270292));
#7108=FACE_SURFACE('',(#7113),#7109,.T.);
#7109=PLANE('',#7110);
#7110=AXIS2_PLACEMENT_3D('',#376,#7111,#7112);
#7111=DIRECTION('',(-0.8980980124849212,-0.43979536147012105,0));
#7112=DIRECTION('',(0.09285944783482167,-0.18962656918919413,-0.9774553121270292));
#7113=FACE_BOUND('',#7114,.T.);
#7114=EDGE_LOOP('',(#7115,#7116,#7117));
#7115=ORIENTED_EDGE('',*,*,#7118,.T.);
#7116=ORIENTED_EDGE('',*,*,#7119,.T.);
#7117=ORIENTED_EDGE('',*,*,#7120,.T.);
#7118=EDGE_CURVE('',#377,#595,#7121,.F.);
#7119=EDGE_CURVE('',#595,#489,#7122,.T.);
#7120=EDGE_CURVE('',#489,#377,#7123,.T.);
#7121=LINE('',#376,#7124);
#7122=LINE('',#594,#7125);
#7123=LINE('',#488,#7126);
#7124=VECTOR('',#7127,1.0);
#7125=VECTOR('',#7128,1.0);
#7126=VECTOR('',#7129,1.0);
#7127=DIRECTION('',(0.09285944783482167,-0.18962656918919413,-0.9774553121270292));
#7128=DIRECTION('',(0,0,1));
#7129=DIRECTION('',(-0.43979536147012105,0.898098012484921,0));
#7130=FACE_SURFACE('',(#7135),#7131,.T.);
#7131=PLANE('',#7132);
#7132=AXIS2_PLACEMENT_3D('',#584,#7133,#7134);
#7133=DIRECTION('',(0,0,1));
#7134=DIRECTION('',(-0.14775120327255167,-0.9890245608333057,0));
#7135=FACE_BOUND('',#7136,.T.);
#7136=EDGE_LOOP('',(#7137,#7138,#7139));
#7137=ORIENTED_EDGE('',*,*,#7140,.T.);
#7138=ORIENTED_EDGE('',*,*,#7141,.T.);
#7139=ORIENTED_EDGE('',*,*,#7142,.T.);
#7140=EDGE_CURVE('',#585,#439,#7143,.F.);
#7141=EDGE_CURVE('',#439,#509,#7144,.T.);
#7142=EDGE_CURVE('',#509,#585,#7145,.T.);
#7143=LINE('',#584,#7146);
#7144=LINE('',#438,#7147);
#7145=LINE('',#508,#7148);
#7146=VECTOR('',#7149,1.0);
#7147=VECTOR('',#7150,1.0);
#7148=VECTOR('',#7151,1.0);
#7149=DIRECTION('',(-0.14775120327255167,-0.9890245608333057,0));
#7150=DIRECTION('',(0.15525338367516217,0.9878746817574651,0));
#7151=DIRECTION('',(-0.8962665179548853,0.4435158720869247,0));
#7152=FACE_SURFACE('',(#7157),#7153,.T.);
#7153=PLANE('',#7154);
#7154=AXIS2_PLACEMENT_3D('',#90,#7155,#7156);
#7155=DIRECTION('',(0,0,1));
#7156=DIRECTION('',(-0.999778987338602,-0.02102323657764034,0));
#7157=FACE_BOUND('',#7158,.T.);
#7158=EDGE_LOOP('',(#7159,#7160,#7161));
#7159=ORIENTED_EDGE('',*,*,#7162,.T.);
#7160=ORIENTED_EDGE('',*,*,#7163,.T.);
#7161=ORIENTED_EDGE('',*,*,#7164,.T.);
#7162=EDGE_CURVE('',#91,#95,#7165,.F.);
#7163=EDGE_CURVE('',#95,#557,#7166,.T.);
#7164=EDGE_CURVE('',#557,#91,#7167,.T.);
#7165=LINE('',#90,#7168);
#7166=LINE('',#94,#7169);
#7167=LINE('',#556,#7170);
#7168=VECTOR('',#7171,1.0);
#7169=VECTOR('',#7172,1.0);
#7170=VECTOR('',#7173,1.0);
#7171=DIRECTION('',(-0.999778987338602,-0.02102323657764034,0));
#7172=DIRECTION('',(0.9998468216972395,0.017502375322470114,0));
#7173=DIRECTION('',(-0.3245594540994282,0.9458652973625161,0));
#7174=FACE_SURFACE('',(#7179),#7175,.T.);
#7175=PLANE('',#7176);
#7176=AXIS2_PLACEMENT_3D('',#70,#7177,#7178);
#7177=DIRECTION('',(0,-0,1));
#7178=DIRECTION('',(0.2030998915662257,0.9791580230206907,0));
#7179=FACE_BOUND('',#7180,.T.);
#7180=EDGE_LOOP('',(#7181,#7182,#7183));
#7181=ORIENTED_EDGE('',*,*,#7184,.T.);
#7182=ORIENTED_EDGE('',*,*,#7185,.T.);
#7183=ORIENTED_EDGE('',*,*,#7186,.T.);
#7184=EDGE_CURVE('',#71,#99,#7187,.F.);
#7185=EDGE_CURVE('',#99,#95,#7188,.T.);
#7186=EDGE_CURVE('',#95,#71,#7189,.T.);
#7187=LINE('',#70,#7190);
#7188=LINE('',#98,#7191);
#7189=LINE('',#94,#7192);
#7190=VECTOR('',#7193,1.0);
#7191=VECTOR('',#7194,1.0);
#7192=VECTOR('',#7195,1.0);
#7193=DIRECTION('',(0.2030998915662257,0.9791580230206907,0));
#7194=DIRECTION('',(-0.9999389312691921,-0.011051413132525827,0));
#7195=DIRECTION('',(0.999853303899128,-0.017128067082948225,0));
#7196=FACE_SURFACE('',(#7201),#7197,.T.);
#7197=PLANE('',#7198);
#7198=AXIS2_PLACEMENT_3D('',#596,#7199,#7200);
#7199=DIRECTION('',(-0,0,1));
#7200=DIRECTION('',(-0.9533857815107144,-0.30175412443445476,0));
#7201=FACE_BOUND('',#7202,.T.);
#7202=EDGE_LOOP('',(#7203,#7204,#7205));
#7203=ORIENTED_EDGE('',*,*,#7206,.T.);
#7204=ORIENTED_EDGE('',*,*,#7207,.T.);
#7205=ORIENTED_EDGE('',*,*,#7208,.T.);
#7206=EDGE_CURVE('',#597,#49,#7209,.F.);
#7207=EDGE_CURVE('',#49,#599,#7210,.T.);
#7208=EDGE_CURVE('',#599,#597,#7211,.T.);
#7209=LINE('',#596,#7212);
#7210=LINE('',#48,#7213);
#7211=LINE('',#598,#7214);
#7212=VECTOR('',#7215,1.0);
#7213=VECTOR('',#7216,1.0);
#7214=VECTOR('',#7217,1.0);
#7215=DIRECTION('',(-0.9533857815107144,-0.30175412443445476,0));
#7216=DIRECTION('',(0.9576538172666097,0.2879221531502761,0));
#7217=DIRECTION('',(-0.9975973025868392,-0.06927930334134713,0));
#7218=FACE_SURFACE('',(#7223),#7219,.T.);
#7219=PLANE('',#7220);
#7220=AXIS2_PLACEMENT_3D('',#600,#7221,#7222);
#7221=DIRECTION('',(0,0,1));
#7222=DIRECTION('',(-0.9809351306867745,-0.19433545580907408,0));
#7223=FACE_BOUND('',#7224,.T.);
#7224=EDGE_LOOP('',(#7225,#7226,#7227));
#7225=ORIENTED_EDGE('',*,*,#7228,.T.);
#7226=ORIENTED_EDGE('',*,*,#7229,.T.);
#7227=ORIENTED_EDGE('',*,*,#7230,.T.);
#7228=EDGE_CURVE('',#601,#599,#7231,.F.);
#7229=EDGE_CURVE('',#599,#95,#7232,.T.);
#7230=EDGE_CURVE('',#95,#601,#7233,.T.);
#7231=LINE('',#600,#7234);
#7232=LINE('',#598,#7235);
#7233=LINE('',#94,#7236);
#7234=VECTOR('',#7237,1.0);
#7235=VECTOR('',#7238,1.0);
#7236=VECTOR('',#7239,1.0);
#7237=DIRECTION('',(-0.9809351306867745,-0.19433545580907408,0));
#7238=DIRECTION('',(0.9999947563717928,-0.003238399128963437,0));
#7239=DIRECTION('',(-0.9999168574312391,0.012894891423923704,0));
#7240=FACE_SURFACE('',(#7245),#7241,.T.);
#7241=PLANE('',#7242);
#7242=AXIS2_PLACEMENT_3D('',#602,#7243,#7244);
#7243=DIRECTION('',(0,0,1));
#7244=DIRECTION('',(-0.9453798008355996,-0.32597090694115943,0));
#7245=FACE_BOUND('',#7246,.T.);
#7246=EDGE_LOOP('',(#7247,#7248,#7249));
#7247=ORIENTED_EDGE('',*,*,#7250,.T.);
#7248=ORIENTED_EDGE('',*,*,#7251,.T.);
#7249=ORIENTED_EDGE('',*,*,#7252,.T.);
#7250=EDGE_CURVE('',#603,#49,#7253,.F.);
#7251=EDGE_CURVE('',#49,#597,#7254,.T.);
#7252=EDGE_CURVE('',#597,#603,#7255,.T.);
#7253=LINE('',#602,#7256);
#7254=LINE('',#48,#7257);
#7255=LINE('',#596,#7258);
#7256=VECTOR('',#7259,1.0);
#7257=VECTOR('',#7260,1.0);
#7258=VECTOR('',#7261,1.0);
#7259=DIRECTION('',(-0.9453798008355996,-0.32597090694115943,0));
#7260=DIRECTION('',(0.9533857815107144,0.30175412443445476,0));
#7261=DIRECTION('',(-0.9975749936649281,0.06959979895386728,0));
#7262=FACE_SURFACE('',(#7267),#7263,.T.);
#7263=PLANE('',#7264);
#7264=AXIS2_PLACEMENT_3D('',#572,#7265,#7266);
#7265=DIRECTION('',(0,0,1));
#7266=DIRECTION('',(-0.9325755289441294,-0.3609749060732298,0));
#7267=FACE_BOUND('',#7268,.T.);
#7268=EDGE_LOOP('',(#7269,#7270,#7271));
#7269=ORIENTED_EDGE('',*,*,#7272,.T.);
#7270=ORIENTED_EDGE('',*,*,#7273,.T.);
#7271=ORIENTED_EDGE('',*,*,#7274,.T.);
#7272=EDGE_CURVE('',#573,#49,#7275,.F.);
#7273=EDGE_CURVE('',#49,#603,#7276,.T.);
#7274=EDGE_CURVE('',#603,#573,#7277,.T.);
#7275=LINE('',#572,#7278);
#7276=LINE('',#48,#7279);
#7277=LINE('',#602,#7280);
#7278=VECTOR('',#7281,1.0);
#7279=VECTOR('',#7282,1.0);
#7280=VECTOR('',#7283,1.0);
#7281=DIRECTION('',(-0.9325755289441294,-0.3609749060732298,0));
#7282=DIRECTION('',(0.9453798008355996,0.32597090694115943,0));
#7283=DIRECTION('',(-0.9809351306867745,0.19433545580907408,0));
#7284=FACE_SURFACE('',(#7289),#7285,.T.);
#7285=PLANE('',#7286);
#7286=AXIS2_PLACEMENT_3D('',#48,#7287,#7288);
#7287=DIRECTION('',(0,0,1));
#7288=DIRECTION('',(0.9132872593282081,0.40731607131166625,0));
#7289=FACE_BOUND('',#7290,.T.);
#7290=EDGE_LOOP('',(#7291,#7292,#7293));
#7291=ORIENTED_EDGE('',*,*,#7294,.T.);
#7292=ORIENTED_EDGE('',*,*,#7295,.T.);
#7293=ORIENTED_EDGE('',*,*,#7296,.T.);
#7294=EDGE_CURVE('',#49,#571,#7297,.F.);
#7295=EDGE_CURVE('',#571,#577,#7298,.T.);
#7296=EDGE_CURVE('',#577,#49,#7299,.T.);
#7297=LINE('',#48,#7300);
#7298=LINE('',#570,#7301);
#7299=LINE('',#576,#7302);
#7300=VECTOR('',#7303,1.0);
#7301=VECTOR('',#7304,1.0);
#7302=VECTOR('',#7305,1.0);
#7303=DIRECTION('',(0.9132872593282081,0.40731607131166625,0));
#7304=DIRECTION('',(-0.896268269335095,0.443512332842136,0));
#7305=DIRECTION('',(-0.8855703251123814,-0.46450532750481044,0));
#7306=FACE_SURFACE('',(#7311),#7307,.T.);
#7307=PLANE('',#7308);
#7308=AXIS2_PLACEMENT_3D('',#574,#7309,#7310);
#7309=DIRECTION('',(0,0,1));
#7310=DIRECTION('',(-0.7517178383839409,0.6594848682535297,0));
#7311=FACE_BOUND('',#7312,.T.);
#7312=EDGE_LOOP('',(#7313,#7314,#7315));
#7313=ORIENTED_EDGE('',*,*,#7316,.T.);
#7314=ORIENTED_EDGE('',*,*,#7317,.T.);
#7315=ORIENTED_EDGE('',*,*,#7318,.T.);
#7316=EDGE_CURVE('',#575,#593,#7319,.F.);
#7317=EDGE_CURVE('',#593,#49,#7320,.T.);
#7318=EDGE_CURVE('',#49,#575,#7321,.T.);
#7319=LINE('',#574,#7322);
#7320=LINE('',#592,#7323);
#7321=LINE('',#48,#7324);
#7322=VECTOR('',#7325,1.0);
#7323=VECTOR('',#7326,1.0);
#7324=VECTOR('',#7327,1.0);
#7325=DIRECTION('',(-0.7517178383839409,0.6594848682535297,0));
#7326=DIRECTION('',(-0.800871795115382,-0.5988358437741227,0));
#7327=DIRECTION('',(0.8482869955353474,0.529536753403967,0));
#7328=FACE_SURFACE('',(#7333),#7329,.T.);
#7329=PLANE('',#7330);
#7330=AXIS2_PLACEMENT_3D('',#70,#7331,#7332);
#7331=DIRECTION('',(0,0,1));
#7332=DIRECTION('',(-0.999853303899128,0.017128067082948225,0));
#7333=FACE_BOUND('',#7334,.T.);
#7334=EDGE_LOOP('',(#7335,#7336,#7337));
#7335=ORIENTED_EDGE('',*,*,#7338,.T.);
#7336=ORIENTED_EDGE('',*,*,#7339,.T.);
#7337=ORIENTED_EDGE('',*,*,#7340,.T.);
#7338=EDGE_CURVE('',#71,#95,#7341,.F.);
#7339=EDGE_CURVE('',#95,#49,#7342,.T.);
#7340=EDGE_CURVE('',#49,#71,#7343,.T.);
#7341=LINE('',#70,#7344);
#7342=LINE('',#94,#7345);
#7343=LINE('',#48,#7346);
#7344=VECTOR('',#7347,1.0);
#7345=VECTOR('',#7348,1.0);
#7346=VECTOR('',#7349,1.0);
#7347=DIRECTION('',(-0.999853303899128,0.017128067082948225,0));
#7348=DIRECTION('',(-0.9923198155194971,-0.1236987620283703,0));
#7349=DIRECTION('',(1,0,0));
#7350=FACE_SURFACE('',(#7355),#7351,.T.);
#7351=PLANE('',#7352);
#7352=AXIS2_PLACEMENT_3D('',#58,#7353,#7354);
#7353=DIRECTION('',(0.9979060516358617,0.06468007505039759,0));
#7354=DIRECTION('',(0,0,-1));
#7355=FACE_BOUND('',#7356,.T.);
#7356=EDGE_LOOP('',(#7357,#7358,#7359));
#7357=ORIENTED_EDGE('',*,*,#7360,.T.);
#7358=ORIENTED_EDGE('',*,*,#7361,.T.);
#7359=ORIENTED_EDGE('',*,*,#7362,.T.);
#7360=EDGE_CURVE('',#59,#589,#7363,.F.);
#7361=EDGE_CURVE('',#589,#605,#7364,.T.);
#7362=EDGE_CURVE('',#605,#59,#7365,.T.);
#7363=LINE('',#58,#7366);
#7364=LINE('',#588,#7367);
#7365=LINE('',#604,#7368);
#7366=VECTOR('',#7369,1.0);
#7367=VECTOR('',#7370,1.0);
#7368=VECTOR('',#7371,1.0);
#7369=DIRECTION('',(0,0,-1));
#7370=DIRECTION('',(-0.06468007505039758,0.9979060516358615,0));
#7371=DIRECTION('',(0.01368308032625864,-0.2111071864396231,0.9773671414296325));
#7372=FACE_SURFACE('',(#7377),#7373,.T.);
#7373=PLANE('',#7374);
#7374=AXIS2_PLACEMENT_3D('',#58,#7375,#7376);
#7375=DIRECTION('',(0.9979060516358617,0.06468007505039759,0));
#7376=DIRECTION('',(-0.01368308032625864,0.2111071864396231,-0.9773671414296325));
#7377=FACE_BOUND('',#7378,.T.);
#7378=EDGE_LOOP('',(#7379,#7380,#7381));
#7379=ORIENTED_EDGE('',*,*,#7382,.T.);
#7380=ORIENTED_EDGE('',*,*,#7383,.T.);
#7381=ORIENTED_EDGE('',*,*,#7384,.T.);
#7382=EDGE_CURVE('',#59,#605,#7385,.F.);
#7383=EDGE_CURVE('',#605,#63,#7386,.T.);
#7384=EDGE_CURVE('',#63,#59,#7387,.T.);
#7385=LINE('',#58,#7388);
#7386=LINE('',#604,#7389);
#7387=LINE('',#62,#7390);
#7388=VECTOR('',#7391,1.0);
#7389=VECTOR('',#7392,1.0);
#7390=VECTOR('',#7393,1.0);
#7391=DIRECTION('',(-0.01368308032625864,0.2111071864396231,-0.9773671414296325));
#7392=DIRECTION('',(0,0,1));
#7393=DIRECTION('',(0.06468007505039758,-0.9979060516358615,0));
#7394=FACE_SURFACE('',(#7399),#7395,.T.);
#7395=PLANE('',#7396);
#7396=AXIS2_PLACEMENT_3D('',#224,#7397,#7398);
#7397=DIRECTION('',(-0.945866228923475,-0.3245567392338114,0));
#7398=DIRECTION('',(0,0,1));
#7399=FACE_BOUND('',#7400,.T.);
#7400=EDGE_LOOP('',(#7401,#7402,#7403));
#7401=ORIENTED_EDGE('',*,*,#7404,.T.);
#7402=ORIENTED_EDGE('',*,*,#7405,.T.);
#7403=ORIENTED_EDGE('',*,*,#7406,.T.);
#7404=EDGE_CURVE('',#225,#529,#7407,.F.);
#7405=EDGE_CURVE('',#529,#489,#7408,.T.);
#7406=EDGE_CURVE('',#489,#225,#7409,.T.);
#7407=LINE('',#224,#7410);
#7408=LINE('',#528,#7411);
#7409=LINE('',#488,#7412);
#7410=VECTOR('',#7413,1.0);
#7411=VECTOR('',#7414,1.0);
#7412=VECTOR('',#7415,1.0);
#7413=DIRECTION('',(0,0,1));
#7414=DIRECTION('',(-0.3245567392338114,0.945866228923475,0));
#7415=DIRECTION('',(0.06842629378766218,-0.19941696671262116,-0.97752274434185));
#7416=FACE_SURFACE('',(#7421),#7417,.T.);
#7417=PLANE('',#7418);
#7418=AXIS2_PLACEMENT_3D('',#224,#7419,#7420);
#7419=DIRECTION('',(-0.945866228923475,-0.3245567392338114,0));
#7420=DIRECTION('',(-0.06842629378766218,0.19941696671262116,0.97752274434185));
#7421=FACE_BOUND('',#7422,.T.);
#7422=EDGE_LOOP('',(#7423,#7424,#7425));
#7423=ORIENTED_EDGE('',*,*,#7426,.T.);
#7424=ORIENTED_EDGE('',*,*,#7427,.T.);
#7425=ORIENTED_EDGE('',*,*,#7428,.T.);
#7426=EDGE_CURVE('',#225,#489,#7429,.F.);
#7427=EDGE_CURVE('',#489,#595,#7430,.T.);
#7428=EDGE_CURVE('',#595,#225,#7431,.T.);
#7429=LINE('',#224,#7432);
#7430=LINE('',#488,#7433);
#7431=LINE('',#594,#7434);
#7432=VECTOR('',#7435,1.0);
#7433=VECTOR('',#7436,1.0);
#7434=VECTOR('',#7437,1.0);
#7435=DIRECTION('',(-0.06842629378766218,0.19941696671262116,0.97752274434185));
#7436=DIRECTION('',(0,0,-1));
#7437=DIRECTION('',(0.3245567392338114,-0.945866228923475,0));
#7438=FACE_SURFACE('',(#7443),#7439,.T.);
#7439=PLANE('',#7440);
#7440=AXIS2_PLACEMENT_3D('',#606,#7441,#7442);
#7441=DIRECTION('',(0,0,1));
#7442=DIRECTION('',(-0.6858498133292119,-0.7277431095903864,0));
#7443=FACE_BOUND('',#7444,.T.);
#7444=EDGE_LOOP('',(#7445,#7446,#7447));
#7445=ORIENTED_EDGE('',*,*,#7448,.T.);
#7446=ORIENTED_EDGE('',*,*,#7449,.T.);
#7447=ORIENTED_EDGE('',*,*,#7450,.T.);
#7448=EDGE_CURVE('',#607,#49,#7451,.F.);
#7449=EDGE_CURVE('',#49,#591,#7452,.T.);
#7450=EDGE_CURVE('',#591,#607,#7453,.T.);
#7451=LINE('',#606,#7454);
#7452=LINE('',#48,#7455);
#7453=LINE('',#590,#7456);
#7454=VECTOR('',#7457,1.0);
#7455=VECTOR('',#7458,1.0);
#7456=VECTOR('',#7459,1.0);
#7457=DIRECTION('',(-0.6858498133292119,-0.7277431095903864,0));
#7458=DIRECTION('',(0.7455274623339818,0.6664749079341646,0));
#7459=DIRECTION('',(-0.554699178911613,0.8320509725460227,0));
#7460=FACE_SURFACE('',(#7465),#7461,.T.);
#7461=PLANE('',#7462);
#7462=AXIS2_PLACEMENT_3D('',#188,#7463,#7464);
#7463=DIRECTION('',(-0,0,1));
#7464=DIRECTION('',(-0.19346355168866228,-0.9811074631089136,0));
#7465=FACE_BOUND('',#7466,.T.);
#7466=EDGE_LOOP('',(#7467,#7468,#7469));
#7467=ORIENTED_EDGE('',*,*,#7470,.T.);
#7468=ORIENTED_EDGE('',*,*,#7471,.T.);
#7469=ORIENTED_EDGE('',*,*,#7472,.T.);
#7470=EDGE_CURVE('',#189,#439,#7473,.F.);
#7471=EDGE_CURVE('',#439,#173,#7474,.T.);
#7472=EDGE_CURVE('',#173,#189,#7475,.T.);
#7473=LINE('',#188,#7476);
#7474=LINE('',#438,#7477);
#7475=LINE('',#172,#7478);
#7476=VECTOR('',#7479,1.0);
#7477=VECTOR('',#7480,1.0);
#7478=VECTOR('',#7481,1.0);
#7479=DIRECTION('',(-0.19346355168866228,-0.9811074631089136,0));
#7480=DIRECTION('',(0.2001891562913539,0.9797572667264867,0));
#7481=DIRECTION('',(-0.9477551241768418,-0.31899878463175874,0));
#7482=FACE_SURFACE('',(#7487),#7483,.T.);
#7483=PLANE('',#7484);
#7484=AXIS2_PLACEMENT_3D('',#62,#7485,#7486);
#7485=DIRECTION('',(0.9979061990885053,-0.06467780006101324,0));
#7486=DIRECTION('',(0,0,-1));
#7487=FACE_BOUND('',#7488,.T.);
#7488=EDGE_LOOP('',(#7489,#7490,#7491));
#7489=ORIENTED_EDGE('',*,*,#7492,.T.);
#7490=ORIENTED_EDGE('',*,*,#7493,.T.);
#7491=ORIENTED_EDGE('',*,*,#7494,.T.);
#7492=EDGE_CURVE('',#63,#605,#7495,.F.);
#7493=EDGE_CURVE('',#605,#257,#7496,.T.);
#7494=EDGE_CURVE('',#257,#63,#7497,.T.);
#7495=LINE('',#62,#7498);
#7496=LINE('',#604,#7499);
#7497=LINE('',#256,#7500);
#7498=VECTOR('',#7501,1.0);
#7499=VECTOR('',#7502,1.0);
#7500=VECTOR('',#7503,1.0);
#7501=DIRECTION('',(0,0,-1));
#7502=DIRECTION('',(0.013683058786474508,0.2111143108243413,0.9773656028669154));
#7503=DIRECTION('',(-0.06467780006101326,-0.9979061990885053,0));
#7504=FACE_SURFACE('',(#7509),#7505,.T.);
#7505=PLANE('',#7506);
#7506=AXIS2_PLACEMENT_3D('',#608,#7507,#7508);
#7507=DIRECTION('',(0.9979061990885053,-0.06467780006101324,0));
#7508=DIRECTION('',(0,0,1));
#7509=FACE_BOUND('',#7510,.T.);
#7510=EDGE_LOOP('',(#7511,#7512,#7513));
#7511=ORIENTED_EDGE('',*,*,#7514,.T.);
#7512=ORIENTED_EDGE('',*,*,#7515,.T.);
#7513=ORIENTED_EDGE('',*,*,#7516,.T.);
#7514=EDGE_CURVE('',#609,#257,#7517,.F.);
#7515=EDGE_CURVE('',#257,#605,#7518,.T.);
#7516=EDGE_CURVE('',#605,#609,#7519,.T.);
#7517=LINE('',#608,#7520);
#7518=LINE('',#256,#7521);
#7519=LINE('',#604,#7522);
#7520=VECTOR('',#7523,1.0);
#7521=VECTOR('',#7524,1.0);
#7522=VECTOR('',#7525,1.0);
#7523=DIRECTION('',(0,0,1));
#7524=DIRECTION('',(-0.013683058786474508,-0.2111143108243413,-0.9773656028669154));
#7525=DIRECTION('',(0.06467780006101326,0.9979061990885053,0));
#7526=FACE_SURFACE('',(#7531),#7527,.T.);
#7527=PLANE('',#7528);
#7528=AXIS2_PLACEMENT_3D('',#502,#7529,#7530);
#7529=DIRECTION('',(-0,-0,1));
#7530=DIRECTION('',(0.9477557906652787,-0.3189968044674308,0));
#7531=FACE_BOUND('',#7532,.T.);
#7532=EDGE_LOOP('',(#7533,#7534,#7535));
#7533=ORIENTED_EDGE('',*,*,#7536,.T.);
#7534=ORIENTED_EDGE('',*,*,#7537,.T.);
#7535=ORIENTED_EDGE('',*,*,#7538,.T.);
#7536=EDGE_CURVE('',#503,#611,#7539,.F.);
#7537=EDGE_CURVE('',#611,#439,#7540,.T.);
#7538=EDGE_CURVE('',#439,#503,#7541,.T.);
#7539=LINE('',#502,#7542);
#7540=LINE('',#610,#7543);
#7541=LINE('',#438,#7544);
#7542=VECTOR('',#7545,1.0);
#7543=VECTOR('',#7546,1.0);
#7544=VECTOR('',#7547,1.0);
#7545=DIRECTION('',(0.9477557906652787,-0.3189968044674308,0));
#7546=DIRECTION('',(-0.09598949017145325,0.9953823475311507,0));
#7547=DIRECTION('',(0.09254128703575489,-0.9957088481045883,0));
#7548=FACE_SURFACE('',(#7553),#7549,.T.);
#7549=PLANE('',#7550);
#7550=AXIS2_PLACEMENT_3D('',#104,#7551,#7552);
#7551=DIRECTION('',(-0.9809347973797589,-0.19433713821483328,-0));
#7552=DIRECTION('',(-0.04105204588262668,0.2072140234224428,-0.9774339251458045));
#7553=FACE_BOUND('',#7554,.T.);
#7554=EDGE_LOOP('',(#7555,#7556,#7557));
#7555=ORIENTED_EDGE('',*,*,#7558,.T.);
#7556=ORIENTED_EDGE('',*,*,#7559,.T.);
#7557=ORIENTED_EDGE('',*,*,#7560,.T.);
#7558=EDGE_CURVE('',#105,#613,#7561,.F.);
#7559=EDGE_CURVE('',#613,#615,#7562,.T.);
#7560=EDGE_CURVE('',#615,#105,#7563,.T.);
#7561=LINE('',#104,#7564);
#7562=LINE('',#612,#7565);
#7563=LINE('',#614,#7566);
#7564=VECTOR('',#7567,1.0);
#7565=VECTOR('',#7568,1.0);
#7566=VECTOR('',#7569,1.0);
#7567=DIRECTION('',(-0.04105204588262668,0.2072140234224428,-0.9774339251458045));
#7568=DIRECTION('',(0.1943371382148333,-0.980934797379759,0));
#7569=DIRECTION('',(0,0,1));
#7570=FACE_SURFACE('',(#7575),#7571,.T.);
#7571=PLANE('',#7572);
#7572=AXIS2_PLACEMENT_3D('',#128,#7573,#7574);
#7573=DIRECTION('',(0,0,-1));
#7574=DIRECTION('',(0.6893952603850134,0.7243853773777322,0));
#7575=FACE_BOUND('',#7576,.T.);
#7576=EDGE_LOOP('',(#7577,#7578,#7579));
#7577=ORIENTED_EDGE('',*,*,#7580,.T.);
#7578=ORIENTED_EDGE('',*,*,#7581,.T.);
#7579=ORIENTED_EDGE('',*,*,#7582,.T.);
#7580=EDGE_CURVE('',#129,#137,#7583,.F.);
#7581=EDGE_CURVE('',#137,#161,#7584,.T.);
#7582=EDGE_CURVE('',#161,#129,#7585,.T.);
#7583=LINE('',#128,#7586);
#7584=LINE('',#136,#7587);
#7585=LINE('',#160,#7588);
#7586=VECTOR('',#7589,1.0);
#7587=VECTOR('',#7590,1.0);
#7588=VECTOR('',#7591,1.0);
#7589=DIRECTION('',(0.6893952603850134,0.7243853773777322,0));
#7590=DIRECTION('',(-0.6606885051355477,-0.7506601755666511,0));
#7591=DIRECTION('',(-0.7517208413784489,0.6594814452562535,0));
#7592=FACE_SURFACE('',(#7597),#7593,.T.);
#7593=PLANE('',#7594);
#7594=AXIS2_PLACEMENT_3D('',#324,#7595,#7596);
#7595=DIRECTION('',(0,0,-1));
#7596=DIRECTION('',(-0.5546961269558389,0.8320530071697306,0));
#7597=FACE_BOUND('',#7598,.T.);
#7598=EDGE_LOOP('',(#7599,#7600,#7601));
#7599=ORIENTED_EDGE('',*,*,#7602,.T.);
#7600=ORIENTED_EDGE('',*,*,#7603,.T.);
#7601=ORIENTED_EDGE('',*,*,#7604,.T.);
#7602=EDGE_CURVE('',#325,#617,#7605,.F.);
#7603=EDGE_CURVE('',#617,#137,#7606,.T.);
#7604=EDGE_CURVE('',#137,#325,#7607,.T.);
#7605=LINE('',#324,#7608);
#7606=LINE('',#616,#7609);
#7607=LINE('',#136,#7610);
#7608=VECTOR('',#7611,1.0);
#7609=VECTOR('',#7612,1.0);
#7610=VECTOR('',#7613,1.0);
#7611=DIRECTION('',(-0.5546961269558389,0.8320530071697306,0));
#7612=DIRECTION('',(0.6314661717620587,0.7754034265594719,0));
#7613=DIRECTION('',(-0.6027632283700923,-0.7979201028454315,0));
#7614=FACE_SURFACE('',(#7619),#7615,.T.);
#7615=PLANE('',#7616);
#7616=AXIS2_PLACEMENT_3D('',#160,#7617,#7618);
#7617=DIRECTION('',(0,0,-1));
#7618=DIRECTION('',(0.6606885051355477,0.7506601755666511,0));
#7619=FACE_BOUND('',#7620,.T.);
#7620=EDGE_LOOP('',(#7621,#7622,#7623));
#7621=ORIENTED_EDGE('',*,*,#7624,.T.);
#7622=ORIENTED_EDGE('',*,*,#7625,.T.);
#7623=ORIENTED_EDGE('',*,*,#7626,.T.);
#7624=EDGE_CURVE('',#161,#137,#7627,.F.);
#7625=EDGE_CURVE('',#137,#617,#7628,.T.);
#7626=EDGE_CURVE('',#617,#161,#7629,.T.);
#7627=LINE('',#160,#7630);
#7628=LINE('',#136,#7631);
#7629=LINE('',#616,#7632);
#7630=VECTOR('',#7633,1.0);
#7631=VECTOR('',#7634,1.0);
#7632=VECTOR('',#7635,1.0);
#7633=DIRECTION('',(0.6606885051355477,0.7506601755666511,0));
#7634=DIRECTION('',(-0.6314661717620587,-0.7754034265594719,0));
#7635=DIRECTION('',(-0.6617744529869125,0.7497029901059971,0));
#7636=FACE_SURFACE('',(#7641),#7637,.T.);
#7637=PLANE('',#7638);
#7638=AXIS2_PLACEMENT_3D('',#198,#7639,#7640);
#7639=DIRECTION('',(-0,0,1));
#7640=DIRECTION('',(-0.18624500787454257,-0.9825033318222446,0));
#7641=FACE_BOUND('',#7642,.T.);
#7642=EDGE_LOOP('',(#7643,#7644,#7645));
#7643=ORIENTED_EDGE('',*,*,#7646,.T.);
#7644=ORIENTED_EDGE('',*,*,#7647,.T.);
#7645=ORIENTED_EDGE('',*,*,#7648,.T.);
#7646=EDGE_CURVE('',#199,#439,#7649,.F.);
#7647=EDGE_CURVE('',#439,#189,#7650,.T.);
#7648=EDGE_CURVE('',#189,#199,#7651,.T.);
#7649=LINE('',#198,#7652);
#7650=LINE('',#438,#7653);
#7651=LINE('',#188,#7654);
#7652=VECTOR('',#7655,1.0);
#7653=VECTOR('',#7656,1.0);
#7654=VECTOR('',#7657,1.0);
#7655=DIRECTION('',(-0.18624500787454257,-0.9825033318222446,0));
#7656=DIRECTION('',(0.19346355168866228,0.9811074631089136,0));
#7657=DIRECTION('',(-0.980934797379759,-0.1943371382148333,0));
#7658=FACE_SURFACE('',(#7663),#7659,.T.);
#7659=PLANE('',#7660);
#7660=AXIS2_PLACEMENT_3D('',#618,#7661,#7662);
#7661=DIRECTION('',(0,0,1));
#7662=DIRECTION('',(-0.626952233338031,-0.7790576981921528,0));
#7663=FACE_BOUND('',#7664,.T.);
#7664=EDGE_LOOP('',(#7665,#7666,#7667));
#7665=ORIENTED_EDGE('',*,*,#7668,.T.);
#7666=ORIENTED_EDGE('',*,*,#7669,.T.);
#7667=ORIENTED_EDGE('',*,*,#7670,.T.);
#7668=EDGE_CURVE('',#619,#49,#7671,.F.);
#7669=EDGE_CURVE('',#49,#607,#7672,.T.);
#7670=EDGE_CURVE('',#607,#619,#7673,.T.);
#7671=LINE('',#618,#7674);
#7672=LINE('',#48,#7675);
#7673=LINE('',#606,#7676);
#7674=VECTOR('',#7677,1.0);
#7675=VECTOR('',#7678,1.0);
#7676=VECTOR('',#7679,1.0);
#7677=DIRECTION('',(-0.626952233338031,-0.7790576981921528,0));
#7678=DIRECTION('',(0.6858498133292119,0.7277431095903864,0));
#7679=DIRECTION('',(-0.4397935442797345,0.8980989023542281,0));
#7680=FACE_SURFACE('',(#7685),#7681,.T.);
#7681=PLANE('',#7682);
#7682=AXIS2_PLACEMENT_3D('',#104,#7683,#7684);
#7683=DIRECTION('',(-0.9979061990885053,-0.06467780006101324,-0));
#7684=DIRECTION('',(0,0,-1));
#7685=FACE_BOUND('',#7686,.T.);
#7686=EDGE_LOOP('',(#7687,#7688,#7689));
#7687=ORIENTED_EDGE('',*,*,#7690,.T.);
#7688=ORIENTED_EDGE('',*,*,#7691,.T.);
#7689=ORIENTED_EDGE('',*,*,#7692,.T.);
#7690=EDGE_CURVE('',#105,#615,#7693,.F.);
#7691=EDGE_CURVE('',#615,#167,#7694,.T.);
#7692=EDGE_CURVE('',#167,#105,#7695,.T.);
#7693=LINE('',#104,#7696);
#7694=LINE('',#614,#7697);
#7695=LINE('',#166,#7698);
#7696=VECTOR('',#7699,1.0);
#7697=VECTOR('',#7700,1.0);
#7698=VECTOR('',#7701,1.0);
#7699=DIRECTION('',(0,0,-1));
#7700=DIRECTION('',(0.06467780006101326,-0.9979061990885053,0));
#7701=DIRECTION('',(-0.013683058786474508,0.2111143108243413,0.9773656028669154));
#7702=FACE_SURFACE('',(#7707),#7703,.T.);
#7703=PLANE('',#7704);
#7704=AXIS2_PLACEMENT_3D('',#104,#7705,#7706);
#7705=DIRECTION('',(-0.9979061990885053,-0.06467780006101324,0));
#7706=DIRECTION('',(0.013683058786474508,-0.2111143108243413,-0.9773656028669154));
#7707=FACE_BOUND('',#7708,.T.);
#7708=EDGE_LOOP('',(#7709,#7710,#7711));
#7709=ORIENTED_EDGE('',*,*,#7712,.T.);
#7710=ORIENTED_EDGE('',*,*,#7713,.T.);
#7711=ORIENTED_EDGE('',*,*,#7714,.T.);
#7712=EDGE_CURVE('',#105,#167,#7715,.F.);
#7713=EDGE_CURVE('',#167,#101,#7716,.T.);
#7714=EDGE_CURVE('',#101,#105,#7717,.T.);
#7715=LINE('',#104,#7718);
#7716=LINE('',#166,#7719);
#7717=LINE('',#100,#7720);
#7718=VECTOR('',#7721,1.0);
#7719=VECTOR('',#7722,1.0);
#7720=VECTOR('',#7723,1.0);
#7721=DIRECTION('',(0.013683058786474508,-0.2111143108243413,-0.9773656028669154));
#7722=DIRECTION('',(0,0,1));
#7723=DIRECTION('',(-0.06467780006101326,0.9979061990885053,0));
#7724=FACE_SURFACE('',(#7729),#7725,.T.);
#7725=PLANE('',#7726);
#7726=AXIS2_PLACEMENT_3D('',#210,#7727,#7728);
#7727=DIRECTION('',(-0,0,1));
#7728=DIRECTION('',(-0.17868432759845312,-0.9839064544308511,0));
#7729=FACE_BOUND('',#7730,.T.);
#7730=EDGE_LOOP('',(#7731,#7732,#7733));
#7731=ORIENTED_EDGE('',*,*,#7734,.T.);
#7732=ORIENTED_EDGE('',*,*,#7735,.T.);
#7733=ORIENTED_EDGE('',*,*,#7736,.T.);
#7734=EDGE_CURVE('',#211,#439,#7737,.F.);
#7735=EDGE_CURVE('',#439,#199,#7738,.T.);
#7736=EDGE_CURVE('',#199,#211,#7739,.T.);
#7737=LINE('',#210,#7740);
#7738=LINE('',#438,#7741);
#7739=LINE('',#198,#7742);
#7740=VECTOR('',#7743,1.0);
#7741=VECTOR('',#7744,1.0);
#7742=VECTOR('',#7745,1.0);
#7743=DIRECTION('',(-0.17868432759845312,-0.9839064544308511,0));
#7744=DIRECTION('',(0.18624500787454257,0.9825033318222446,0));
#7745=DIRECTION('',(-0.9978867494900021,-0.0649771897843992,0));
#7746=FACE_SURFACE('',(#7751),#7747,.T.);
#7747=PLANE('',#7748);
#7748=AXIS2_PLACEMENT_3D('',#620,#7749,#7750);
#7749=DIRECTION('',(0,0,1));
#7750=DIRECTION('',(-0.49210040706965985,-0.8705384479515393,0));
#7751=FACE_BOUND('',#7752,.T.);
#7752=EDGE_LOOP('',(#7753,#7754,#7755));
#7753=ORIENTED_EDGE('',*,*,#7756,.T.);
#7754=ORIENTED_EDGE('',*,*,#7757,.T.);
#7755=ORIENTED_EDGE('',*,*,#7758,.T.);
#7756=EDGE_CURVE('',#621,#49,#7759,.F.);
#7757=EDGE_CURVE('',#49,#623,#7760,.T.);
#7758=EDGE_CURVE('',#623,#621,#7761,.T.);
#7759=LINE('',#620,#7762);
#7760=LINE('',#48,#7763);
#7761=LINE('',#622,#7764);
#7762=VECTOR('',#7765,1.0);
#7763=VECTOR('',#7766,1.0);
#7764=VECTOR('',#7767,1.0);
#7765=DIRECTION('',(-0.49210040706965985,-0.8705384479515393,0));
#7766=DIRECTION('',(0.5276753492104929,0.8494461288602029,0));
#7767=DIRECTION('',(-0.06467893753574257,0.9979061253641285,0));
#7768=FACE_SURFACE('',(#7773),#7769,.T.);
#7769=PLANE('',#7770);
#7770=AXIS2_PLACEMENT_3D('',#42,#7771,#7772);
#7771=DIRECTION('',(0,0,1));
#7772=DIRECTION('',(0.01941480111267318,-0.9998115149855773,0));
#7773=FACE_BOUND('',#7774,.T.);
#7774=EDGE_LOOP('',(#7775,#7776,#7777));
#7775=ORIENTED_EDGE('',*,*,#7778,.T.);
#7776=ORIENTED_EDGE('',*,*,#7779,.T.);
#7777=ORIENTED_EDGE('',*,*,#7780,.T.);
#7778=EDGE_CURVE('',#43,#625,#7781,.F.);
#7779=EDGE_CURVE('',#625,#61,#7782,.T.);
#7780=EDGE_CURVE('',#61,#43,#7783,.T.);
#7781=LINE('',#42,#7784);
#7782=LINE('',#624,#7785);
#7783=LINE('',#60,#7786);
#7784=VECTOR('',#7787,1.0);
#7785=VECTOR('',#7788,1.0);
#7786=VECTOR('',#7789,1.0);
#7787=DIRECTION('',(0.01941480111267318,-0.9998115149855773,0));
#7788=DIRECTION('',(-0.0019310401838640951,0.9999981355401661,0));
#7789=DIRECTION('',(-0.45069008040607195,0.8926804867496367,0));
#7790=FACE_SURFACE('',(#7795),#7791,.T.);
#7791=PLANE('',#7792);
#7792=AXIS2_PLACEMENT_3D('',#62,#7793,#7794);
#7793=DIRECTION('',(0,-0,1));
#7794=DIRECTION('',(0.06467780006101326,0.9979061990885053,0));
#7795=FACE_BOUND('',#7796,.T.);
#7796=EDGE_LOOP('',(#7797,#7798,#7799));
#7797=ORIENTED_EDGE('',*,*,#7800,.T.);
#7798=ORIENTED_EDGE('',*,*,#7801,.T.);
#7799=ORIENTED_EDGE('',*,*,#7802,.T.);
#7800=EDGE_CURVE('',#63,#257,#7803,.F.);
#7801=EDGE_CURVE('',#257,#43,#7804,.T.);
#7802=EDGE_CURVE('',#43,#63,#7805,.T.);
#7803=LINE('',#62,#7806);
#7804=LINE('',#256,#7807);
#7805=LINE('',#42,#7808);
#7806=VECTOR('',#7809,1.0);
#7807=VECTOR('',#7810,1.0);
#7808=VECTOR('',#7811,1.0);
#7809=DIRECTION('',(0.06467780006101326,0.9979061990885053,0));
#7810=DIRECTION('',(-0.5276756475757105,0.8494459435158629,0));
#7811=DIRECTION('',(0.4921001386503782,-0.8705385996842866,0));
#7812=FACE_SURFACE('',(#7817),#7813,.T.);
#7813=PLANE('',#7814);
#7814=AXIS2_PLACEMENT_3D('',#254,#7815,#7816);
#7815=DIRECTION('',(0,-0,1));
#7816=DIRECTION('',(0.3245567392338114,0.945866228923475,0));
#7817=FACE_BOUND('',#7818,.T.);
#7818=EDGE_LOOP('',(#7819,#7820,#7821));
#7819=ORIENTED_EDGE('',*,*,#7822,.T.);
#7820=ORIENTED_EDGE('',*,*,#7823,.T.);
#7821=ORIENTED_EDGE('',*,*,#7824,.T.);
#7822=EDGE_CURVE('',#255,#283,#7825,.F.);
#7823=EDGE_CURVE('',#283,#43,#7826,.T.);
#7824=EDGE_CURVE('',#43,#255,#7827,.T.);
#7825=LINE('',#254,#7828);
#7826=LINE('',#282,#7829);
#7827=LINE('',#42,#7830);
#7828=VECTOR('',#7831,1.0);
#7829=VECTOR('',#7832,1.0);
#7830=VECTOR('',#7833,1.0);
#7831=DIRECTION('',(0.3245567392338114,0.945866228923475,0));
#7832=DIRECTION('',(-0.6269525929903499,0.7790574087592496,0));
#7833=DIRECTION('',(0.5731157235206228,-0.8194744458818916,0));
#7834=FACE_SURFACE('',(#7839),#7835,.T.);
#7835=PLANE('',#7836);
#7836=AXIS2_PLACEMENT_3D('',#620,#7837,#7838);
#7837=DIRECTION('',(0,-0,1));
#7838=DIRECTION('',(0.06467865316331728,0.9979061437955873,0));
#7839=FACE_BOUND('',#7840,.T.);
#7840=EDGE_LOOP('',(#7841,#7842,#7843));
#7841=ORIENTED_EDGE('',*,*,#7844,.T.);
#7842=ORIENTED_EDGE('',*,*,#7845,.T.);
#7843=ORIENTED_EDGE('',*,*,#7846,.T.);
#7844=EDGE_CURVE('',#621,#627,#7847,.F.);
#7845=EDGE_CURVE('',#627,#49,#7848,.T.);
#7846=EDGE_CURVE('',#49,#621,#7849,.T.);
#7847=LINE('',#620,#7850);
#7848=LINE('',#626,#7851);
#7849=LINE('',#48,#7852);
#7850=VECTOR('',#7853,1.0);
#7851=VECTOR('',#7854,1.0);
#7852=VECTOR('',#7855,1.0);
#7853=DIRECTION('',(0.06467865316331728,0.9979061437955873,0));
#7854=DIRECTION('',(-0.46661087601413526,-0.8844627128292755,0));
#7855=DIRECTION('',(0.49210040706965985,0.8705384479515393,0));
#7856=FACE_SURFACE('',(#7861),#7857,.T.);
#7857=PLANE('',#7858);
#7858=AXIS2_PLACEMENT_3D('',#628,#7859,#7860);
#7859=DIRECTION('',(0,0,1));
#7860=DIRECTION('',(-0.5731157235206228,-0.8194744458818916,0));
#7861=FACE_BOUND('',#7862,.T.);
#7862=EDGE_LOOP('',(#7863,#7864,#7865));
#7863=ORIENTED_EDGE('',*,*,#7866,.T.);
#7864=ORIENTED_EDGE('',*,*,#7867,.T.);
#7865=ORIENTED_EDGE('',*,*,#7868,.T.);
#7866=EDGE_CURVE('',#629,#49,#7869,.F.);
#7867=EDGE_CURVE('',#49,#619,#7870,.T.);
#7868=EDGE_CURVE('',#619,#629,#7871,.T.);
#7869=LINE('',#628,#7872);
#7870=LINE('',#48,#7873);
#7871=LINE('',#618,#7874);
#7872=VECTOR('',#7875,1.0);
#7873=VECTOR('',#7876,1.0);
#7874=VECTOR('',#7877,1.0);
#7875=DIRECTION('',(-0.5731157235206228,-0.8194744458818916,0));
#7876=DIRECTION('',(0.626952233338031,0.7790576981921528,0));
#7877=DIRECTION('',(-0.3245594540994282,0.9458652973625161,0));
#7878=FACE_SURFACE('',(#7883),#7879,.T.);
#7879=PLANE('',#7880);
#7880=AXIS2_PLACEMENT_3D('',#214,#7881,#7882);
#7881=DIRECTION('',(-0,-0,-1));
#7882=DIRECTION('',(0.17868432759845312,-0.9839064544308511,0));
#7883=FACE_BOUND('',#7884,.T.);
#7884=EDGE_LOOP('',(#7885,#7886,#7887));
#7885=ORIENTED_EDGE('',*,*,#7888,.T.);
#7886=ORIENTED_EDGE('',*,*,#7889,.T.);
#7887=ORIENTED_EDGE('',*,*,#7890,.T.);
#7888=EDGE_CURVE('',#215,#143,#7891,.F.);
#7889=EDGE_CURVE('',#143,#213,#7892,.T.);
#7890=EDGE_CURVE('',#213,#215,#7893,.T.);
#7891=LINE('',#214,#7894);
#7892=LINE('',#142,#7895);
#7893=LINE('',#212,#7896);
#7894=VECTOR('',#7897,1.0);
#7895=VECTOR('',#7898,1.0);
#7896=VECTOR('',#7899,1.0);
#7897=DIRECTION('',(0.17868432759845312,-0.9839064544308511,0));
#7898=DIRECTION('',(-0.18624487241657084,0.982503357499879,0));
#7899=DIRECTION('',(0.9978866747370723,-0.06497833779182512,0));
#7900=FACE_SURFACE('',(#7905),#7901,.T.);
#7901=PLANE('',#7902);
#7902=AXIS2_PLACEMENT_3D('',#164,#7903,#7904);
#7903=DIRECTION('',(-0.9979060516358617,0.06468007505039759,0));
#7904=DIRECTION('',(0,0,1));
#7905=FACE_BOUND('',#7906,.T.);
#7906=EDGE_LOOP('',(#7907,#7908,#7909));
#7907=ORIENTED_EDGE('',*,*,#7910,.T.);
#7908=ORIENTED_EDGE('',*,*,#7911,.T.);
#7909=ORIENTED_EDGE('',*,*,#7912,.T.);
#7910=EDGE_CURVE('',#165,#539,#7913,.F.);
#7911=EDGE_CURVE('',#539,#101,#7914,.T.);
#7912=EDGE_CURVE('',#101,#165,#7915,.T.);
#7913=LINE('',#164,#7916);
#7914=LINE('',#538,#7917);
#7915=LINE('',#100,#7918);
#7916=VECTOR('',#7919,1.0);
#7917=VECTOR('',#7920,1.0);
#7918=VECTOR('',#7921,1.0);
#7919=DIRECTION('',(0,0,1));
#7920=DIRECTION('',(0.06468007505039758,0.9979060516358615,0));
#7921=DIRECTION('',(-0.01368308032625864,-0.2111071864396231,-0.9773671414296325));
#7922=FACE_SURFACE('',(#7927),#7923,.T.);
#7923=PLANE('',#7924);
#7924=AXIS2_PLACEMENT_3D('',#164,#7925,#7926);
#7925=DIRECTION('',(-0.9979060516358617,0.06468007505039759,0));
#7926=DIRECTION('',(0.01368308032625864,0.2111071864396231,0.9773671414296325));
#7927=FACE_BOUND('',#7928,.T.);
#7928=EDGE_LOOP('',(#7929,#7930,#7931));
#7929=ORIENTED_EDGE('',*,*,#7932,.T.);
#7930=ORIENTED_EDGE('',*,*,#7933,.T.);
#7931=ORIENTED_EDGE('',*,*,#7934,.T.);
#7932=EDGE_CURVE('',#165,#101,#7935,.F.);
#7933=EDGE_CURVE('',#101,#167,#7936,.T.);
#7934=EDGE_CURVE('',#167,#165,#7937,.T.);
#7935=LINE('',#164,#7938);
#7936=LINE('',#100,#7939);
#7937=LINE('',#166,#7940);
#7938=VECTOR('',#7941,1.0);
#7939=VECTOR('',#7942,1.0);
#7940=VECTOR('',#7943,1.0);
#7941=DIRECTION('',(0.01368308032625864,0.2111071864396231,0.9773671414296325));
#7942=DIRECTION('',(0,0,-1));
#7943=DIRECTION('',(-0.06468007505039758,-0.9979060516358615,0));
#7944=FACE_SURFACE('',(#7949),#7945,.T.);
#7945=PLANE('',#7946);
#7946=AXIS2_PLACEMENT_3D('',#212,#7947,#7948);
#7947=DIRECTION('',(-0,-0,-1));
#7948=DIRECTION('',(0.18624487241657084,-0.982503357499879,0));
#7949=FACE_BOUND('',#7950,.T.);
#7950=EDGE_LOOP('',(#7951,#7952,#7953));
#7951=ORIENTED_EDGE('',*,*,#7954,.T.);
#7952=ORIENTED_EDGE('',*,*,#7955,.T.);
#7953=ORIENTED_EDGE('',*,*,#7956,.T.);
#7954=EDGE_CURVE('',#213,#143,#7957,.F.);
#7955=EDGE_CURVE('',#143,#411,#7958,.T.);
#7956=EDGE_CURVE('',#411,#213,#7959,.T.);
#7957=LINE('',#212,#7960);
#7958=LINE('',#142,#7961);
#7959=LINE('',#410,#7962);
#7960=VECTOR('',#7963,1.0);
#7961=VECTOR('',#7964,1.0);
#7962=VECTOR('',#7965,1.0);
#7963=DIRECTION('',(0.18624487241657084,-0.982503357499879,0));
#7964=DIRECTION('',(-0.19346348435382474,0.9811074763865972,0));
#7965=DIRECTION('',(0.9809351306867745,-0.19433545580907408,0));
#7966=FACE_SURFACE('',(#7971),#7967,.T.);
#7967=PLANE('',#7968);
#7968=AXIS2_PLACEMENT_3D('',#630,#7969,#7970);
#7969=DIRECTION('',(-0.9809361305558842,0.1943304087631403,0));
#7970=DIRECTION('',(0,0,1));
#7971=FACE_BOUND('',#7972,.T.);
#7972=EDGE_LOOP('',(#7973,#7974,#7975));
#7973=ORIENTED_EDGE('',*,*,#7976,.T.);
#7974=ORIENTED_EDGE('',*,*,#7977,.T.);
#7975=ORIENTED_EDGE('',*,*,#7978,.T.);
#7976=EDGE_CURVE('',#631,#117,#7979,.F.);
#7977=EDGE_CURVE('',#117,#539,#7980,.T.);
#7978=EDGE_CURVE('',#539,#631,#7981,.T.);
#7979=LINE('',#630,#7982);
#7980=LINE('',#116,#7983);
#7981=LINE('',#538,#7984);
#7982=VECTOR('',#7985,1.0);
#7983=VECTOR('',#7986,1.0);
#7984=VECTOR('',#7987,1.0);
#7985=DIRECTION('',(0,0,1));
#7986=DIRECTION('',(0.1943304087631403,0.9809361305558842,0));
#7987=DIRECTION('',(-0.04105198244626898,-0.20722116043904132,-0.9774324147497506));
#7988=FACE_SURFACE('',(#7993),#7989,.T.);
#7989=PLANE('',#7990);
#7990=AXIS2_PLACEMENT_3D('',#630,#7991,#7992);
#7991=DIRECTION('',(-0.9809361305558842,0.1943304087631403,0));
#7992=DIRECTION('',(0.04105198244626898,0.20722116043904132,0.9774324147497506));
#7993=FACE_BOUND('',#7994,.T.);
#7994=EDGE_LOOP('',(#7995,#7996,#7997));
#7995=ORIENTED_EDGE('',*,*,#7998,.T.);
#7996=ORIENTED_EDGE('',*,*,#7999,.T.);
#7997=ORIENTED_EDGE('',*,*,#8000,.T.);
#7998=EDGE_CURVE('',#631,#539,#8001,.F.);
#7999=EDGE_CURVE('',#539,#165,#8002,.T.);
#8000=EDGE_CURVE('',#165,#631,#8003,.T.);
#8001=LINE('',#630,#8004);
#8002=LINE('',#538,#8005);
#8003=LINE('',#164,#8006);
#8004=VECTOR('',#8007,1.0);
#8005=VECTOR('',#8008,1.0);
#8006=VECTOR('',#8009,1.0);
#8007=DIRECTION('',(0.04105198244626898,0.20722116043904132,0.9774324147497506));
#8008=DIRECTION('',(0,0,-1));
#8009=DIRECTION('',(-0.1943304087631403,-0.9809361305558842,0));
#8010=FACE_SURFACE('',(#8015),#8011,.T.);
#8011=PLANE('',#8012);
#8012=AXIS2_PLACEMENT_3D('',#232,#8013,#8014);
#8013=DIRECTION('',(0,-0,1));
#8014=DIRECTION('',(0.4918517368217741,0.8706789701063212,0));
#8015=FACE_BOUND('',#8016,.T.);
#8016=EDGE_LOOP('',(#8017,#8018,#8019));
#8017=ORIENTED_EDGE('',*,*,#8020,.T.);
#8018=ORIENTED_EDGE('',*,*,#8021,.T.);
#8019=ORIENTED_EDGE('',*,*,#8022,.T.);
#8020=EDGE_CURVE('',#233,#41,#8023,.F.);
#8021=EDGE_CURVE('',#41,#223,#8024,.T.);
#8022=EDGE_CURVE('',#223,#233,#8025,.T.);
#8023=LINE('',#232,#8026);
#8024=LINE('',#40,#8027);
#8025=LINE('',#222,#8028);
#8026=VECTOR('',#8029,1.0);
#8027=VECTOR('',#8030,1.0);
#8028=VECTOR('',#8031,1.0);
#8029=DIRECTION('',(0.4918517368217741,0.8706789701063212,0));
#8030=DIRECTION('',(-0.5274243788482663,-0.8496019801039311,0));
#8031=DIRECTION('',(0.06467780006101326,-0.9979061990885053,0));
#8032=FACE_SURFACE('',(#8037),#8033,.T.);
#8033=PLANE('',#8034);
#8034=AXIS2_PLACEMENT_3D('',#222,#8035,#8036);
#8035=DIRECTION('',(0,-0,1));
#8036=DIRECTION('',(0.5274243788482663,0.8496019801039311,0));
#8037=FACE_BOUND('',#8038,.T.);
#8038=EDGE_LOOP('',(#8039,#8040,#8041));
#8039=ORIENTED_EDGE('',*,*,#8042,.T.);
#8040=ORIENTED_EDGE('',*,*,#8043,.T.);
#8041=ORIENTED_EDGE('',*,*,#8044,.T.);
#8042=EDGE_CURVE('',#223,#41,#8045,.F.);
#8043=EDGE_CURVE('',#41,#529,#8046,.T.);
#8044=EDGE_CURVE('',#529,#223,#8047,.T.);
#8045=LINE('',#222,#8048);
#8046=LINE('',#40,#8049);
#8047=LINE('',#528,#8050);
#8048=VECTOR('',#8051,1.0);
#8049=VECTOR('',#8052,1.0);
#8050=VECTOR('',#8053,1.0);
#8051=DIRECTION('',(0.5274243788482663,0.8496019801039311,0));
#8052=DIRECTION('',(-0.5728683538686092,-0.8196473931733511,0));
#8053=DIRECTION('',(0.1943371382148333,-0.980934797379759,0));
#8054=FACE_SURFACE('',(#8059),#8055,.T.);
#8055=PLANE('',#8056);
#8056=AXIS2_PLACEMENT_3D('',#48,#8057,#8058);
#8057=DIRECTION('',(0,0,1));
#8058=DIRECTION('',(0.5731157235206228,0.8194744458818916,0));
#8059=FACE_BOUND('',#8060,.T.);
#8060=EDGE_LOOP('',(#8061,#8062,#8063));
#8061=ORIENTED_EDGE('',*,*,#8064,.T.);
#8062=ORIENTED_EDGE('',*,*,#8065,.T.);
#8063=ORIENTED_EDGE('',*,*,#8066,.T.);
#8064=EDGE_CURVE('',#49,#629,#8067,.F.);
#8065=EDGE_CURVE('',#629,#623,#8068,.T.);
#8066=EDGE_CURVE('',#623,#49,#8069,.T.);
#8067=LINE('',#48,#8070);
#8068=LINE('',#628,#8071);
#8069=LINE('',#622,#8072);
#8070=VECTOR('',#8073,1.0);
#8071=VECTOR('',#8074,1.0);
#8072=VECTOR('',#8075,1.0);
#8073=DIRECTION('',(0.5731157235206228,0.8194744458818916,0));
#8074=DIRECTION('',(-0.19433970185562485,0.9809342894825661,0));
#8075=DIRECTION('',(-0.5276753492104929,-0.8494461288602029,0));
#8076=FACE_SURFACE('',(#8081),#8077,.T.);
#8077=PLANE('',#8078);
#8078=AXIS2_PLACEMENT_3D('',#410,#8079,#8080);
#8079=DIRECTION('',(-0,-0,-1));
#8080=DIRECTION('',(0.19346348435382474,-0.9811074763865972,0));
#8081=FACE_BOUND('',#8082,.T.);
#8082=EDGE_LOOP('',(#8083,#8084,#8085));
#8083=ORIENTED_EDGE('',*,*,#8086,.T.);
#8084=ORIENTED_EDGE('',*,*,#8087,.T.);
#8085=ORIENTED_EDGE('',*,*,#8088,.T.);
#8086=EDGE_CURVE('',#411,#143,#8089,.F.);
#8087=EDGE_CURVE('',#143,#253,#8090,.T.);
#8088=EDGE_CURVE('',#253,#411,#8091,.T.);
#8089=LINE('',#410,#8092);
#8090=LINE('',#142,#8093);
#8091=LINE('',#252,#8094);
#8092=VECTOR('',#8095,1.0);
#8093=VECTOR('',#8096,1.0);
#8094=VECTOR('',#8097,1.0);
#8095=DIRECTION('',(0.19346348435382474,-0.9811074763865972,0));
#8096=DIRECTION('',(-0.20018902252194518,0.9797572940589461,0));
#8097=DIRECTION('',(0.9477542268472612,-0.31900145061292456,0));
#8098=FACE_SURFACE('',(#8103),#8099,.T.);
#8099=PLANE('',#8100);
#8100=AXIS2_PLACEMENT_3D('',#632,#8101,#8102);
#8101=DIRECTION('',(-0.9458625025393723,0.32456759895275417,0));
#8102=DIRECTION('',(0,0,1));
#8103=FACE_BOUND('',#8104,.T.);
#8104=EDGE_LOOP('',(#8105,#8106,#8107));
#8105=ORIENTED_EDGE('',*,*,#8108,.T.);
#8106=ORIENTED_EDGE('',*,*,#8109,.T.);
#8107=ORIENTED_EDGE('',*,*,#8110,.T.);
#8108=EDGE_CURVE('',#633,#113,#8111,.F.);
#8109=EDGE_CURVE('',#113,#117,#8112,.T.);
#8110=EDGE_CURVE('',#117,#633,#8113,.T.);
#8111=LINE('',#632,#8114);
#8112=LINE('',#112,#8115);
#8113=LINE('',#116,#8116);
#8114=VECTOR('',#8117,1.0);
#8115=VECTOR('',#8118,1.0);
#8116=VECTOR('',#8119,1.0);
#8117=DIRECTION('',(0,0,1));
#8118=DIRECTION('',(0.32456759895275417,0.9458625025393723,0));
#8119=DIRECTION('',(-0.06842639555183722,-0.19940980536948485,-0.977524198122117));
#8120=FACE_SURFACE('',(#8125),#8121,.T.);
#8121=PLANE('',#8122);
#8122=AXIS2_PLACEMENT_3D('',#632,#8123,#8124);
#8123=DIRECTION('',(-0.9458625025393723,0.32456759895275417,0));
#8124=DIRECTION('',(0.06842639555183722,0.19940980536948485,0.977524198122117));
#8125=FACE_BOUND('',#8126,.T.);
#8126=EDGE_LOOP('',(#8127,#8128,#8129));
#8127=ORIENTED_EDGE('',*,*,#8130,.T.);
#8128=ORIENTED_EDGE('',*,*,#8131,.T.);
#8129=ORIENTED_EDGE('',*,*,#8132,.T.);
#8130=EDGE_CURVE('',#633,#117,#8133,.F.);
#8131=EDGE_CURVE('',#117,#631,#8134,.T.);
#8132=EDGE_CURVE('',#631,#633,#8135,.T.);
#8133=LINE('',#632,#8136);
#8134=LINE('',#116,#8137);
#8135=LINE('',#630,#8138);
#8136=VECTOR('',#8139,1.0);
#8137=VECTOR('',#8140,1.0);
#8138=VECTOR('',#8141,1.0);
#8139=DIRECTION('',(0.06842639555183722,0.19940980536948485,0.977524198122117));
#8140=DIRECTION('',(0,0,-1));
#8141=DIRECTION('',(-0.32456759895275417,-0.9458625025393723,0));
#8142=FACE_SURFACE('',(#8147),#8143,.T.);
#8143=PLANE('',#8144);
#8144=AXIS2_PLACEMENT_3D('',#252,#8145,#8146);
#8145=DIRECTION('',(-0,-0,-1));
#8146=DIRECTION('',(0.20018902252194518,-0.9797572940589461,0));
#8147=FACE_BOUND('',#8148,.T.);
#8148=EDGE_LOOP('',(#8149,#8150,#8151));
#8149=ORIENTED_EDGE('',*,*,#8152,.T.);
#8150=ORIENTED_EDGE('',*,*,#8153,.T.);
#8151=ORIENTED_EDGE('',*,*,#8154,.T.);
#8152=EDGE_CURVE('',#253,#143,#8155,.F.);
#8153=EDGE_CURVE('',#143,#249,#8156,.T.);
#8154=EDGE_CURVE('',#249,#253,#8157,.T.);
#8155=LINE('',#252,#8158);
#8156=LINE('',#142,#8159);
#8157=LINE('',#248,#8160);
#8158=VECTOR('',#8161,1.0);
#8159=VECTOR('',#8162,1.0);
#8160=VECTOR('',#8163,1.0);
#8161=DIRECTION('',(0.20018902252194518,-0.9797572940589461,0));
#8162=DIRECTION('',(-0.20627062853026623,0.9784949809813686,0));
#8163=DIRECTION('',(0.8962665179548853,-0.4435158720869247,0));
#8164=FACE_SURFACE('',(#8169),#8165,.T.);
#8165=PLANE('',#8166);
#8166=AXIS2_PLACEMENT_3D('',#42,#8167,#8168);
#8167=DIRECTION('',(0,0,1));
#8168=DIRECTION('',(0,-1,0));
#8169=FACE_BOUND('',#8170,.T.);
#8170=EDGE_LOOP('',(#8171,#8172,#8173));
#8171=ORIENTED_EDGE('',*,*,#8174,.T.);
#8172=ORIENTED_EDGE('',*,*,#8175,.T.);
#8173=ORIENTED_EDGE('',*,*,#8176,.T.);
#8174=EDGE_CURVE('',#43,#49,#8177,.F.);
#8175=EDGE_CURVE('',#49,#635,#8178,.T.);
#8176=EDGE_CURVE('',#635,#43,#8179,.T.);
#8177=LINE('',#42,#8180);
#8178=LINE('',#48,#8181);
#8179=LINE('',#634,#8182);
#8180=VECTOR('',#8183,1.0);
#8181=VECTOR('',#8184,1.0);
#8182=VECTOR('',#8185,1.0);
#8183=DIRECTION('',(0,-1,0));
#8184=DIRECTION('',(0.45069041423400685,0.8926803182089204,0));
#8185=DIRECTION('',(-0.01747332103027263,0.9998473298720025,0));
#8186=FACE_SURFACE('',(#8191),#8187,.T.);
#8187=PLANE('',#8188);
#8188=AXIS2_PLACEMENT_3D('',#626,#8189,#8190);
#8189=DIRECTION('',(0,-0,1));
#8190=DIRECTION('',(0.19433970185562485,0.9809342894825661,0));
#8191=FACE_BOUND('',#8192,.T.);
#8192=EDGE_LOOP('',(#8193,#8194,#8195));
#8193=ORIENTED_EDGE('',*,*,#8196,.T.);
#8194=ORIENTED_EDGE('',*,*,#8197,.T.);
#8195=ORIENTED_EDGE('',*,*,#8198,.T.);
#8196=EDGE_CURVE('',#627,#635,#8199,.F.);
#8197=EDGE_CURVE('',#635,#49,#8200,.T.);
#8198=EDGE_CURVE('',#49,#627,#8201,.T.);
#8199=LINE('',#626,#8202);
#8200=LINE('',#634,#8203);
#8201=LINE('',#48,#8204);
#8202=VECTOR('',#8205,1.0);
#8203=VECTOR('',#8206,1.0);
#8204=VECTOR('',#8207,1.0);
#8205=DIRECTION('',(0.19433970185562485,0.9809342894825661,0));
#8206=DIRECTION('',(-0.45069041423400685,-0.8926803182089204,0));
#8207=DIRECTION('',(0.46661087601413526,0.8844627128292755,0));
#8208=FACE_SURFACE('',(#8213),#8209,.T.);
#8209=PLANE('',#8210);
#8210=AXIS2_PLACEMENT_3D('',#270,#8211,#8212);
#8211=DIRECTION('',(0,0,-1));
#8212=DIRECTION('',(0.8306137053899658,-0.5568490571226201,0));
#8213=FACE_BOUND('',#8214,.T.);
#8214=EDGE_LOOP('',(#8215,#8216,#8217));
#8215=ORIENTED_EDGE('',*,*,#8218,.T.);
#8216=ORIENTED_EDGE('',*,*,#8219,.T.);
#8217=ORIENTED_EDGE('',*,*,#8220,.T.);
#8218=EDGE_CURVE('',#271,#249,#8221,.F.);
#8219=EDGE_CURVE('',#249,#143,#8222,.T.);
#8220=EDGE_CURVE('',#143,#271,#8223,.T.);
#8221=LINE('',#270,#8224);
#8222=LINE('',#248,#8225);
#8223=LINE('',#142,#8226);
#8224=VECTOR('',#8227,1.0);
#8225=VECTOR('',#8228,1.0);
#8226=VECTOR('',#8229,1.0);
#8227=DIRECTION('',(0.8306137053899658,-0.5568490571226201,0));
#8228=DIRECTION('',(0.20627062853026623,-0.9784949809813686,0));
#8229=DIRECTION('',(-0.2115875691401385,0.9773590438448744,0));
#8230=FACE_SURFACE('',(#8235),#8231,.T.);
#8231=PLANE('',#8232);
#8232=AXIS2_PLACEMENT_3D('',#636,#8233,#8234);
#8233=DIRECTION('',(-0.8980980124849212,0.43979536147012105,0));
#8234=DIRECTION('',(0,0,1));
#8235=FACE_BOUND('',#8236,.T.);
#8236=EDGE_LOOP('',(#8237,#8238,#8239));
#8237=ORIENTED_EDGE('',*,*,#8240,.T.);
#8238=ORIENTED_EDGE('',*,*,#8241,.T.);
#8239=ORIENTED_EDGE('',*,*,#8242,.T.);
#8240=EDGE_CURVE('',#637,#115,#8243,.F.);
#8241=EDGE_CURVE('',#115,#113,#8244,.T.);
#8242=EDGE_CURVE('',#113,#637,#8245,.T.);
#8243=LINE('',#636,#8246);
#8244=LINE('',#114,#8247);
#8245=LINE('',#112,#8248);
#8246=VECTOR('',#8249,1.0);
#8247=VECTOR('',#8250,1.0);
#8248=VECTOR('',#8251,1.0);
#8249=DIRECTION('',(0,0,1));
#8250=DIRECTION('',(0.43979536147012105,0.898098012484921,0));
#8251=DIRECTION('',(-0.09285944783482167,-0.18962656918919413,-0.9774553121270292));
#8252=FACE_SURFACE('',(#8257),#8253,.T.);
#8253=PLANE('',#8254);
#8254=AXIS2_PLACEMENT_3D('',#636,#8255,#8256);
#8255=DIRECTION('',(-0.8980980124849212,0.43979536147012105,0));
#8256=DIRECTION('',(0.09285944783482167,0.18962656918919413,0.9774553121270292));
#8257=FACE_BOUND('',#8258,.T.);
#8258=EDGE_LOOP('',(#8259,#8260,#8261));
#8259=ORIENTED_EDGE('',*,*,#8262,.T.);
#8260=ORIENTED_EDGE('',*,*,#8263,.T.);
#8261=ORIENTED_EDGE('',*,*,#8264,.T.);
#8262=EDGE_CURVE('',#637,#113,#8265,.F.);
#8263=EDGE_CURVE('',#113,#633,#8266,.T.);
#8264=EDGE_CURVE('',#633,#637,#8267,.T.);
#8265=LINE('',#636,#8268);
#8266=LINE('',#112,#8269);
#8267=LINE('',#632,#8270);
#8268=VECTOR('',#8271,1.0);
#8269=VECTOR('',#8272,1.0);
#8270=VECTOR('',#8273,1.0);
#8271=DIRECTION('',(0.09285944783482167,0.18962656918919413,0.9774553121270292));
#8272=DIRECTION('',(0,0,-1));
#8273=DIRECTION('',(-0.43979536147012105,-0.898098012484921,0));
#8274=FACE_SURFACE('',(#8279),#8275,.T.);
#8275=PLANE('',#8276);
#8276=AXIS2_PLACEMENT_3D('',#638,#8277,#8278);
#8277=DIRECTION('',(0,0,1));
#8278=DIRECTION('',(-0.018302121107265215,0.9998325021537232,0));
#8279=FACE_BOUND('',#8280,.T.);
#8280=EDGE_LOOP('',(#8281,#8282,#8283));
#8281=ORIENTED_EDGE('',*,*,#8284,.T.);
#8282=ORIENTED_EDGE('',*,*,#8285,.T.);
#8283=ORIENTED_EDGE('',*,*,#8286,.T.);
#8284=EDGE_CURVE('',#639,#43,#8287,.F.);
#8285=EDGE_CURVE('',#43,#635,#8288,.T.);
#8286=EDGE_CURVE('',#635,#639,#8289,.T.);
#8287=LINE('',#638,#8290);
#8288=LINE('',#42,#8291);
#8289=LINE('',#634,#8292);
#8290=VECTOR('',#8293,1.0);
#8291=VECTOR('',#8294,1.0);
#8292=VECTOR('',#8295,1.0);
#8293=DIRECTION('',(-0.018302121107265215,0.9998325021537232,0));
#8294=DIRECTION('',(0.01747332103027263,-0.9998473298720025,0));
#8295=DIRECTION('',(0.32456013282251134,0.9458650644686237,0));
#8296=FACE_SURFACE('',(#8301),#8297,.T.);
#8297=PLANE('',#8298);
#8298=AXIS2_PLACEMENT_3D('',#468,#8299,#8300);
#8299=DIRECTION('',(0,0,-1));
#8300=DIRECTION('',(0.7517243794618831,-0.6594774122914648,0));
#8301=FACE_BOUND('',#8302,.T.);
#8302=EDGE_LOOP('',(#8303,#8304,#8305));
#8303=ORIENTED_EDGE('',*,*,#8306,.T.);
#8304=ORIENTED_EDGE('',*,*,#8307,.T.);
#8305=ORIENTED_EDGE('',*,*,#8308,.T.);
#8306=EDGE_CURVE('',#469,#271,#8309,.F.);
#8307=EDGE_CURVE('',#271,#143,#8310,.T.);
#8308=EDGE_CURVE('',#143,#469,#8311,.T.);
#8309=LINE('',#468,#8312);
#8310=LINE('',#270,#8313);
#8311=LINE('',#142,#8314);
#8312=VECTOR('',#8315,1.0);
#8313=VECTOR('',#8316,1.0);
#8314=VECTOR('',#8317,1.0);
#8315=DIRECTION('',(0.7517243794618831,-0.6594774122914648,0));
#8316=DIRECTION('',(0.2115875691401385,-0.9773590438448744,0));
#8317=DIRECTION('',(-0.2161163822902304,0.9763676097176632,0));
#8318=FACE_SURFACE('',(#8323),#8319,.T.);
#8319=PLANE('',#8320);
#8320=AXIS2_PLACEMENT_3D('',#152,#8321,#8322);
#8321=DIRECTION('',(-0,0,1));
#8322=DIRECTION('',(-0.21158773380084994,-0.9773590081976125,0));
#8323=FACE_BOUND('',#8324,.T.);
#8324=EDGE_LOOP('',(#8325,#8326,#8327));
#8325=ORIENTED_EDGE('',*,*,#8328,.T.);
#8326=ORIENTED_EDGE('',*,*,#8329,.T.);
#8327=ORIENTED_EDGE('',*,*,#8330,.T.);
#8328=EDGE_CURVE('',#153,#439,#8331,.F.);
#8329=EDGE_CURVE('',#439,#387,#8332,.T.);
#8330=EDGE_CURVE('',#387,#153,#8333,.T.);
#8331=LINE('',#152,#8334);
#8332=LINE('',#438,#8335);
#8333=LINE('',#386,#8336);
#8334=VECTOR('',#8337,1.0);
#8335=VECTOR('',#8338,1.0);
#8336=VECTOR('',#8339,1.0);
#8337=DIRECTION('',(-0.21158773380084994,-0.9773590081976125,0));
#8338=DIRECTION('',(0.2161163496309437,0.9763676169467091,0));
#8339=DIRECTION('',(-0.7517129022907713,-0.6594904946468791,0));
#8340=FACE_SURFACE('',(#8345),#8341,.T.);
#8341=PLANE('',#8342);
#8342=AXIS2_PLACEMENT_3D('',#624,#8343,#8344);
#8343=DIRECTION('',(0,0,1));
#8344=DIRECTION('',(-0.01941480111267318,0.9998115149855773,0));
#8345=FACE_BOUND('',#8346,.T.);
#8346=EDGE_LOOP('',(#8347,#8348,#8349));
#8347=ORIENTED_EDGE('',*,*,#8350,.T.);
#8348=ORIENTED_EDGE('',*,*,#8351,.T.);
#8349=ORIENTED_EDGE('',*,*,#8352,.T.);
#8350=EDGE_CURVE('',#625,#43,#8353,.F.);
#8351=EDGE_CURVE('',#43,#639,#8354,.T.);
#8352=EDGE_CURVE('',#639,#625,#8355,.T.);
#8353=LINE('',#624,#8356);
#8354=LINE('',#42,#8357);
#8355=LINE('',#638,#8358);
#8356=VECTOR('',#8359,1.0);
#8357=VECTOR('',#8360,1.0);
#8358=VECTOR('',#8361,1.0);
#8359=DIRECTION('',(-0.01941480111267318,0.9998115149855773,0));
#8360=DIRECTION('',(0.018302121107265215,-0.9998325021537232,0));
#8361=DIRECTION('',(0.4397926723803461,0.8980993293175057,0));
#8362=FACE_SURFACE('',(#8367),#8363,.T.);
#8363=PLANE('',#8364);
#8364=AXIS2_PLACEMENT_3D('',#640,#8365,#8366);
#8365=DIRECTION('',(-0.8320530071697307,0.5546961269558389,0));
#8366=DIRECTION('',(0,0,1));
#8367=FACE_BOUND('',#8368,.T.);
#8368=EDGE_LOOP('',(#8369,#8370,#8371));
#8369=ORIENTED_EDGE('',*,*,#8372,.T.);
#8370=ORIENTED_EDGE('',*,*,#8373,.T.);
#8371=ORIENTED_EDGE('',*,*,#8374,.T.);
#8372=EDGE_CURVE('',#641,#119,#8375,.F.);
#8373=EDGE_CURVE('',#119,#115,#8376,.T.);
#8374=EDGE_CURVE('',#115,#641,#8377,.T.);
#8375=LINE('',#640,#8378);
#8376=LINE('',#118,#8379);
#8377=LINE('',#114,#8380);
#8378=VECTOR('',#8381,1.0);
#8379=VECTOR('',#8382,1.0);
#8380=VECTOR('',#8383,1.0);
#8381=DIRECTION('',(0,0,1));
#8382=DIRECTION('',(0.5546961269558389,0.8320530071697306,0));
#8383=DIRECTION('',(-0.11728583221834402,-0.17593061255220718,-0.9773906348680939));
#8384=FACE_SURFACE('',(#8389),#8385,.T.);
#8385=PLANE('',#8386);
#8386=AXIS2_PLACEMENT_3D('',#640,#8387,#8388);
#8387=DIRECTION('',(-0.8320530071697307,0.5546961269558389,0));
#8388=DIRECTION('',(0.11728583221834402,0.17593061255220718,0.9773906348680939));
#8389=FACE_BOUND('',#8390,.T.);
#8390=EDGE_LOOP('',(#8391,#8392,#8393));
#8391=ORIENTED_EDGE('',*,*,#8394,.T.);
#8392=ORIENTED_EDGE('',*,*,#8395,.T.);
#8393=ORIENTED_EDGE('',*,*,#8396,.T.);
#8394=EDGE_CURVE('',#641,#115,#8397,.F.);
#8395=EDGE_CURVE('',#115,#637,#8398,.T.);
#8396=EDGE_CURVE('',#637,#641,#8399,.T.);
#8397=LINE('',#640,#8400);
#8398=LINE('',#114,#8401);
#8399=LINE('',#636,#8402);
#8400=VECTOR('',#8403,1.0);
#8401=VECTOR('',#8404,1.0);
#8402=VECTOR('',#8405,1.0);
#8403=DIRECTION('',(0.11728583221834402,0.17593061255220718,0.9773906348680939));
#8404=DIRECTION('',(0,0,-1));
#8405=DIRECTION('',(-0.5546961269558389,-0.8320530071697306,0));
#8406=FACE_SURFACE('',(#8411),#8407,.T.);
#8407=PLANE('',#8408);
#8408=AXIS2_PLACEMENT_3D('',#540,#8409,#8410);
#8409=DIRECTION('',(0,0,-1));
#8410=DIRECTION('',(0.6617678840819772,-0.749708788529028,0));
#8411=FACE_BOUND('',#8412,.T.);
#8412=EDGE_LOOP('',(#8413,#8414,#8415));
#8413=ORIENTED_EDGE('',*,*,#8416,.T.);
#8414=ORIENTED_EDGE('',*,*,#8417,.T.);
#8415=ORIENTED_EDGE('',*,*,#8418,.T.);
#8416=EDGE_CURVE('',#541,#469,#8419,.F.);
#8417=EDGE_CURVE('',#469,#143,#8420,.T.);
#8418=EDGE_CURVE('',#143,#541,#8421,.T.);
#8419=LINE('',#540,#8422);
#8420=LINE('',#468,#8423);
#8421=LINE('',#142,#8424);
#8422=VECTOR('',#8425,1.0);
#8423=VECTOR('',#8426,1.0);
#8424=VECTOR('',#8427,1.0);
#8425=DIRECTION('',(0.6617678840819772,-0.749708788529028,0));
#8426=DIRECTION('',(0.2161163822902304,-0.9763676097176632,0));
#8427=DIRECTION('',(-0.21975921429303974,0.975554143927084,0));
#8428=FACE_SURFACE('',(#8433),#8429,.T.);
#8429=PLANE('',#8430);
#8430=AXIS2_PLACEMENT_3D('',#642,#8431,#8432);
#8431=DIRECTION('',(-0,0,-1));
#8432=DIRECTION('',(-0.43507051961464144,-0.9003963810246274,0));
#8433=FACE_BOUND('',#8434,.T.);
#8434=EDGE_LOOP('',(#8435,#8436,#8437));
#8435=ORIENTED_EDGE('',*,*,#8438,.T.);
#8436=ORIENTED_EDGE('',*,*,#8439,.T.);
#8437=ORIENTED_EDGE('',*,*,#8440,.T.);
#8438=EDGE_CURVE('',#643,#265,#8441,.F.);
#8439=EDGE_CURVE('',#265,#645,#8442,.T.);
#8440=EDGE_CURVE('',#645,#643,#8443,.T.);
#8441=LINE('',#642,#8444);
#8442=LINE('',#264,#8445);
#8443=LINE('',#644,#8446);
#8444=VECTOR('',#8447,1.0);
#8445=VECTOR('',#8448,1.0);
#8446=VECTOR('',#8449,1.0);
#8447=DIRECTION('',(-0.43507051961464144,-0.9003963810246274,0));
#8448=DIRECTION('',(0.31044970321014637,0.9505898073179262,0));
#8449=DIRECTION('',(0.751721664009079,-0.6594805075659336,0));
#8450=FACE_SURFACE('',(#8455),#8451,.T.);
#8451=PLANE('',#8452);
#8452=AXIS2_PLACEMENT_3D('',#172,#8453,#8454);
#8453=DIRECTION('',(-0,0,1));
#8454=DIRECTION('',(-0.2001891562913539,-0.9797572667264867,0));
#8455=FACE_BOUND('',#8456,.T.);
#8456=EDGE_LOOP('',(#8457,#8458,#8459));
#8457=ORIENTED_EDGE('',*,*,#8460,.T.);
#8458=ORIENTED_EDGE('',*,*,#8461,.T.);
#8459=ORIENTED_EDGE('',*,*,#8462,.T.);
#8460=EDGE_CURVE('',#173,#439,#8463,.F.);
#8461=EDGE_CURVE('',#439,#159,#8464,.T.);
#8462=EDGE_CURVE('',#159,#173,#8465,.T.);
#8463=LINE('',#172,#8466);
#8464=LINE('',#438,#8467);
#8465=LINE('',#158,#8468);
#8466=VECTOR('',#8469,1.0);
#8467=VECTOR('',#8470,1.0);
#8468=VECTOR('',#8471,1.0);
#8469=DIRECTION('',(-0.2001891562913539,-0.9797572667264867,0));
#8470=DIRECTION('',(0.20627076130802724,0.9784949529912799,0));
#8471=DIRECTION('',(-0.8962665179548853,-0.4435158720869247,0));
#8472=FACE_SURFACE('',(#8477),#8473,.T.);
#8473=PLANE('',#8474);
#8474=AXIS2_PLACEMENT_3D('',#646,#8475,#8476);
#8475=DIRECTION('',(-0.749708788529028,0.6617678840819772,0));
#8476=DIRECTION('',(0,0,1));
#8477=FACE_BOUND('',#8478,.T.);
#8478=EDGE_LOOP('',(#8479,#8480,#8481));
#8479=ORIENTED_EDGE('',*,*,#8482,.T.);
#8480=ORIENTED_EDGE('',*,*,#8483,.T.);
#8481=ORIENTED_EDGE('',*,*,#8484,.T.);
#8482=EDGE_CURVE('',#647,#185,#8485,.F.);
#8483=EDGE_CURVE('',#185,#119,#8486,.T.);
#8484=EDGE_CURVE('',#119,#647,#8487,.T.);
#8485=LINE('',#646,#8488);
#8486=LINE('',#184,#8489);
#8487=LINE('',#118,#8490);
#8488=VECTOR('',#8491,1.0);
#8489=VECTOR('',#8492,1.0);
#8490=VECTOR('',#8493,1.0);
#8491=DIRECTION('',(0,0,1));
#8492=DIRECTION('',(0.6617678840819772,0.749708788529028,0));
#8493=DIRECTION('',(-0.1397736029886485,-0.15834781512603002,-0.9774401819816825));
#8494=FACE_SURFACE('',(#8499),#8495,.T.);
#8495=PLANE('',#8496);
#8496=AXIS2_PLACEMENT_3D('',#646,#8497,#8498);
#8497=DIRECTION('',(-0.749708788529028,0.6617678840819772,0));
#8498=DIRECTION('',(0.1397736029886485,0.15834781512603002,0.9774401819816825));
#8499=FACE_BOUND('',#8500,.T.);
#8500=EDGE_LOOP('',(#8501,#8502,#8503));
#8501=ORIENTED_EDGE('',*,*,#8504,.T.);
#8502=ORIENTED_EDGE('',*,*,#8505,.T.);
#8503=ORIENTED_EDGE('',*,*,#8506,.T.);
#8504=EDGE_CURVE('',#647,#119,#8507,.F.);
#8505=EDGE_CURVE('',#119,#641,#8508,.T.);
#8506=EDGE_CURVE('',#641,#647,#8509,.T.);
#8507=LINE('',#646,#8510);
#8508=LINE('',#118,#8511);
#8509=LINE('',#640,#8512);
#8510=VECTOR('',#8513,1.0);
#8511=VECTOR('',#8514,1.0);
#8512=VECTOR('',#8515,1.0);
#8513=DIRECTION('',(0.1397736029886485,0.15834781512603002,0.9774401819816825));
#8514=DIRECTION('',(0,0,-1));
#8515=DIRECTION('',(-0.6617678840819772,-0.749708788529028,0));
#8516=FACE_SURFACE('',(#8521),#8517,.T.);
#8517=PLANE('',#8518);
#8518=AXIS2_PLACEMENT_3D('',#540,#8519,#8520);
#8519=DIRECTION('',(-0,-0,-1));
#8520=DIRECTION('',(0.21975921429303974,-0.975554143927084,0));
#8521=FACE_BOUND('',#8522,.T.);
#8522=EDGE_LOOP('',(#8523,#8524,#8525));
#8523=ORIENTED_EDGE('',*,*,#8526,.T.);
#8524=ORIENTED_EDGE('',*,*,#8527,.T.);
#8525=ORIENTED_EDGE('',*,*,#8528,.T.);
#8526=EDGE_CURVE('',#541,#143,#8529,.F.);
#8527=EDGE_CURVE('',#143,#551,#8530,.T.);
#8528=EDGE_CURVE('',#551,#541,#8531,.T.);
#8529=LINE('',#540,#8532);
#8530=LINE('',#142,#8533);
#8531=LINE('',#550,#8534);
#8532=VECTOR('',#8535,1.0);
#8533=VECTOR('',#8536,1.0);
#8534=VECTOR('',#8537,1.0);
#8535=DIRECTION('',(0.21975921429303974,-0.975554143927084,0));
#8536=DIRECTION('',(-0.22243708517654837,0.9749470463251638,0));
#8537=DIRECTION('',(0.554699178911613,-0.8320509725460227,0));
#8538=FACE_SURFACE('',(#8543),#8539,.T.);
#8539=PLANE('',#8540);
#8540=AXIS2_PLACEMENT_3D('',#648,#8541,#8542);
#8541=DIRECTION('',(-0,-0,-1));
#8542=DIRECTION('',(0.5547083346446026,-0.8320448686674365,0));
#8543=FACE_BOUND('',#8544,.T.);
#8544=EDGE_LOOP('',(#8545,#8546,#8547));
#8545=ORIENTED_EDGE('',*,*,#8548,.T.);
#8546=ORIENTED_EDGE('',*,*,#8549,.T.);
#8547=ORIENTED_EDGE('',*,*,#8550,.T.);
#8548=EDGE_CURVE('',#649,#651,#8551,.F.);
#8549=EDGE_CURVE('',#651,#137,#8552,.T.);
#8550=EDGE_CURVE('',#137,#649,#8553,.T.);
#8551=LINE('',#648,#8554);
#8552=LINE('',#650,#8555);
#8553=LINE('',#136,#8556);
#8554=VECTOR('',#8557,1.0);
#8555=VECTOR('',#8558,1.0);
#8556=VECTOR('',#8559,1.0);
#8557=DIRECTION('',(0.5547083346446026,-0.8320448686674365,0));
#8558=DIRECTION('',(-0.994161148674367,0.1079055627225173,0));
#8559=DIRECTION('',(0.9944620899335266,-0.10509591659547188,0));
#8560=FACE_SURFACE('',(#8565),#8561,.T.);
#8561=PLANE('',#8562);
#8562=AXIS2_PLACEMENT_3D('',#644,#8563,#8564);
#8563=DIRECTION('',(-0,0,-1));
#8564=DIRECTION('',(-0.31044970321014637,-0.9505898073179262,0));
#8565=FACE_BOUND('',#8566,.T.);
#8566=EDGE_LOOP('',(#8567,#8568,#8569));
#8567=ORIENTED_EDGE('',*,*,#8570,.T.);
#8568=ORIENTED_EDGE('',*,*,#8571,.T.);
#8569=ORIENTED_EDGE('',*,*,#8572,.T.);
#8570=EDGE_CURVE('',#645,#265,#8573,.F.);
#8571=EDGE_CURVE('',#265,#651,#8574,.T.);
#8572=EDGE_CURVE('',#651,#645,#8575,.T.);
#8573=LINE('',#644,#8576);
#8574=LINE('',#264,#8577);
#8575=LINE('',#650,#8578);
#8576=VECTOR('',#8579,1.0);
#8577=VECTOR('',#8580,1.0);
#8578=VECTOR('',#8581,1.0);
#8579=DIRECTION('',(-0.31044970321014637,-0.9505898073179262,0));
#8580=DIRECTION('',(0.2030998915662257,0.9791580230206907,0));
#8581=DIRECTION('',(0.6617694917793185,-0.7497073694116542,0));
#8582=FACE_SURFACE('',(#8587),#8583,.T.);
#8583=PLANE('',#8584);
#8584=AXIS2_PLACEMENT_3D('',#158,#8585,#8586);
#8585=DIRECTION('',(-0,0,1));
#8586=DIRECTION('',(-0.20627076130802724,-0.9784949529912799,0));
#8587=FACE_BOUND('',#8588,.T.);
#8588=EDGE_LOOP('',(#8589,#8590,#8591));
#8589=ORIENTED_EDGE('',*,*,#8592,.T.);
#8590=ORIENTED_EDGE('',*,*,#8593,.T.);
#8591=ORIENTED_EDGE('',*,*,#8594,.T.);
#8592=EDGE_CURVE('',#159,#439,#8595,.F.);
#8593=EDGE_CURVE('',#439,#153,#8596,.T.);
#8594=EDGE_CURVE('',#153,#159,#8597,.T.);
#8595=LINE('',#158,#8598);
#8596=LINE('',#438,#8599);
#8597=LINE('',#152,#8600);
#8598=VECTOR('',#8601,1.0);
#8599=VECTOR('',#8602,1.0);
#8600=VECTOR('',#8603,1.0);
#8601=DIRECTION('',(-0.20627076130802724,-0.9784949529912799,0));
#8602=DIRECTION('',(0.21158773380084994,0.9773590081976125,0));
#8603=DIRECTION('',(-0.8306150775948853,-0.5568470102928118,0));
#8604=FACE_SURFACE('',(#8609),#8605,.T.);
#8605=PLANE('',#8606);
#8606=AXIS2_PLACEMENT_3D('',#652,#8607,#8608);
#8607=DIRECTION('',(0,-0,1));
#8608=DIRECTION('',(0.10678472263893181,0.9942821646851191,0));
#8609=FACE_BOUND('',#8610,.T.);
#8610=EDGE_LOOP('',(#8611,#8612,#8613));
#8611=ORIENTED_EDGE('',*,*,#8614,.T.);
#8612=ORIENTED_EDGE('',*,*,#8615,.T.);
#8613=ORIENTED_EDGE('',*,*,#8616,.T.);
#8614=EDGE_CURVE('',#653,#181,#8617,.F.);
#8615=EDGE_CURVE('',#181,#625,#8618,.T.);
#8616=EDGE_CURVE('',#625,#653,#8619,.T.);
#8617=LINE('',#652,#8620);
#8618=LINE('',#180,#8621);
#8619=LINE('',#624,#8622);
#8620=VECTOR('',#8623,1.0);
#8621=VECTOR('',#8624,1.0);
#8622=VECTOR('',#8625,1.0);
#8623=DIRECTION('',(0.10678472263893181,0.9942821646851191,0));
#8624=DIRECTION('',(-0.10850432205189453,-0.994095977306044,0));
#8625=DIRECTION('',(0.554699178911613,0.8320509725460227,0));
#8626=FACE_SURFACE('',(#8631),#8627,.T.);
#8627=PLANE('',#8628);
#8628=AXIS2_PLACEMENT_3D('',#654,#8629,#8630);
#8629=DIRECTION('',(-0.6594752319299386,0.7517262922573306,0));
#8630=DIRECTION('',(0,0,1));
#8631=FACE_BOUND('',#8632,.T.);
#8632=EDGE_LOOP('',(#8633,#8634,#8635));
#8633=ORIENTED_EDGE('',*,*,#8636,.T.);
#8634=ORIENTED_EDGE('',*,*,#8637,.T.);
#8635=ORIENTED_EDGE('',*,*,#8638,.T.);
#8636=EDGE_CURVE('',#655,#183,#8639,.F.);
#8637=EDGE_CURVE('',#183,#185,#8640,.T.);
#8638=EDGE_CURVE('',#185,#655,#8641,.T.);
#8639=LINE('',#654,#8642);
#8640=LINE('',#182,#8643);
#8641=LINE('',#184,#8644);
#8642=VECTOR('',#8645,1.0);
#8643=VECTOR('',#8646,1.0);
#8644=VECTOR('',#8647,1.0);
#8645=DIRECTION('',(0,0,1));
#8646=DIRECTION('',(0.7517262922573307,0.6594752319299386,0));
#8647=DIRECTION('',(-0.1592991352254478,-0.13975011281510274,-0.9772889498426709));
#8648=FACE_SURFACE('',(#8653),#8649,.T.);
#8649=PLANE('',#8650);
#8650=AXIS2_PLACEMENT_3D('',#654,#8651,#8652);
#8651=DIRECTION('',(-0.6594752319299386,0.7517262922573306,0));
#8652=DIRECTION('',(0.1592991352254478,0.13975011281510274,0.9772889498426709));
#8653=FACE_BOUND('',#8654,.T.);
#8654=EDGE_LOOP('',(#8655,#8656,#8657));
#8655=ORIENTED_EDGE('',*,*,#8658,.T.);
#8656=ORIENTED_EDGE('',*,*,#8659,.T.);
#8657=ORIENTED_EDGE('',*,*,#8660,.T.);
#8658=EDGE_CURVE('',#655,#185,#8661,.F.);
#8659=EDGE_CURVE('',#185,#647,#8662,.T.);
#8660=EDGE_CURVE('',#647,#655,#8663,.T.);
#8661=LINE('',#654,#8664);
#8662=LINE('',#184,#8665);
#8663=LINE('',#646,#8666);
#8664=VECTOR('',#8667,1.0);
#8665=VECTOR('',#8668,1.0);
#8666=VECTOR('',#8669,1.0);
#8667=DIRECTION('',(0.1592991352254478,0.13975011281510274,0.9772889498426709));
#8668=DIRECTION('',(0,0,-1));
#8669=DIRECTION('',(-0.7517262922573307,-0.6594752319299386,0));
#8670=FACE_SURFACE('',(#8675),#8671,.T.);
#8671=PLANE('',#8672);
#8672=AXIS2_PLACEMENT_3D('',#332,#8673,#8674);
#8673=DIRECTION('',(0,-0,-1));
#8674=DIRECTION('',(0.1708741099881839,-0.985292869422968,0));
#8675=FACE_BOUND('',#8676,.T.);
#8676=EDGE_LOOP('',(#8677,#8678,#8679));
#8677=ORIENTED_EDGE('',*,*,#8680,.T.);
#8678=ORIENTED_EDGE('',*,*,#8681,.T.);
#8679=ORIENTED_EDGE('',*,*,#8682,.T.);
#8680=EDGE_CURVE('',#333,#143,#8683,.F.);
#8681=EDGE_CURVE('',#143,#215,#8684,.T.);
#8682=EDGE_CURVE('',#215,#333,#8685,.T.);
#8683=LINE('',#332,#8686);
#8684=LINE('',#142,#8687);
#8685=LINE('',#214,#8688);
#8686=VECTOR('',#8689,1.0);
#8687=VECTOR('',#8690,1.0);
#8688=VECTOR('',#8691,1.0);
#8689=DIRECTION('',(0.1708741099881839,-0.985292869422968,0));
#8690=DIRECTION('',(-0.17868432759845312,0.9839064544308511,0));
#8691=DIRECTION('',(0.9979061253641285,0.06467893753574257,0));
#8692=FACE_SURFACE('',(#8697),#8693,.T.);
#8693=PLANE('',#8694);
#8694=AXIS2_PLACEMENT_3D('',#656,#8695,#8696);
#8695=DIRECTION('',(-0,-0,-1));
#8696=DIRECTION('',(0.3245594540994282,-0.9458652973625161,0));
#8697=FACE_BOUND('',#8698,.T.);
#8698=EDGE_LOOP('',(#8699,#8700,#8701));
#8699=ORIENTED_EDGE('',*,*,#8702,.T.);
#8700=ORIENTED_EDGE('',*,*,#8703,.T.);
#8701=ORIENTED_EDGE('',*,*,#8704,.T.);
#8702=EDGE_CURVE('',#657,#659,#8705,.F.);
#8703=EDGE_CURVE('',#659,#137,#8706,.T.);
#8704=EDGE_CURVE('',#137,#657,#8707,.T.);
#8705=LINE('',#656,#8708);
#8706=LINE('',#658,#8709);
#8707=LINE('',#136,#8710);
#8708=VECTOR('',#8711,1.0);
#8709=VECTOR('',#8712,1.0);
#8710=VECTOR('',#8713,1.0);
#8711=DIRECTION('',(0.3245594540994282,-0.9458652973625161,0));
#8712=DIRECTION('',(-0.9947851656867441,0.10199251996885364,0));
#8713=DIRECTION('',(0.9951207238775506,-0.09866481089740066,0));
#8714=FACE_SURFACE('',(#8719),#8715,.T.);
#8715=PLANE('',#8716);
#8716=AXIS2_PLACEMENT_3D('',#658,#8717,#8718);
#8717=DIRECTION('',(-0,-0,-1));
#8718=DIRECTION('',(0.439797105273203,-0.8980971585487348,0));
#8719=FACE_BOUND('',#8720,.T.);
#8720=EDGE_LOOP('',(#8721,#8722,#8723));
#8721=ORIENTED_EDGE('',*,*,#8724,.T.);
#8722=ORIENTED_EDGE('',*,*,#8725,.T.);
#8723=ORIENTED_EDGE('',*,*,#8726,.T.);
#8724=EDGE_CURVE('',#659,#649,#8727,.F.);
#8725=EDGE_CURVE('',#649,#137,#8728,.T.);
#8726=EDGE_CURVE('',#137,#659,#8729,.T.);
#8727=LINE('',#658,#8730);
#8728=LINE('',#648,#8731);
#8729=LINE('',#136,#8732);
#8730=VECTOR('',#8733,1.0);
#8731=VECTOR('',#8734,1.0);
#8732=VECTOR('',#8735,1.0);
#8733=DIRECTION('',(0.439797105273203,-0.8980971585487348,0));
#8734=DIRECTION('',(-0.9944620899335266,0.10509591659547188,0));
#8735=DIRECTION('',(0.9947851656867441,-0.10199251996885364,0));
#8736=FACE_SURFACE('',(#8741),#8737,.T.);
#8737=PLANE('',#8738);
#8738=AXIS2_PLACEMENT_3D('',#610,#8739,#8740);
#8739=DIRECTION('',(-0,-0,1));
#8740=DIRECTION('',(0.8962673936458815,-0.4435141024671238,0));
#8741=FACE_BOUND('',#8742,.T.);
#8742=EDGE_LOOP('',(#8743,#8744,#8745));
#8743=ORIENTED_EDGE('',*,*,#8746,.T.);
#8744=ORIENTED_EDGE('',*,*,#8747,.T.);
#8745=ORIENTED_EDGE('',*,*,#8748,.T.);
#8746=EDGE_CURVE('',#611,#661,#8749,.F.);
#8747=EDGE_CURVE('',#661,#439,#8750,.T.);
#8748=EDGE_CURVE('',#439,#611,#8751,.T.);
#8749=LINE('',#610,#8752);
#8750=LINE('',#660,#8753);
#8751=LINE('',#438,#8754);
#8752=VECTOR('',#8755,1.0);
#8753=VECTOR('',#8756,1.0);
#8754=VECTOR('',#8757,1.0);
#8755=DIRECTION('',(0.8962673936458815,-0.4435141024671238,0));
#8756=DIRECTION('',(-0.09918876999600877,0.9950686347718326,0));
#8757=DIRECTION('',(0.09598949017145325,-0.9953823475311507,0));
#8758=FACE_SURFACE('',(#8763),#8759,.T.);
#8759=PLANE('',#8760);
#8760=AXIS2_PLACEMENT_3D('',#660,#8761,#8762);
#8761=DIRECTION('',(-0,-0,1));
#8762=DIRECTION('',(0.8306212180617042,-0.5568378508198693,0));
#8763=FACE_BOUND('',#8764,.T.);
#8764=EDGE_LOOP('',(#8765,#8766,#8767));
#8765=ORIENTED_EDGE('',*,*,#8768,.T.);
#8766=ORIENTED_EDGE('',*,*,#8769,.T.);
#8767=ORIENTED_EDGE('',*,*,#8770,.T.);
#8768=EDGE_CURVE('',#661,#663,#8771,.F.);
#8769=EDGE_CURVE('',#663,#439,#8772,.T.);
#8770=EDGE_CURVE('',#439,#661,#8773,.T.);
#8771=LINE('',#660,#8774);
#8772=LINE('',#662,#8775);
#8773=LINE('',#438,#8776);
#8774=VECTOR('',#8777,1.0);
#8775=VECTOR('',#8778,1.0);
#8776=VECTOR('',#8779,1.0);
#8777=DIRECTION('',(0.8306212180617042,-0.5568378508198693,0));
#8778=DIRECTION('',(-0.1020727535002351,0.9947769362992289,0));
#8779=DIRECTION('',(0.09918876999600877,-0.9950686347718326,0));
#8780=FACE_SURFACE('',(#8785),#8781,.T.);
#8781=PLANE('',#8782);
#8782=AXIS2_PLACEMENT_3D('',#662,#8783,#8784);
#8783=DIRECTION('',(-0,-0,1));
#8784=DIRECTION('',(0.7517074512566793,-0.6594967078956402,0));
#8785=FACE_BOUND('',#8786,.T.);
#8786=EDGE_LOOP('',(#8787,#8788,#8789));
#8787=ORIENTED_EDGE('',*,*,#8790,.T.);
#8788=ORIENTED_EDGE('',*,*,#8791,.T.);
#8789=ORIENTED_EDGE('',*,*,#8792,.T.);
#8790=EDGE_CURVE('',#663,#531,#8793,.F.);
#8791=EDGE_CURVE('',#531,#439,#8794,.T.);
#8792=EDGE_CURVE('',#439,#663,#8795,.T.);
#8793=LINE('',#662,#8796);
#8794=LINE('',#530,#8797);
#8795=LINE('',#438,#8798);
#8796=VECTOR('',#8799,1.0);
#8797=VECTOR('',#8800,1.0);
#8798=VECTOR('',#8801,1.0);
#8799=DIRECTION('',(0.7517074512566793,-0.6594967078956402,0));
#8800=DIRECTION('',(-0.10462501782368791,0.9945117423366066,0));
#8801=DIRECTION('',(0.1020727535002351,-0.9947769362992289,0));
#8802=FACE_SURFACE('',(#8807),#8803,.T.);
#8803=PLANE('',#8804);
#8804=AXIS2_PLACEMENT_3D('',#664,#8805,#8806);
#8805=DIRECTION('',(-0.5568490571226201,0.8306137053899658,0));
#8806=DIRECTION('',(0,0,1));
#8807=FACE_BOUND('',#8808,.T.);
#8808=EDGE_LOOP('',(#8809,#8810,#8811));
#8809=ORIENTED_EDGE('',*,*,#8812,.T.);
#8810=ORIENTED_EDGE('',*,*,#8813,.T.);
#8811=ORIENTED_EDGE('',*,*,#8814,.T.);
#8812=EDGE_CURVE('',#665,#195,#8815,.F.);
#8813=EDGE_CURVE('',#195,#183,#8816,.T.);
#8814=EDGE_CURVE('',#183,#665,#8817,.T.);
#8815=LINE('',#664,#8818);
#8816=LINE('',#194,#8819);
#8817=LINE('',#182,#8820);
#8818=VECTOR('',#8821,1.0);
#8819=VECTOR('',#8822,1.0);
#8820=VECTOR('',#8823,1.0);
#8821=DIRECTION('',(0,0,1));
#8822=DIRECTION('',(0.8306137053899658,0.5568490571226201,0));
#8823=DIRECTION('',(-0.174982770063235,-0.11730963490022103,-0.977557916310115));
#8824=FACE_SURFACE('',(#8829),#8825,.T.);
#8825=PLANE('',#8826);
#8826=AXIS2_PLACEMENT_3D('',#664,#8827,#8828);
#8827=DIRECTION('',(-0.5568490571226201,0.8306137053899658,0));
#8828=DIRECTION('',(0.174982770063235,0.11730963490022103,0.977557916310115));
#8829=FACE_BOUND('',#8830,.T.);
#8830=EDGE_LOOP('',(#8831,#8832,#8833));
#8831=ORIENTED_EDGE('',*,*,#8834,.T.);
#8832=ORIENTED_EDGE('',*,*,#8835,.T.);
#8833=ORIENTED_EDGE('',*,*,#8836,.T.);
#8834=EDGE_CURVE('',#665,#183,#8837,.F.);
#8835=EDGE_CURVE('',#183,#655,#8838,.T.);
#8836=EDGE_CURVE('',#655,#665,#8839,.T.);
#8837=LINE('',#664,#8840);
#8838=LINE('',#182,#8841);
#8839=LINE('',#654,#8842);
#8840=VECTOR('',#8843,1.0);
#8841=VECTOR('',#8844,1.0);
#8842=VECTOR('',#8845,1.0);
#8843=DIRECTION('',(0.174982770063235,0.11730963490022103,0.977557916310115));
#8844=DIRECTION('',(0,0,-1));
#8845=DIRECTION('',(-0.8306137053899658,-0.5568490571226201,0));
#8846=FACE_SURFACE('',(#8851),#8847,.T.);
#8847=PLANE('',#8848);
#8848=AXIS2_PLACEMENT_3D('',#666,#8849,#8850);
#8849=DIRECTION('',(-0,-0,-1));
#8850=DIRECTION('',(0.19433545580907408,-0.9809351306867745,0));
#8851=FACE_BOUND('',#8852,.T.);
#8852=EDGE_LOOP('',(#8853,#8854,#8855));
#8853=ORIENTED_EDGE('',*,*,#8856,.T.);
#8854=ORIENTED_EDGE('',*,*,#8857,.T.);
#8855=ORIENTED_EDGE('',*,*,#8858,.T.);
#8856=EDGE_CURVE('',#667,#657,#8859,.F.);
#8857=EDGE_CURVE('',#657,#137,#8860,.T.);
#8858=EDGE_CURVE('',#137,#667,#8861,.T.);
#8859=LINE('',#666,#8862);
#8860=LINE('',#656,#8863);
#8861=LINE('',#136,#8864);
#8862=VECTOR('',#8865,1.0);
#8863=VECTOR('',#8866,1.0);
#8864=VECTOR('',#8867,1.0);
#8865=DIRECTION('',(0.19433545580907408,-0.9809351306867745,0));
#8866=DIRECTION('',(-0.9951207238775506,0.09866481089740066,0));
#8867=DIRECTION('',(0.9954634446155847,-0.0951447866888926,0));
#8868=FACE_SURFACE('',(#8873),#8869,.T.);
#8869=PLANE('',#8870);
#8870=AXIS2_PLACEMENT_3D('',#668,#8871,#8872);
#8871=DIRECTION('',(-0,0,1));
#8872=DIRECTION('',(0.9960614544837728,-0.08866554512137732,0));
#8873=FACE_BOUND('',#8874,.T.);
#8874=EDGE_LOOP('',(#8875,#8876,#8877));
#8875=ORIENTED_EDGE('',*,*,#8878,.T.);
#8876=ORIENTED_EDGE('',*,*,#8879,.T.);
#8877=ORIENTED_EDGE('',*,*,#8880,.T.);
#8878=EDGE_CURVE('',#669,#95,#8881,.F.);
#8879=EDGE_CURVE('',#95,#671,#8882,.T.);
#8880=EDGE_CURVE('',#671,#669,#8883,.T.);
#8881=LINE('',#668,#8884);
#8882=LINE('',#94,#8885);
#8883=LINE('',#670,#8886);
#8884=VECTOR('',#8887,1.0);
#8885=VECTOR('',#8888,1.0);
#8886=VECTOR('',#8889,1.0);
#8887=DIRECTION('',(0.9960614544837728,-0.08866554512137732,0));
#8888=DIRECTION('',(-0.9914221364021661,0.13069868955641706,0));
#8889=DIRECTION('',(-0.751719751205996,-0.6594826879052971,0));
#8890=FACE_SURFACE('',(#8895),#8891,.T.);
#8891=PLANE('',#8892);
#8892=AXIS2_PLACEMENT_3D('',#672,#8893,#8894);
#8893=DIRECTION('',(0,0,1));
#8894=DIRECTION('',(-0.5546961269558389,-0.8320530071697306,0));
#8895=FACE_BOUND('',#8896,.T.);
#8896=EDGE_LOOP('',(#8897,#8898,#8899));
#8897=ORIENTED_EDGE('',*,*,#8900,.T.);
#8898=ORIENTED_EDGE('',*,*,#8901,.T.);
#8899=ORIENTED_EDGE('',*,*,#8902,.T.);
#8900=EDGE_CURVE('',#673,#675,#8903,.F.);
#8901=EDGE_CURVE('',#675,#95,#8904,.T.);
#8902=EDGE_CURVE('',#95,#673,#8905,.T.);
#8903=LINE('',#672,#8906);
#8904=LINE('',#674,#8907);
#8905=LINE('',#94,#8908);
#8906=VECTOR('',#8909,1.0);
#8907=VECTOR('',#8910,1.0);
#8908=VECTOR('',#8911,1.0);
#8909=DIRECTION('',(-0.5546961269558389,-0.8320530071697306,0));
#8910=DIRECTION('',(0.9836689770437522,-0.17998706509551735,0));
#8911=DIRECTION('',(-0.9719230671784992,0.23529885568429493,0));
#8912=FACE_SURFACE('',(#8917),#8913,.T.);
#8913=PLANE('',#8914);
#8914=AXIS2_PLACEMENT_3D('',#346,#8915,#8916);
#8915=DIRECTION('',(0,0,-1));
#8916=DIRECTION('',(0.4397918004840003,-0.898099756278244,0));
#8917=FACE_BOUND('',#8918,.T.);
#8918=EDGE_LOOP('',(#8919,#8920,#8921));
#8919=ORIENTED_EDGE('',*,*,#8922,.T.);
#8920=ORIENTED_EDGE('',*,*,#8923,.T.);
#8921=ORIENTED_EDGE('',*,*,#8924,.T.);
#8922=EDGE_CURVE('',#347,#551,#8925,.F.);
#8923=EDGE_CURVE('',#551,#221,#8926,.T.);
#8924=EDGE_CURVE('',#221,#347,#8927,.T.);
#8925=LINE('',#346,#8928);
#8926=LINE('',#550,#8929);
#8927=LINE('',#220,#8930);
#8928=VECTOR('',#8931,1.0);
#8929=VECTOR('',#8932,1.0);
#8930=VECTOR('',#8933,1.0);
#8931=DIRECTION('',(0.4397918004840003,-0.898099756278244,0));
#8932=DIRECTION('',(0,-1,0));
#8933=DIRECTION('',(-0.001114476493500502,0.99999937897088,0));
#8934=FACE_SURFACE('',(#8939),#8935,.T.);
#8935=PLANE('',#8936);
#8936=AXIS2_PLACEMENT_3D('',#142,#8937,#8938);
#8937=DIRECTION('',(-0,0,-1));
#8938=DIRECTION('',(-0.10850432205189453,-0.994095977306044,0));
#8939=FACE_BOUND('',#8940,.T.);
#8940=EDGE_LOOP('',(#8941,#8942,#8943));
#8941=ORIENTED_EDGE('',*,*,#8944,.T.);
#8942=ORIENTED_EDGE('',*,*,#8945,.T.);
#8943=ORIENTED_EDGE('',*,*,#8946,.T.);
#8944=EDGE_CURVE('',#143,#221,#8947,.F.);
#8945=EDGE_CURVE('',#221,#551,#8948,.T.);
#8946=EDGE_CURVE('',#551,#143,#8949,.T.);
#8947=LINE('',#142,#8950);
#8948=LINE('',#220,#8951);
#8949=LINE('',#550,#8952);
#8950=VECTOR('',#8953,1.0);
#8951=VECTOR('',#8954,1.0);
#8952=VECTOR('',#8955,1.0);
#8953=DIRECTION('',(-0.10850432205189453,-0.994095977306044,0));
#8954=DIRECTION('',(0,1,0));
#8955=DIRECTION('',(0.22243708517654837,-0.9749470463251638,0));
#8956=FACE_SURFACE('',(#8961),#8957,.T.);
#8957=PLANE('',#8958);
#8958=AXIS2_PLACEMENT_3D('',#676,#8959,#8960);
#8959=DIRECTION('',(-0.4435176234767693,0.896265651280645,0));
#8960=DIRECTION('',(0,0,1));
#8961=FACE_BOUND('',#8962,.T.);
#8962=EDGE_LOOP('',(#8963,#8964,#8965));
#8963=ORIENTED_EDGE('',*,*,#8966,.T.);
#8964=ORIENTED_EDGE('',*,*,#8967,.T.);
#8965=ORIENTED_EDGE('',*,*,#8968,.T.);
#8966=EDGE_CURVE('',#677,#453,#8969,.F.);
#8967=EDGE_CURVE('',#453,#195,#8970,.T.);
#8968=EDGE_CURVE('',#195,#677,#8971,.T.);
#8969=LINE('',#676,#8972);
#8970=LINE('',#452,#8973);
#8971=LINE('',#194,#8974);
#8972=VECTOR('',#8975,1.0);
#8973=VECTOR('',#8976,1.0);
#8974=VECTOR('',#8977,1.0);
#8975=DIRECTION('',(0,0,1));
#8976=DIRECTION('',(0.896265651280645,0.44351762347676926,0));
#8977=DIRECTION('',(-0.189608380305219,-0.09382782672089472,-0.9773663596885588));
#8978=FACE_SURFACE('',(#8983),#8979,.T.);
#8979=PLANE('',#8980);
#8980=AXIS2_PLACEMENT_3D('',#676,#8981,#8982);
#8981=DIRECTION('',(-0.4435176234767693,0.896265651280645,0));
#8982=DIRECTION('',(0.189608380305219,0.09382782672089472,0.9773663596885588));
#8983=FACE_BOUND('',#8984,.T.);
#8984=EDGE_LOOP('',(#8985,#8986,#8987));
#8985=ORIENTED_EDGE('',*,*,#8988,.T.);
#8986=ORIENTED_EDGE('',*,*,#8989,.T.);
#8987=ORIENTED_EDGE('',*,*,#8990,.T.);
#8988=EDGE_CURVE('',#677,#195,#8991,.F.);
#8989=EDGE_CURVE('',#195,#665,#8992,.T.);
#8990=EDGE_CURVE('',#665,#677,#8993,.T.);
#8991=LINE('',#676,#8994);
#8992=LINE('',#194,#8995);
#8993=LINE('',#664,#8996);
#8994=VECTOR('',#8997,1.0);
#8995=VECTOR('',#8998,1.0);
#8996=VECTOR('',#8999,1.0);
#8997=DIRECTION('',(0.189608380305219,0.09382782672089472,0.9773663596885588));
#8998=DIRECTION('',(0,0,-1));
#8999=DIRECTION('',(-0.896265651280645,-0.44351762347676926,0));
#9000=FACE_SURFACE('',(#9005),#9001,.T.);
#9001=PLANE('',#9002);
#9002=AXIS2_PLACEMENT_3D('',#678,#9003,#9004);
#9003=DIRECTION('',(-0,0,1));
#9004=DIRECTION('',(0.9984793935151008,-0.05512622538970422,0));
#9005=FACE_BOUND('',#9006,.T.);
#9006=EDGE_LOOP('',(#9007,#9008,#9009));
#9007=ORIENTED_EDGE('',*,*,#9010,.T.);
#9008=ORIENTED_EDGE('',*,*,#9011,.T.);
#9009=ORIENTED_EDGE('',*,*,#9012,.T.);
#9010=EDGE_CURVE('',#679,#95,#9013,.F.);
#9011=EDGE_CURVE('',#95,#669,#9014,.T.);
#9012=EDGE_CURVE('',#669,#679,#9015,.T.);
#9013=LINE('',#678,#9016);
#9014=LINE('',#94,#9017);
#9015=LINE('',#668,#9018);
#9016=VECTOR('',#9019,1.0);
#9017=VECTOR('',#9020,1.0);
#9018=VECTOR('',#9021,1.0);
#9019=DIRECTION('',(0.9984793935151008,-0.05512622538970422,0));
#9020=DIRECTION('',(-0.9960614544837728,0.08866554512137732,0));
#9021=DIRECTION('',(-0.8306198458917827,-0.5568398976462725,0));
#9022=FACE_SURFACE('',(#9027),#9023,.T.);
#9023=PLANE('',#9024);
#9024=AXIS2_PLACEMENT_3D('',#670,#9025,#9026);
#9025=DIRECTION('',(-0,0,1));
#9026=DIRECTION('',(0.9914221364021661,-0.13069868955641706,0));
#9027=FACE_BOUND('',#9028,.T.);
#9028=EDGE_LOOP('',(#9029,#9030,#9031));
#9029=ORIENTED_EDGE('',*,*,#9032,.T.);
#9030=ORIENTED_EDGE('',*,*,#9033,.T.);
#9031=ORIENTED_EDGE('',*,*,#9034,.T.);
#9032=EDGE_CURVE('',#671,#95,#9035,.F.);
#9033=EDGE_CURVE('',#95,#675,#9036,.T.);
#9034=EDGE_CURVE('',#675,#671,#9037,.T.);
#9035=LINE('',#670,#9038);
#9036=LINE('',#94,#9039);
#9037=LINE('',#674,#9040);
#9038=VECTOR('',#9041,1.0);
#9039=VECTOR('',#9042,1.0);
#9040=VECTOR('',#9043,1.0);
#9041=DIRECTION('',(0.9914221364021661,-0.13069868955641706,0));
#9042=DIRECTION('',(-0.9836689770437522,0.17998706509551735,0));
#9043=DIRECTION('',(-0.6617744529869125,-0.7497029901059971,0));
#9044=FACE_SURFACE('',(#9049),#9045,.T.);
#9045=PLANE('',#9046);
#9046=AXIS2_PLACEMENT_3D('',#680,#9047,#9048);
#9047=DIRECTION('',(0,0,-1));
#9048=DIRECTION('',(-0.9958046599504359,0.09150453115008422,0));
#9049=FACE_BOUND('',#9050,.T.);
#9050=EDGE_LOOP('',(#9051,#9052,#9053));
#9051=ORIENTED_EDGE('',*,*,#9054,.T.);
#9052=ORIENTED_EDGE('',*,*,#9055,.T.);
#9053=ORIENTED_EDGE('',*,*,#9056,.T.);
#9054=EDGE_CURVE('',#681,#137,#9057,.F.);
#9055=EDGE_CURVE('',#137,#683,#9058,.T.);
#9056=EDGE_CURVE('',#683,#681,#9059,.T.);
#9057=LINE('',#680,#9060);
#9058=LINE('',#136,#9061);
#9059=LINE('',#682,#9062);
#9060=VECTOR('',#9063,1.0);
#9061=VECTOR('',#9064,1.0);
#9062=VECTOR('',#9065,1.0);
#9063=DIRECTION('',(-0.9958046599504359,0.09150453115008422,0));
#9064=DIRECTION('',(0.9961366332010643,-0.08781690039421941,0));
#9065=DIRECTION('',(-0.06467865316331728,-0.9979061437955873,0));
#9066=FACE_SURFACE('',(#9071),#9067,.T.);
#9067=PLANE('',#9068);
#9068=AXIS2_PLACEMENT_3D('',#684,#9069,#9070);
#9069=DIRECTION('',(-0,0,1));
#9070=DIRECTION('',(0.9995534933408008,-0.029879992473252414,0));
#9071=FACE_BOUND('',#9072,.T.);
#9072=EDGE_LOOP('',(#9073,#9074,#9075));
#9073=ORIENTED_EDGE('',*,*,#9076,.T.);
#9074=ORIENTED_EDGE('',*,*,#9077,.T.);
#9075=ORIENTED_EDGE('',*,*,#9078,.T.);
#9076=EDGE_CURVE('',#685,#95,#9079,.F.);
#9077=EDGE_CURVE('',#95,#679,#9080,.T.);
#9078=EDGE_CURVE('',#679,#685,#9081,.T.);
#9079=LINE('',#684,#9082);
#9080=LINE('',#94,#9083);
#9081=LINE('',#678,#9084);
#9082=VECTOR('',#9085,1.0);
#9083=VECTOR('',#9086,1.0);
#9084=VECTOR('',#9087,1.0);
#9085=DIRECTION('',(0.9995534933408008,-0.029879992473252414,0));
#9086=DIRECTION('',(-0.9984793935151008,0.05512622538970422,0));
#9087=DIRECTION('',(-0.8962674026729932,-0.4435140842248493,0));
#9088=FACE_SURFACE('',(#9093),#9089,.T.);
#9089=PLANE('',#9090);
#9090=AXIS2_PLACEMENT_3D('',#686,#9091,#9092);
#9091=DIRECTION('',(-0.3190001176170871,0.9477546755148637,0));
#9092=DIRECTION('',(0,0,1));
#9093=FACE_BOUND('',#9094,.T.);
#9094=EDGE_LOOP('',(#9095,#9096,#9097));
#9095=ORIENTED_EDGE('',*,*,#9098,.T.);
#9096=ORIENTED_EDGE('',*,*,#9099,.T.);
#9097=ORIENTED_EDGE('',*,*,#9100,.T.);
#9098=EDGE_CURVE('',#687,#455,#9101,.F.);
#9099=EDGE_CURVE('',#455,#453,#9102,.T.);
#9100=EDGE_CURVE('',#453,#687,#9103,.T.);
#9101=LINE('',#686,#9104);
#9102=LINE('',#454,#9105);
#9103=LINE('',#452,#9106);
#9104=VECTOR('',#9107,1.0);
#9105=VECTOR('',#9108,1.0);
#9106=VECTOR('',#9109,1.0);
#9107=DIRECTION('',(0,0,1));
#9108=DIRECTION('',(0.9477546755148638,0.3190001176170871,0));
#9109=DIRECTION('',(-0.2003672258894817,-0.06744062601498788,-0.9773969187346867));
#9110=FACE_SURFACE('',(#9115),#9111,.T.);
#9111=PLANE('',#9112);
#9112=AXIS2_PLACEMENT_3D('',#686,#9113,#9114);
#9113=DIRECTION('',(-0.3190001176170871,0.9477546755148637,0));
#9114=DIRECTION('',(0.2003672258894817,0.06744062601498788,0.9773969187346867));
#9115=FACE_BOUND('',#9116,.T.);
#9116=EDGE_LOOP('',(#9117,#9118,#9119));
#9117=ORIENTED_EDGE('',*,*,#9120,.T.);
#9118=ORIENTED_EDGE('',*,*,#9121,.T.);
#9119=ORIENTED_EDGE('',*,*,#9122,.T.);
#9120=EDGE_CURVE('',#687,#453,#9123,.F.);
#9121=EDGE_CURVE('',#453,#677,#9124,.T.);
#9122=EDGE_CURVE('',#677,#687,#9125,.T.);
#9123=LINE('',#686,#9126);
#9124=LINE('',#452,#9127);
#9125=LINE('',#676,#9128);
#9126=VECTOR('',#9129,1.0);
#9127=VECTOR('',#9130,1.0);
#9128=VECTOR('',#9131,1.0);
#9129=DIRECTION('',(0.2003672258894817,0.06744062601498788,0.9773969187346867));
#9130=DIRECTION('',(0,0,-1));
#9131=DIRECTION('',(-0.9477546755148638,-0.3190001176170871,0));
#9132=FACE_SURFACE('',(#9137),#9133,.T.);
#9133=PLANE('',#9134);
#9134=AXIS2_PLACEMENT_3D('',#346,#9135,#9136);
#9135=DIRECTION('',(-0,-0,-1));
#9136=DIRECTION('',(0.001114476493500502,-0.99999937897088,0));
#9137=FACE_BOUND('',#9138,.T.);
#9138=EDGE_LOOP('',(#9139,#9140,#9141));
#9139=ORIENTED_EDGE('',*,*,#9142,.T.);
#9140=ORIENTED_EDGE('',*,*,#9143,.T.);
#9141=ORIENTED_EDGE('',*,*,#9144,.T.);
#9142=EDGE_CURVE('',#347,#221,#9145,.F.);
#9143=EDGE_CURVE('',#221,#343,#9146,.T.);
#9144=EDGE_CURVE('',#343,#347,#9147,.T.);
#9145=LINE('',#346,#9148);
#9146=LINE('',#220,#9149);
#9147=LINE('',#342,#9150);
#9148=VECTOR('',#9151,1.0);
#9149=VECTOR('',#9152,1.0);
#9150=VECTOR('',#9153,1.0);
#9151=DIRECTION('',(0.001114476493500502,-0.99999937897088,0));
#9152=DIRECTION('',(-0.0019310401838640951,0.9999981355401661,0));
#9153=DIRECTION('',(0.32456759895275417,-0.9458625025393723,0));
#9154=FACE_SURFACE('',(#9159),#9155,.T.);
#9155=PLANE('',#9156);
#9156=AXIS2_PLACEMENT_3D('',#588,#9157,#9158);
#9157=DIRECTION('',(-0,-0,-1));
#9158=DIRECTION('',(0.19433465470807396,-0.9809352893945112,0));
#9159=FACE_BOUND('',#9160,.T.);
#9160=EDGE_LOOP('',(#9161,#9162,#9163));
#9161=ORIENTED_EDGE('',*,*,#9164,.T.);
#9162=ORIENTED_EDGE('',*,*,#9165,.T.);
#9163=ORIENTED_EDGE('',*,*,#9166,.T.);
#9164=EDGE_CURVE('',#589,#343,#9167,.F.);
#9165=EDGE_CURVE('',#343,#45,#9168,.T.);
#9166=EDGE_CURVE('',#45,#589,#9169,.T.);
#9167=LINE('',#588,#9170);
#9168=LINE('',#342,#9171);
#9169=LINE('',#44,#9172);
#9170=VECTOR('',#9173,1.0);
#9171=VECTOR('',#9174,1.0);
#9172=VECTOR('',#9175,1.0);
#9173=DIRECTION('',(0.19433465470807396,-0.9809352893945112,0));
#9174=DIRECTION('',(-0.45069008040607195,0.8926804867496367,0));
#9175=DIRECTION('',(0.46661124039816576,-0.8844625205932048,0));
#9176=FACE_SURFACE('',(#9181),#9177,.T.);
#9177=PLANE('',#9178);
#9178=AXIS2_PLACEMENT_3D('',#600,#9179,#9180);
#9179=DIRECTION('',(-0,0,1));
#9180=DIRECTION('',(0.9999168574312391,-0.012894891423923704,0));
#9181=FACE_BOUND('',#9182,.T.);
#9182=EDGE_LOOP('',(#9183,#9184,#9185));
#9183=ORIENTED_EDGE('',*,*,#9186,.T.);
#9184=ORIENTED_EDGE('',*,*,#9187,.T.);
#9185=ORIENTED_EDGE('',*,*,#9188,.T.);
#9186=EDGE_CURVE('',#601,#95,#9189,.F.);
#9187=EDGE_CURVE('',#95,#685,#9190,.T.);
#9188=EDGE_CURVE('',#685,#601,#9191,.T.);
#9189=LINE('',#600,#9192);
#9190=LINE('',#94,#9193);
#9191=LINE('',#684,#9194);
#9192=VECTOR('',#9195,1.0);
#9193=VECTOR('',#9196,1.0);
#9194=VECTOR('',#9197,1.0);
#9195=DIRECTION('',(0.9999168574312391,-0.012894891423923704,0));
#9196=DIRECTION('',(-0.9995534933408008,0.029879992473252414,0));
#9197=DIRECTION('',(-0.9477546755148638,-0.3190001176170871,0));
#9198=FACE_SURFACE('',(#9203),#9199,.T.);
#9199=PLANE('',#9200);
#9200=AXIS2_PLACEMENT_3D('',#414,#9201,#9202);
#9201=DIRECTION('',(0,-0,1));
#9202=DIRECTION('',(0.5547083346446026,0.8320448686674365,0));
#9203=FACE_BOUND('',#9204,.T.);
#9204=EDGE_LOOP('',(#9205,#9206,#9207));
#9205=ORIENTED_EDGE('',*,*,#9208,.T.);
#9206=ORIENTED_EDGE('',*,*,#9209,.T.);
#9207=ORIENTED_EDGE('',*,*,#9210,.T.);
#9208=EDGE_CURVE('',#415,#421,#9211,.F.);
#9209=EDGE_CURVE('',#421,#53,#9212,.T.);
#9210=EDGE_CURVE('',#53,#415,#9213,.T.);
#9211=LINE('',#414,#9214);
#9212=LINE('',#420,#9215);
#9213=LINE('',#52,#9216);
#9214=VECTOR('',#9217,1.0);
#9215=VECTOR('',#9218,1.0);
#9216=VECTOR('',#9219,1.0);
#9217=DIRECTION('',(0.5547083346446026,0.8320448686674365,0));
#9218=DIRECTION('',(-0.975401276791596,-0.22043672387631802,0));
#9219=DIRECTION('',(0.9763815367931818,0.21605345312997076,0));
#9220=FACE_SURFACE('',(#9225),#9221,.T.);
#9221=PLANE('',#9222);
#9222=AXIS2_PLACEMENT_3D('',#48,#9223,#9224);
#9223=DIRECTION('',(0,0,1));
#9224=DIRECTION('',(0.9923198155194971,0.1236987620283703,0));
#9225=FACE_BOUND('',#9226,.T.);
#9226=EDGE_LOOP('',(#9227,#9228,#9229));
#9227=ORIENTED_EDGE('',*,*,#9230,.T.);
#9228=ORIENTED_EDGE('',*,*,#9231,.T.);
#9229=ORIENTED_EDGE('',*,*,#9232,.T.);
#9230=EDGE_CURVE('',#49,#95,#9233,.F.);
#9231=EDGE_CURVE('',#95,#599,#9234,.T.);
#9232=EDGE_CURVE('',#599,#49,#9235,.T.);
#9233=LINE('',#48,#9236);
#9234=LINE('',#94,#9237);
#9235=LINE('',#598,#9238);
#9236=VECTOR('',#9239,1.0);
#9237=VECTOR('',#9240,1.0);
#9238=VECTOR('',#9241,1.0);
#9239=DIRECTION('',(0.9923198155194971,0.1236987620283703,0));
#9240=DIRECTION('',(-0.9999947563717928,0.003238399128963437,0));
#9241=DIRECTION('',(-0.9576538172666097,-0.2879221531502761,0));
#9242=FACE_SURFACE('',(#9247),#9243,.T.);
#9243=PLANE('',#9244);
#9244=AXIS2_PLACEMENT_3D('',#686,#9245,#9246);
#9245=DIRECTION('',(-0.19433545580907408,0.9809351306867745,0));
#9246=DIRECTION('',(-0.9809351306867745,-0.19433545580907408,0));
#9247=FACE_BOUND('',#9248,.T.);
#9248=EDGE_LOOP('',(#9249,#9250,#9251));
#9249=ORIENTED_EDGE('',*,*,#9252,.T.);
#9250=ORIENTED_EDGE('',*,*,#9253,.T.);
#9251=ORIENTED_EDGE('',*,*,#9254,.T.);
#9252=EDGE_CURVE('',#687,#333,#9255,.F.);
#9253=EDGE_CURVE('',#333,#455,#9256,.T.);
#9254=EDGE_CURVE('',#455,#687,#9257,.T.);
#9255=LINE('',#686,#9258);
#9256=LINE('',#332,#9259);
#9257=LINE('',#454,#9260);
#9258=VECTOR('',#9261,1.0);
#9259=VECTOR('',#9262,1.0);
#9260=VECTOR('',#9263,1.0);
#9261=DIRECTION('',(-0.9809351306867745,-0.19433545580907408,0));
#9262=DIRECTION('',(0.20721580767969422,0.04105203002372371,0.9774335475512305));
#9263=DIRECTION('',(0,0,-1));
#9264=FACE_SURFACE('',(#9269),#9265,.T.);
#9265=PLANE('',#9266);
#9266=AXIS2_PLACEMENT_3D('',#604,#9267,#9268);
#9267=DIRECTION('',(0,0,-1));
#9268=DIRECTION('',(-0.4921001386503782,0.8705385996842866,0));
#9269=FACE_BOUND('',#9270,.T.);
#9270=EDGE_LOOP('',(#9271,#9272,#9273));
#9271=ORIENTED_EDGE('',*,*,#9274,.T.);
#9272=ORIENTED_EDGE('',*,*,#9275,.T.);
#9273=ORIENTED_EDGE('',*,*,#9276,.T.);
#9274=EDGE_CURVE('',#605,#45,#9277,.F.);
#9275=EDGE_CURVE('',#45,#609,#9278,.T.);
#9276=EDGE_CURVE('',#609,#605,#9279,.T.);
#9277=LINE('',#604,#9280);
#9278=LINE('',#44,#9281);
#9279=LINE('',#608,#9282);
#9280=VECTOR('',#9283,1.0);
#9281=VECTOR('',#9284,1.0);
#9282=VECTOR('',#9285,1.0);
#9283=DIRECTION('',(-0.4921001386503782,0.8705385996842866,0));
#9284=DIRECTION('',(0.5276756475757105,-0.8494459435158629,0));
#9285=DIRECTION('',(-0.06467780006101326,-0.9979061990885053,0));
#9286=FACE_SURFACE('',(#9291),#9287,.T.);
#9287=PLANE('',#9288);
#9288=AXIS2_PLACEMENT_3D('',#136,#9289,#9290);
#9289=DIRECTION('',(0,0,-1));
#9290=DIRECTION('',(1,0,0));
#9291=FACE_BOUND('',#9292,.T.);
#9292=EDGE_LOOP('',(#9293,#9294,#9295));
#9293=ORIENTED_EDGE('',*,*,#9296,.T.);
#9294=ORIENTED_EDGE('',*,*,#9297,.T.);
#9295=ORIENTED_EDGE('',*,*,#9298,.T.);
#9296=EDGE_CURVE('',#137,#85,#9299,.F.);
#9297=EDGE_CURVE('',#85,#689,#9300,.T.);
#9298=EDGE_CURVE('',#689,#137,#9301,.T.);
#9299=LINE('',#136,#9302);
#9300=LINE('',#84,#9303);
#9301=LINE('',#688,#9304);
#9302=VECTOR('',#9305,1.0);
#9303=VECTOR('',#9306,1.0);
#9304=VECTOR('',#9307,1.0);
#9305=DIRECTION('',(1,0,0));
#9306=DIRECTION('',(0.5757638422155652,-0.81761604558446,0));
#9307=DIRECTION('',(-0.9967471045572407,0.08059286293932671,0));
#9308=FACE_SURFACE('',(#9313),#9309,.T.);
#9309=PLANE('',#9310);
#9310=AXIS2_PLACEMENT_3D('',#256,#9311,#9312);
#9311=DIRECTION('',(0.9809339561612713,-0.19434138429525746,0));
#9312=DIRECTION('',(0,0,-1));
#9313=FACE_BOUND('',#9314,.T.);
#9314=EDGE_LOOP('',(#9315,#9316,#9317));
#9315=ORIENTED_EDGE('',*,*,#9318,.T.);
#9316=ORIENTED_EDGE('',*,*,#9319,.T.);
#9317=ORIENTED_EDGE('',*,*,#9320,.T.);
#9318=EDGE_CURVE('',#257,#609,#9321,.F.);
#9319=EDGE_CURVE('',#609,#255,#9322,.T.);
#9320=EDGE_CURVE('',#255,#257,#9323,.T.);
#9321=LINE('',#256,#9324);
#9322=LINE('',#608,#9325);
#9323=LINE('',#254,#9326);
#9324=VECTOR('',#9327,1.0);
#9325=VECTOR('',#9328,1.0);
#9326=VECTOR('',#9329,1.0);
#9327=DIRECTION('',(0,0,-1));
#9328=DIRECTION('',(0.04105297646527267,0.2072140154929328,0.9774338877421002));
#9329=DIRECTION('',(-0.19434138429525746,-0.9809339561612714,0));
#9330=FACE_SURFACE('',(#9335),#9331,.T.);
#9331=PLANE('',#9332);
#9332=AXIS2_PLACEMENT_3D('',#690,#9333,#9334);
#9333=DIRECTION('',(0.9809339561612713,-0.19434138429525746,0));
#9334=DIRECTION('',(0,0,1));
#9335=FACE_BOUND('',#9336,.T.);
#9336=EDGE_LOOP('',(#9337,#9338,#9339));
#9337=ORIENTED_EDGE('',*,*,#9340,.T.);
#9338=ORIENTED_EDGE('',*,*,#9341,.T.);
#9339=ORIENTED_EDGE('',*,*,#9342,.T.);
#9340=EDGE_CURVE('',#691,#255,#9343,.F.);
#9341=EDGE_CURVE('',#255,#609,#9344,.T.);
#9342=EDGE_CURVE('',#609,#691,#9345,.T.);
#9343=LINE('',#690,#9346);
#9344=LINE('',#254,#9347);
#9345=LINE('',#608,#9348);
#9346=VECTOR('',#9349,1.0);
#9347=VECTOR('',#9350,1.0);
#9348=VECTOR('',#9351,1.0);
#9349=DIRECTION('',(0,0,1));
#9350=DIRECTION('',(-0.04105297646527267,-0.2072140154929328,-0.9774338877421002));
#9351=DIRECTION('',(0.19434138429525746,0.9809339561612714,0));
#9352=FACE_SURFACE('',(#9357),#9353,.T.);
#9353=PLANE('',#9354);
#9354=AXIS2_PLACEMENT_3D('',#692,#9355,#9356);
#9355=DIRECTION('',(-0,0,1));
#9356=DIRECTION('',(0.43979623337014073,-0.8980975855180977,0));
#9357=FACE_BOUND('',#9358,.T.);
#9358=EDGE_LOOP('',(#9359,#9360,#9361));
#9359=ORIENTED_EDGE('',*,*,#9362,.T.);
#9360=ORIENTED_EDGE('',*,*,#9363,.T.);
#9361=ORIENTED_EDGE('',*,*,#9364,.T.);
#9362=EDGE_CURVE('',#693,#695,#9365,.F.);
#9363=EDGE_CURVE('',#695,#561,#9366,.T.);
#9364=EDGE_CURVE('',#561,#693,#9367,.T.);
#9365=LINE('',#692,#9368);
#9366=LINE('',#694,#9369);
#9367=LINE('',#560,#9370);
#9368=VECTOR('',#9371,1.0);
#9369=VECTOR('',#9372,1.0);
#9370=VECTOR('',#9373,1.0);
#9371=DIRECTION('',(0.43979623337014073,-0.8980975855180977,0));
#9372=DIRECTION('',(0.5757638422155652,0.81761604558446,0));
#9373=DIRECTION('',(-0.6027632283700923,-0.7979201028454315,0));
#9374=FACE_SURFACE('',(#9379),#9375,.T.);
#9375=PLANE('',#9376);
#9376=AXIS2_PLACEMENT_3D('',#696,#9377,#9378);
#9377=DIRECTION('',(0,0,-1));
#9378=DIRECTION('',(-0.6314665813556466,0.7754030929980952,0));
#9379=FACE_BOUND('',#9380,.T.);
#9380=EDGE_LOOP('',(#9381,#9382,#9383));
#9381=ORIENTED_EDGE('',*,*,#9384,.T.);
#9382=ORIENTED_EDGE('',*,*,#9385,.T.);
#9383=ORIENTED_EDGE('',*,*,#9386,.T.);
#9384=EDGE_CURVE('',#697,#85,#9387,.F.);
#9385=EDGE_CURVE('',#85,#87,#9388,.T.);
#9386=EDGE_CURVE('',#87,#697,#9389,.T.);
#9387=LINE('',#696,#9390);
#9388=LINE('',#84,#9391);
#9389=LINE('',#86,#9392);
#9390=VECTOR('',#9393,1.0);
#9391=VECTOR('',#9394,1.0);
#9392=VECTOR('',#9395,1.0);
#9393=DIRECTION('',(-0.6314665813556466,0.7754030929980952,0));
#9394=DIRECTION('',(0.6606886981473092,-0.7506600056886032,0));
#9395=DIRECTION('',(-0.6617694917793185,-0.7497073694116542,0));
#9396=FACE_SURFACE('',(#9401),#9397,.T.);
#9397=PLANE('',#9398);
#9398=AXIS2_PLACEMENT_3D('',#696,#9399,#9400);
#9399=DIRECTION('',(-0,0,-1));
#9400=DIRECTION('',(-0.5547083346446026,-0.8320448686674365,0));
#9401=FACE_BOUND('',#9402,.T.);
#9402=EDGE_LOOP('',(#9403,#9404,#9405));
#9403=ORIENTED_EDGE('',*,*,#9406,.T.);
#9404=ORIENTED_EDGE('',*,*,#9407,.T.);
#9405=ORIENTED_EDGE('',*,*,#9408,.T.);
#9406=EDGE_CURVE('',#697,#699,#9409,.F.);
#9407=EDGE_CURVE('',#699,#85,#9410,.T.);
#9408=EDGE_CURVE('',#85,#697,#9411,.T.);
#9409=LINE('',#696,#9412);
#9410=LINE('',#698,#9413);
#9411=LINE('',#84,#9414);
#9412=VECTOR('',#9415,1.0);
#9413=VECTOR('',#9416,1.0);
#9414=VECTOR('',#9417,1.0);
#9415=DIRECTION('',(-0.5547083346446026,-0.8320448686674365,0));
#9416=DIRECTION('',(-0.6027632283700923,0.7979201028454315,0));
#9417=DIRECTION('',(0.6314665813556466,-0.7754030929980952,0));
#9418=FACE_SURFACE('',(#9423),#9419,.T.);
#9419=PLANE('',#9420);
#9420=AXIS2_PLACEMENT_3D('',#700,#9421,#9422);
#9421=DIRECTION('',(-0,0,-1));
#9422=DIRECTION('',(-0.9811161275370113,-0.19341960677960995,0));
#9423=FACE_BOUND('',#9424,.T.);
#9424=EDGE_LOOP('',(#9425,#9426,#9427));
#9425=ORIENTED_EDGE('',*,*,#9428,.T.);
#9426=ORIENTED_EDGE('',*,*,#9429,.T.);
#9427=ORIENTED_EDGE('',*,*,#9430,.T.);
#9428=EDGE_CURVE('',#701,#499,#9431,.F.);
#9429=EDGE_CURVE('',#499,#703,#9432,.T.);
#9430=EDGE_CURVE('',#703,#701,#9433,.T.);
#9431=LINE('',#700,#9434);
#9432=LINE('',#498,#9435);
#9433=LINE('',#702,#9436);
#9434=VECTOR('',#9437,1.0);
#9435=VECTOR('',#9438,1.0);
#9436=VECTOR('',#9439,1.0);
#9437=DIRECTION('',(-0.9811161275370113,-0.19341960677960995,0));
#9438=DIRECTION('',(0.9798651761762228,0.19966030280739347,0));
#9439=DIRECTION('',(-0.06467780006101326,-0.9979061990885053,0));
#9440=FACE_SURFACE('',(#9445),#9441,.T.);
#9441=PLANE('',#9442);
#9442=AXIS2_PLACEMENT_3D('',#704,#9443,#9444);
#9443=DIRECTION('',(-0,0,-1));
#9444=DIRECTION('',(-0.9489201311116923,-0.31551637797580123,0));
#9445=FACE_BOUND('',#9446,.T.);
#9446=EDGE_LOOP('',(#9447,#9448,#9449));
#9447=ORIENTED_EDGE('',*,*,#9450,.T.);
#9448=ORIENTED_EDGE('',*,*,#9451,.T.);
#9449=ORIENTED_EDGE('',*,*,#9452,.T.);
#9450=EDGE_CURVE('',#705,#143,#9453,.F.);
#9451=EDGE_CURVE('',#143,#169,#9454,.T.);
#9452=EDGE_CURVE('',#169,#705,#9455,.T.);
#9453=LINE('',#704,#9456);
#9454=LINE('',#142,#9457);
#9455=LINE('',#168,#9458);
#9456=VECTOR('',#9459,1.0);
#9457=VECTOR('',#9460,1.0);
#9458=VECTOR('',#9461,1.0);
#9459=DIRECTION('',(-0.9489201311116923,-0.31551637797580123,0));
#9460=DIRECTION('',(0.2631174057921088,0.9647638212377322,0));
#9461=DIRECTION('',(0,-1,0));
#9462=FACE_SURFACE('',(#9467),#9463,.T.);
#9463=PLANE('',#9464);
#9464=AXIS2_PLACEMENT_3D('',#704,#9465,#9466);
#9465=DIRECTION('',(0,-0,-1));
#9466=DIRECTION('',(1,0,0));
#9467=FACE_BOUND('',#9468,.T.);
#9468=EDGE_LOOP('',(#9469,#9470,#9471));
#9469=ORIENTED_EDGE('',*,*,#9472,.T.);
#9470=ORIENTED_EDGE('',*,*,#9473,.T.);
#9471=ORIENTED_EDGE('',*,*,#9474,.T.);
#9472=EDGE_CURVE('',#705,#177,#9475,.F.);
#9473=EDGE_CURVE('',#177,#143,#9476,.T.);
#9474=EDGE_CURVE('',#143,#705,#9477,.T.);
#9475=LINE('',#704,#9478);
#9476=LINE('',#176,#9479);
#9477=LINE('',#142,#9480);
#9478=VECTOR('',#9481,1.0);
#9479=VECTOR('',#9482,1.0);
#9480=VECTOR('',#9483,1.0);
#9481=DIRECTION('',(1,0,0));
#9482=DIRECTION('',(-0.9970702438271349,-0.07649136470542041,0));
#9483=DIRECTION('',(0.9489201311116923,0.31551637797580123,0));
#9484=FACE_SURFACE('',(#9489),#9485,.T.);
#9485=PLANE('',#9486);
#9486=AXIS2_PLACEMENT_3D('',#142,#9487,#9488);
#9487=DIRECTION('',(0,0,-1));
#9488=DIRECTION('',(-0.14069330053806064,0.9900532284598171,0));
#9489=FACE_BOUND('',#9490,.T.);
#9490=EDGE_LOOP('',(#9491,#9492,#9493));
#9491=ORIENTED_EDGE('',*,*,#9494,.T.);
#9492=ORIENTED_EDGE('',*,*,#9495,.T.);
#9493=ORIENTED_EDGE('',*,*,#9496,.T.);
#9494=EDGE_CURVE('',#143,#655,#9497,.F.);
#9495=EDGE_CURVE('',#655,#169,#9498,.T.);
#9496=EDGE_CURVE('',#169,#143,#9499,.T.);
#9497=LINE('',#142,#9500);
#9498=LINE('',#654,#9501);
#9499=LINE('',#168,#9502);
#9500=VECTOR('',#9503,1.0);
#9501=VECTOR('',#9504,1.0);
#9502=VECTOR('',#9505,1.0);
#9503=DIRECTION('',(-0.14069330053806064,0.9900532284598171,0));
#9504=DIRECTION('',(0.8902275771466693,-0.45551603801356,0));
#9505=DIRECTION('',(-0.2631174057921088,-0.9647638212377322,0));
#9506=FACE_SURFACE('',(#9511),#9507,.T.);
#9507=PLANE('',#9508);
#9508=AXIS2_PLACEMENT_3D('',#706,#9509,#9510);
#9509=DIRECTION('',(0.945866228923475,-0.3245567392338114,0));
#9510=DIRECTION('',(0,0,1));
#9511=FACE_BOUND('',#9512,.T.);
#9512=EDGE_LOOP('',(#9513,#9514,#9515));
#9513=ORIENTED_EDGE('',*,*,#9516,.T.);
#9514=ORIENTED_EDGE('',*,*,#9517,.T.);
#9515=ORIENTED_EDGE('',*,*,#9518,.T.);
#9516=EDGE_CURVE('',#707,#283,#9519,.F.);
#9517=EDGE_CURVE('',#283,#255,#9520,.T.);
#9518=EDGE_CURVE('',#255,#707,#9521,.T.);
#9519=LINE('',#706,#9522);
#9520=LINE('',#282,#9523);
#9521=LINE('',#254,#9524);
#9522=VECTOR('',#9525,1.0);
#9523=VECTOR('',#9526,1.0);
#9524=VECTOR('',#9527,1.0);
#9525=DIRECTION('',(0,0,1));
#9526=DIRECTION('',(-0.3245567392338114,-0.945866228923475,0));
#9527=DIRECTION('',(0.06842629378766218,0.19941696671262116,-0.97752274434185));
#9528=FACE_SURFACE('',(#9533),#9529,.T.);
#9529=PLANE('',#9530);
#9530=AXIS2_PLACEMENT_3D('',#706,#9531,#9532);
#9531=DIRECTION('',(0.945866228923475,-0.3245567392338114,0));
#9532=DIRECTION('',(-0.06842629378766218,-0.19941696671262116,0.97752274434185));
#9533=FACE_BOUND('',#9534,.T.);
#9534=EDGE_LOOP('',(#9535,#9536,#9537));
#9535=ORIENTED_EDGE('',*,*,#9538,.T.);
#9536=ORIENTED_EDGE('',*,*,#9539,.T.);
#9537=ORIENTED_EDGE('',*,*,#9540,.T.);
#9538=EDGE_CURVE('',#707,#255,#9541,.F.);
#9539=EDGE_CURVE('',#255,#691,#9542,.T.);
#9540=EDGE_CURVE('',#691,#707,#9543,.T.);
#9541=LINE('',#706,#9544);
#9542=LINE('',#254,#9545);
#9543=LINE('',#690,#9546);
#9544=VECTOR('',#9547,1.0);
#9545=VECTOR('',#9548,1.0);
#9546=VECTOR('',#9549,1.0);
#9547=DIRECTION('',(-0.06842629378766218,-0.19941696671262116,0.97752274434185));
#9548=DIRECTION('',(0,0,-1));
#9549=DIRECTION('',(0.3245567392338114,0.945866228923475,0));
#9550=FACE_SURFACE('',(#9555),#9551,.T.);
#9551=PLANE('',#9552);
#9552=AXIS2_PLACEMENT_3D('',#694,#9553,#9554);
#9553=DIRECTION('',(-0,0,1));
#9554=DIRECTION('',(0.32456013282251134,-0.9458650644686237,0));
#9555=FACE_BOUND('',#9556,.T.);
#9556=EDGE_LOOP('',(#9557,#9558,#9559));
#9557=ORIENTED_EDGE('',*,*,#9560,.T.);
#9558=ORIENTED_EDGE('',*,*,#9561,.T.);
#9559=ORIENTED_EDGE('',*,*,#9562,.T.);
#9560=EDGE_CURVE('',#695,#709,#9563,.F.);
#9561=EDGE_CURVE('',#709,#561,#9564,.T.);
#9562=EDGE_CURVE('',#561,#695,#9565,.T.);
#9563=LINE('',#694,#9566);
#9564=LINE('',#708,#9567);
#9565=LINE('',#560,#9568);
#9566=VECTOR('',#9569,1.0);
#9567=VECTOR('',#9570,1.0);
#9568=VECTOR('',#9571,1.0);
#9569=DIRECTION('',(0.32456013282251134,-0.9458650644686237,0));
#9570=DIRECTION('',(0.5512909397470247,0.8343130705873201,0));
#9571=DIRECTION('',(-0.5757638422155652,-0.81761604558446,0));
#9572=FACE_SURFACE('',(#9577),#9573,.T.);
#9573=PLANE('',#9574);
#9574=AXIS2_PLACEMENT_3D('',#710,#9575,#9576);
#9575=DIRECTION('',(0.8980997562782439,-0.4397918004840003,0));
#9576=DIRECTION('',(0,0,1));
#9577=FACE_BOUND('',#9578,.T.);
#9578=EDGE_LOOP('',(#9579,#9580,#9581));
#9579=ORIENTED_EDGE('',*,*,#9582,.T.);
#9580=ORIENTED_EDGE('',*,*,#9583,.T.);
#9581=ORIENTED_EDGE('',*,*,#9584,.T.);
#9582=EDGE_CURVE('',#711,#281,#9585,.F.);
#9583=EDGE_CURVE('',#281,#283,#9586,.T.);
#9584=EDGE_CURVE('',#283,#711,#9587,.T.);
#9585=LINE('',#710,#9588);
#9586=LINE('',#280,#9589);
#9587=LINE('',#282,#9590);
#9588=VECTOR('',#9591,1.0);
#9589=VECTOR('',#9592,1.0);
#9590=VECTOR('',#9593,1.0);
#9591=DIRECTION('',(0,0,1));
#9592=DIRECTION('',(-0.4397918004840003,-0.898099756278244,0));
#9593=DIRECTION('',(0.09285852369869708,0.1896265856034107,-0.9774553967362865));
#9594=FACE_SURFACE('',(#9599),#9595,.T.);
#9595=PLANE('',#9596);
#9596=AXIS2_PLACEMENT_3D('',#710,#9597,#9598);
#9597=DIRECTION('',(0.8980997562782439,-0.4397918004840003,0));
#9598=DIRECTION('',(-0.09285852369869708,-0.1896265856034107,0.9774553967362865));
#9599=FACE_BOUND('',#9600,.T.);
#9600=EDGE_LOOP('',(#9601,#9602,#9603));
#9601=ORIENTED_EDGE('',*,*,#9604,.T.);
#9602=ORIENTED_EDGE('',*,*,#9605,.T.);
#9603=ORIENTED_EDGE('',*,*,#9606,.T.);
#9604=EDGE_CURVE('',#711,#283,#9607,.F.);
#9605=EDGE_CURVE('',#283,#707,#9608,.T.);
#9606=EDGE_CURVE('',#707,#711,#9609,.T.);
#9607=LINE('',#710,#9610);
#9608=LINE('',#282,#9611);
#9609=LINE('',#706,#9612);
#9610=VECTOR('',#9613,1.0);
#9611=VECTOR('',#9614,1.0);
#9612=VECTOR('',#9615,1.0);
#9613=DIRECTION('',(-0.09285852369869708,-0.1896265856034107,0.9774553967362865));
#9614=DIRECTION('',(0,0,-1));
#9615=DIRECTION('',(0.4397918004840003,0.898099756278244,0));
#9616=FACE_SURFACE('',(#9621),#9617,.T.);
#9617=PLANE('',#9618);
#9618=AXIS2_PLACEMENT_3D('',#94,#9619,#9620);
#9619=DIRECTION('',(0,-0,1));
#9620=DIRECTION('',(0,1,0));
#9621=FACE_BOUND('',#9622,.T.);
#9622=EDGE_LOOP('',(#9623,#9624,#9625));
#9623=ORIENTED_EDGE('',*,*,#9626,.T.);
#9624=ORIENTED_EDGE('',*,*,#9627,.T.);
#9625=ORIENTED_EDGE('',*,*,#9628,.T.);
#9626=EDGE_CURVE('',#95,#561,#9629,.F.);
#9627=EDGE_CURVE('',#561,#709,#9630,.T.);
#9628=EDGE_CURVE('',#709,#95,#9631,.T.);
#9629=LINE('',#94,#9632);
#9630=LINE('',#560,#9633);
#9631=LINE('',#708,#9634);
#9632=VECTOR('',#9635,1.0);
#9633=VECTOR('',#9636,1.0);
#9634=VECTOR('',#9637,1.0);
#9635=DIRECTION('',(0,1,0));
#9636=DIRECTION('',(-0.5512909397470247,-0.8343130705873201,0));
#9637=DIRECTION('',(0.8422289733338839,-0.5391199833774963,0));
#9638=FACE_SURFACE('',(#9643),#9639,.T.);
#9639=PLANE('',#9640);
#9640=AXIS2_PLACEMENT_3D('',#712,#9641,#9642);
#9641=DIRECTION('',(0.8320509725460228,-0.554699178911613,0));
#9642=DIRECTION('',(0,0,1));
#9643=FACE_BOUND('',#9644,.T.);
#9644=EDGE_LOOP('',(#9645,#9646,#9647));
#9645=ORIENTED_EDGE('',*,*,#9648,.T.);
#9646=ORIENTED_EDGE('',*,*,#9649,.T.);
#9647=ORIENTED_EDGE('',*,*,#9650,.T.);
#9648=EDGE_CURVE('',#713,#279,#9651,.F.);
#9649=EDGE_CURVE('',#279,#281,#9652,.T.);
#9650=EDGE_CURVE('',#281,#713,#9653,.T.);
#9651=LINE('',#712,#9654);
#9652=LINE('',#278,#9655);
#9653=LINE('',#280,#9656);
#9654=VECTOR('',#9657,1.0);
#9655=VECTOR('',#9658,1.0);
#9656=VECTOR('',#9659,1.0);
#9657=DIRECTION('',(0,0,1));
#9658=DIRECTION('',(-0.554699178911613,-0.8320509725460227,0));
#9659=DIRECTION('',(0.1172867515084327,0.17593059331877087,-0.9773905280158511));
#9660=FACE_SURFACE('',(#9665),#9661,.T.);
#9661=PLANE('',#9662);
#9662=AXIS2_PLACEMENT_3D('',#712,#9663,#9664);
#9663=DIRECTION('',(0.8320509725460228,-0.554699178911613,0));
#9664=DIRECTION('',(-0.1172867515084327,-0.17593059331877087,0.9773905280158511));
#9665=FACE_BOUND('',#9666,.T.);
#9666=EDGE_LOOP('',(#9667,#9668,#9669));
#9667=ORIENTED_EDGE('',*,*,#9670,.T.);
#9668=ORIENTED_EDGE('',*,*,#9671,.T.);
#9669=ORIENTED_EDGE('',*,*,#9672,.T.);
#9670=EDGE_CURVE('',#713,#281,#9673,.F.);
#9671=EDGE_CURVE('',#281,#711,#9674,.T.);
#9672=EDGE_CURVE('',#711,#713,#9675,.T.);
#9673=LINE('',#712,#9676);
#9674=LINE('',#280,#9677);
#9675=LINE('',#710,#9678);
#9676=VECTOR('',#9679,1.0);
#9677=VECTOR('',#9680,1.0);
#9678=VECTOR('',#9681,1.0);
#9679=DIRECTION('',(-0.1172867515084327,-0.17593059331877087,0.9773905280158511));
#9680=DIRECTION('',(0,0,-1));
#9681=DIRECTION('',(0.554699178911613,0.8320509725460227,0));
#9682=FACE_SURFACE('',(#9687),#9683,.T.);
#9683=PLANE('',#9684);
#9684=AXIS2_PLACEMENT_3D('',#714,#9685,#9686);
#9685=DIRECTION('',(-0,-0,1));
#9686=DIRECTION('',(0.8641204587431811,-0.5032850412852287,0));
#9687=FACE_BOUND('',#9688,.T.);
#9688=EDGE_LOOP('',(#9689,#9690,#9691));
#9689=ORIENTED_EDGE('',*,*,#9692,.T.);
#9690=ORIENTED_EDGE('',*,*,#9693,.T.);
#9691=ORIENTED_EDGE('',*,*,#9694,.T.);
#9692=EDGE_CURVE('',#715,#95,#9695,.F.);
#9693=EDGE_CURVE('',#95,#709,#9696,.T.);
#9694=EDGE_CURVE('',#709,#715,#9697,.T.);
#9695=LINE('',#714,#9698);
#9696=LINE('',#94,#9699);
#9697=LINE('',#708,#9700);
#9698=VECTOR('',#9701,1.0);
#9699=VECTOR('',#9702,1.0);
#9700=VECTOR('',#9703,1.0);
#9701=DIRECTION('',(0.8641204587431811,-0.5032850412852287,0));
#9702=DIRECTION('',(-0.8422289733338839,0.5391199833774963,0));
#9703=DIRECTION('',(0.19433545580907408,-0.9809351306867745,0));
#9704=FACE_SURFACE('',(#9709),#9705,.T.);
#9705=PLANE('',#9706);
#9706=AXIS2_PLACEMENT_3D('',#716,#9707,#9708);
#9707=DIRECTION('',(0,0,-1));
#9708=DIRECTION('',(-0.09254128703575489,0.9957088481045883,0));
#9709=FACE_BOUND('',#9710,.T.);
#9710=EDGE_LOOP('',(#9711,#9712,#9713));
#9711=ORIENTED_EDGE('',*,*,#9714,.T.);
#9712=ORIENTED_EDGE('',*,*,#9715,.T.);
#9713=ORIENTED_EDGE('',*,*,#9716,.T.);
#9714=EDGE_CURVE('',#717,#175,#9717,.F.);
#9715=EDGE_CURVE('',#175,#719,#9718,.T.);
#9716=EDGE_CURVE('',#719,#717,#9719,.T.);
#9717=LINE('',#716,#9720);
#9718=LINE('',#174,#9721);
#9719=LINE('',#718,#9722);
#9720=VECTOR('',#9723,1.0);
#9721=VECTOR('',#9724,1.0);
#9722=VECTOR('',#9725,1.0);
#9723=DIRECTION('',(-0.09254128703575489,0.9957088481045883,0));
#9724=DIRECTION('',(0.09598949017145325,-0.9953823475311507,0));
#9725=DIRECTION('',(-0.9477557906652787,0.3189968044674308,0));
#9726=FACE_SURFACE('',(#9731),#9727,.T.);
#9727=PLANE('',#9728);
#9728=AXIS2_PLACEMENT_3D('',#720,#9729,#9730);
#9729=DIRECTION('',(-0,-0,1));
#9730=DIRECTION('',(0.8881706946945546,-0.45951367453623443,0));
#9731=FACE_BOUND('',#9732,.T.);
#9732=EDGE_LOOP('',(#9733,#9734,#9735));
#9733=ORIENTED_EDGE('',*,*,#9736,.T.);
#9734=ORIENTED_EDGE('',*,*,#9737,.T.);
#9735=ORIENTED_EDGE('',*,*,#9738,.T.);
#9736=EDGE_CURVE('',#721,#95,#9739,.F.);
#9737=EDGE_CURVE('',#95,#715,#9740,.T.);
#9738=EDGE_CURVE('',#715,#721,#9741,.T.);
#9739=LINE('',#720,#9742);
#9740=LINE('',#94,#9743);
#9741=LINE('',#714,#9744);
#9742=VECTOR('',#9745,1.0);
#9743=VECTOR('',#9746,1.0);
#9744=VECTOR('',#9747,1.0);
#9745=DIRECTION('',(0.8881706946945546,-0.45951367453623443,0));
#9746=DIRECTION('',(-0.8641204587431811,0.5032850412852287,0));
#9747=DIRECTION('',(0.06467865316331728,-0.9979061437955873,0));
#9748=FACE_SURFACE('',(#9753),#9749,.T.);
#9749=PLANE('',#9750);
#9750=AXIS2_PLACEMENT_3D('',#722,#9751,#9752);
#9751=DIRECTION('',(0.7496933256838928,-0.6617854013387003,0));
#9752=DIRECTION('',(0,0,1));
#9753=FACE_BOUND('',#9754,.T.);
#9754=EDGE_LOOP('',(#9755,#9756,#9757));
#9755=ORIENTED_EDGE('',*,*,#9758,.T.);
#9756=ORIENTED_EDGE('',*,*,#9759,.T.);
#9757=ORIENTED_EDGE('',*,*,#9760,.T.);
#9758=EDGE_CURVE('',#723,#291,#9761,.F.);
#9759=EDGE_CURVE('',#291,#279,#9762,.T.);
#9760=EDGE_CURVE('',#279,#723,#9763,.T.);
#9761=LINE('',#722,#9764);
#9762=LINE('',#290,#9765);
#9763=LINE('',#278,#9766);
#9764=VECTOR('',#9767,1.0);
#9765=VECTOR('',#9768,1.0);
#9766=VECTOR('',#9769,1.0);
#9767=DIRECTION('',(0,0,1));
#9768=DIRECTION('',(-0.6617854013387003,-0.7496933256838928,0));
#9769=DIRECTION('',(0.1397737680358028,0.15834054482035936,-0.9774413361604192));
#9770=FACE_SURFACE('',(#9775),#9771,.T.);
#9771=PLANE('',#9772);
#9772=AXIS2_PLACEMENT_3D('',#722,#9773,#9774);
#9773=DIRECTION('',(0.7496933256838928,-0.6617854013387003,0));
#9774=DIRECTION('',(-0.1397737680358028,-0.15834054482035936,0.9774413361604192));
#9775=FACE_BOUND('',#9776,.T.);
#9776=EDGE_LOOP('',(#9777,#9778,#9779));
#9777=ORIENTED_EDGE('',*,*,#9780,.T.);
#9778=ORIENTED_EDGE('',*,*,#9781,.T.);
#9779=ORIENTED_EDGE('',*,*,#9782,.T.);
#9780=EDGE_CURVE('',#723,#279,#9783,.F.);
#9781=EDGE_CURVE('',#279,#713,#9784,.T.);
#9782=EDGE_CURVE('',#713,#723,#9785,.T.);
#9783=LINE('',#722,#9786);
#9784=LINE('',#278,#9787);
#9785=LINE('',#712,#9788);
#9786=VECTOR('',#9789,1.0);
#9787=VECTOR('',#9790,1.0);
#9788=VECTOR('',#9791,1.0);
#9789=DIRECTION('',(-0.1397737680358028,-0.15834054482035936,0.9774413361604192));
#9790=DIRECTION('',(0,0,-1));
#9791=DIRECTION('',(0.6617854013387003,0.7496933256838928,0));
#9792=FACE_SURFACE('',(#9797),#9793,.T.);
#9793=PLANE('',#9794);
#9794=AXIS2_PLACEMENT_3D('',#724,#9795,#9796);
#9795=DIRECTION('',(-0,0,-1));
#9796=DIRECTION('',(-0.7580318466867423,-0.6522175399425311,0));
#9797=FACE_BOUND('',#9798,.T.);
#9798=EDGE_LOOP('',(#9799,#9800,#9801));
#9799=ORIENTED_EDGE('',*,*,#9802,.T.);
#9800=ORIENTED_EDGE('',*,*,#9803,.T.);
#9801=ORIENTED_EDGE('',*,*,#9804,.T.);
#9802=EDGE_CURVE('',#725,#265,#9805,.F.);
#9803=EDGE_CURVE('',#265,#727,#9806,.T.);
#9804=EDGE_CURVE('',#727,#725,#9807,.T.);
#9805=LINE('',#724,#9808);
#9806=LINE('',#264,#9809);
#9807=LINE('',#726,#9810);
#9808=VECTOR('',#9811,1.0);
#9809=VECTOR('',#9812,1.0);
#9810=VECTOR('',#9813,1.0);
#9811=DIRECTION('',(-0.7580318466867423,-0.6522175399425311,0));
#9812=DIRECTION('',(0.6723461340890817,0.7402369053049616,0));
#9813=DIRECTION('',(0.9477515347235277,-0.3190094488086488,0));
#9814=FACE_SURFACE('',(#9819),#9815,.T.);
#9815=PLANE('',#9816);
#9816=AXIS2_PLACEMENT_3D('',#720,#9817,#9818);
#9817=DIRECTION('',(0,0,1));
#9818=DIRECTION('',(-0.06467893753574257,-0.9979061253641285,0));
#9819=FACE_BOUND('',#9820,.T.);
#9820=EDGE_LOOP('',(#9821,#9822,#9823));
#9821=ORIENTED_EDGE('',*,*,#9824,.T.);
#9822=ORIENTED_EDGE('',*,*,#9825,.T.);
#9823=ORIENTED_EDGE('',*,*,#9826,.T.);
#9824=EDGE_CURVE('',#721,#729,#9827,.F.);
#9825=EDGE_CURVE('',#729,#95,#9828,.T.);
#9826=EDGE_CURVE('',#95,#721,#9829,.T.);
#9827=LINE('',#720,#9830);
#9828=LINE('',#728,#9831);
#9829=LINE('',#94,#9832);
#9830=VECTOR('',#9833,1.0);
#9831=VECTOR('',#9834,1.0);
#9832=VECTOR('',#9835,1.0);
#9833=DIRECTION('',(-0.06467893753574257,-0.9979061253641285,0));
#9834=DIRECTION('',(0.9126702787991039,-0.4086966628157928,0));
#9835=DIRECTION('',(-0.8881706946945546,0.45951367453623443,0));
#9836=FACE_SURFACE('',(#9841),#9837,.T.);
#9837=PLANE('',#9838);
#9838=AXIS2_PLACEMENT_3D('',#196,#9839,#9840);
#9839=DIRECTION('',(0,-0,-1));
#9840=DIRECTION('',(0.980934797379759,0.1943371382148333,0));
#9841=FACE_BOUND('',#9842,.T.);
#9842=EDGE_LOOP('',(#9843,#9844,#9845));
#9843=ORIENTED_EDGE('',*,*,#9846,.T.);
#9844=ORIENTED_EDGE('',*,*,#9847,.T.);
#9845=ORIENTED_EDGE('',*,*,#9848,.T.);
#9846=EDGE_CURVE('',#197,#187,#9849,.F.);
#9847=EDGE_CURVE('',#187,#175,#9850,.T.);
#9848=EDGE_CURVE('',#175,#197,#9851,.T.);
#9849=LINE('',#196,#9852);
#9850=LINE('',#186,#9853);
#9851=LINE('',#174,#9854);
#9852=VECTOR('',#9855,1.0);
#9853=VECTOR('',#9856,1.0);
#9854=VECTOR('',#9857,1.0);
#9855=DIRECTION('',(0.980934797379759,0.1943371382148333,0));
#9856=DIRECTION('',(-0.19346355168866228,-0.9811074631089136,0));
#9857=DIRECTION('',(0.18624500787454257,0.9825033318222446,0));
#9858=FACE_SURFACE('',(#9863),#9859,.T.);
#9859=PLANE('',#9860);
#9860=AXIS2_PLACEMENT_3D('',#730,#9861,#9862);
#9861=DIRECTION('',(0.6594972944244594,-0.7517069366760013,0));
#9862=DIRECTION('',(0,0,1));
#9863=FACE_BOUND('',#9864,.T.);
#9864=EDGE_LOOP('',(#9865,#9866,#9867));
#9865=ORIENTED_EDGE('',*,*,#9868,.T.);
#9866=ORIENTED_EDGE('',*,*,#9869,.T.);
#9867=ORIENTED_EDGE('',*,*,#9870,.T.);
#9868=EDGE_CURVE('',#731,#303,#9871,.F.);
#9869=EDGE_CURVE('',#303,#291,#9872,.T.);
#9870=EDGE_CURVE('',#291,#731,#9873,.T.);
#9871=LINE('',#730,#9874);
#9872=LINE('',#302,#9875);
#9873=LINE('',#290,#9876);
#9874=VECTOR('',#9877,1.0);
#9875=VECTOR('',#9878,1.0);
#9876=VECTOR('',#9879,1.0);
#9877=DIRECTION('',(0,0,1));
#9878=DIRECTION('',(-0.7517069366760014,-0.6594972944244595,0));
#9879=DIRECTION('',(0.1592980608688777,0.13975744405744248,-0.977288076584354));
#9880=FACE_SURFACE('',(#9885),#9881,.T.);
#9881=PLANE('',#9882);
#9882=AXIS2_PLACEMENT_3D('',#730,#9883,#9884);
#9883=DIRECTION('',(0.6594972944244594,-0.7517069366760013,0));
#9884=DIRECTION('',(-0.1592980608688777,-0.13975744405744248,0.977288076584354));
#9885=FACE_BOUND('',#9886,.T.);
#9886=EDGE_LOOP('',(#9887,#9888,#9889));
#9887=ORIENTED_EDGE('',*,*,#9890,.T.);
#9888=ORIENTED_EDGE('',*,*,#9891,.T.);
#9889=ORIENTED_EDGE('',*,*,#9892,.T.);
#9890=EDGE_CURVE('',#731,#291,#9893,.F.);
#9891=EDGE_CURVE('',#291,#723,#9894,.T.);
#9892=EDGE_CURVE('',#723,#731,#9895,.T.);
#9893=LINE('',#730,#9896);
#9894=LINE('',#290,#9897);
#9895=LINE('',#722,#9898);
#9896=VECTOR('',#9899,1.0);
#9897=VECTOR('',#9900,1.0);
#9898=VECTOR('',#9901,1.0);
#9899=DIRECTION('',(-0.1592980608688777,-0.13975744405744248,0.977288076584354));
#9900=DIRECTION('',(0,0,-1));
#9901=DIRECTION('',(0.7517069366760014,0.6594972944244595,0));
#9902=FACE_SURFACE('',(#9907),#9903,.T.);
#9903=PLANE('',#9904);
#9904=AXIS2_PLACEMENT_3D('',#632,#9905,#9906);
#9905=DIRECTION('',(0,-0,-1));
#9906=DIRECTION('',(0.852514300452575,-0.5227039004291595,0));
#9907=FACE_BOUND('',#9908,.T.);
#9908=EDGE_LOOP('',(#9909,#9910,#9911));
#9909=ORIENTED_EDGE('',*,*,#9912,.T.);
#9910=ORIENTED_EDGE('',*,*,#9913,.T.);
#9911=ORIENTED_EDGE('',*,*,#9914,.T.);
#9912=EDGE_CURVE('',#633,#169,#9915,.F.);
#9913=EDGE_CURVE('',#169,#637,#9916,.T.);
#9914=EDGE_CURVE('',#637,#633,#9917,.T.);
#9915=LINE('',#632,#9918);
#9916=LINE('',#168,#9919);
#9917=LINE('',#636,#9920);
#9918=VECTOR('',#9921,1.0);
#9919=VECTOR('',#9922,1.0);
#9920=VECTOR('',#9923,1.0);
#9921=DIRECTION('',(0.852514300452575,-0.5227039004291595,0));
#9922=DIRECTION('',(-0.8626468291419832,0.5058067300573234,0));
#9923=DIRECTION('',(0.43979536147012105,0.898098012484921,0));
#9924=FACE_SURFACE('',(#9929),#9925,.T.);
#9925=PLANE('',#9926);
#9926=AXIS2_PLACEMENT_3D('',#732,#9927,#9928);
#9927=DIRECTION('',(-0,0,1));
#9928=DIRECTION('',(0.9357719804991884,-0.35260572955161473,0));
#9929=FACE_BOUND('',#9930,.T.);
#9930=EDGE_LOOP('',(#9931,#9932,#9933));
#9931=ORIENTED_EDGE('',*,*,#9934,.T.);
#9932=ORIENTED_EDGE('',*,*,#9935,.T.);
#9933=ORIENTED_EDGE('',*,*,#9936,.T.);
#9934=EDGE_CURVE('',#733,#95,#9937,.F.);
#9935=EDGE_CURVE('',#95,#729,#9938,.T.);
#9936=EDGE_CURVE('',#729,#733,#9939,.T.);
#9937=LINE('',#732,#9940);
#9938=LINE('',#94,#9941);
#9939=LINE('',#728,#9942);
#9940=VECTOR('',#9943,1.0);
#9941=VECTOR('',#9944,1.0);
#9942=VECTOR('',#9945,1.0);
#9943=DIRECTION('',(0.9357719804991884,-0.35260572955161473,0));
#9944=DIRECTION('',(-0.9126702787991039,0.4086966628157928,0));
#9945=DIRECTION('',(-0.19433545580907408,-0.9809351306867745,0));
#9946=FACE_SURFACE('',(#9951),#9947,.T.);
#9947=PLANE('',#9948);
#9948=AXIS2_PLACEMENT_3D('',#734,#9949,#9950);
#9949=DIRECTION('',(-0,0,-1));
#9950=DIRECTION('',(-0.560955172288425,-0.8278461781532023,0));
#9951=FACE_BOUND('',#9952,.T.);
#9952=EDGE_LOOP('',(#9953,#9954,#9955));
#9953=ORIENTED_EDGE('',*,*,#9956,.T.);
#9954=ORIENTED_EDGE('',*,*,#9957,.T.);
#9955=ORIENTED_EDGE('',*,*,#9958,.T.);
#9956=EDGE_CURVE('',#735,#265,#9959,.F.);
#9957=EDGE_CURVE('',#265,#643,#9960,.T.);
#9958=EDGE_CURVE('',#643,#735,#9961,.T.);
#9959=LINE('',#734,#9962);
#9960=LINE('',#264,#9963);
#9961=LINE('',#642,#9964);
#9962=VECTOR('',#9965,1.0);
#9963=VECTOR('',#9966,1.0);
#9964=VECTOR('',#9967,1.0);
#9965=DIRECTION('',(-0.560955172288425,-0.8278461781532023,0));
#9966=DIRECTION('',(0.43507051961464144,0.9003963810246274,0));
#9967=DIRECTION('',(0.8306212180617042,-0.5568378508198693,0));
#9968=FACE_SURFACE('',(#9973),#9969,.T.);
#9969=PLANE('',#9970);
#9970=AXIS2_PLACEMENT_3D('',#726,#9971,#9972);
#9971=DIRECTION('',(-0,0,-1));
#9972=DIRECTION('',(-0.6723461340890817,-0.7402369053049616,0));
#9973=FACE_BOUND('',#9974,.T.);
#9974=EDGE_LOOP('',(#9975,#9976,#9977));
#9975=ORIENTED_EDGE('',*,*,#9978,.T.);
#9976=ORIENTED_EDGE('',*,*,#9979,.T.);
#9977=ORIENTED_EDGE('',*,*,#9980,.T.);
#9978=EDGE_CURVE('',#727,#265,#9981,.F.);
#9979=EDGE_CURVE('',#265,#735,#9982,.T.);
#9980=EDGE_CURVE('',#735,#727,#9983,.T.);
#9981=LINE('',#726,#9984);
#9982=LINE('',#264,#9985);
#9983=LINE('',#734,#9986);
#9984=VECTOR('',#9987,1.0);
#9985=VECTOR('',#9988,1.0);
#9986=VECTOR('',#9989,1.0);
#9987=DIRECTION('',(-0.6723461340890817,-0.7402369053049616,0));
#9988=DIRECTION('',(0.560955172288425,0.8278461781532023,0));
#9989=DIRECTION('',(0.896268269335095,-0.443512332842136,0));
#9990=FACE_SURFACE('',(#9995),#9991,.T.);
#9991=PLANE('',#9992);
#9992=AXIS2_PLACEMENT_3D('',#736,#9993,#9994);
#9993=DIRECTION('',(0.5568246314009337,-0.8306300800387705,0));
#9994=DIRECTION('',(0,0,1));
#9995=FACE_BOUND('',#9996,.T.);
#9996=EDGE_LOOP('',(#9997,#9998,#9999));
#9997=ORIENTED_EDGE('',*,*,#10000,.T.);
#9998=ORIENTED_EDGE('',*,*,#10001,.T.);
#9999=ORIENTED_EDGE('',*,*,#10002,.T.);
#10000=EDGE_CURVE('',#737,#315,#10003,.F.);
#10001=EDGE_CURVE('',#315,#303,#10004,.T.);
#10002=EDGE_CURVE('',#303,#737,#10005,.T.);
#10003=LINE('',#736,#10006);
#10004=LINE('',#314,#10007);
#10005=LINE('',#302,#10008);
#10006=VECTOR('',#10009,1.0);
#10007=VECTOR('',#10010,1.0);
#10008=VECTOR('',#10011,1.0);
#10009=DIRECTION('',(0,0,1));
#10010=DIRECTION('',(-0.8306300800387705,-0.5568246314009337,0));
#10011=DIRECTION('',(0.17498292315375755,0.11730227935159908,-0.9775587715649047));
#10012=FACE_SURFACE('',(#10017),#10013,.T.);
#10013=PLANE('',#10014);
#10014=AXIS2_PLACEMENT_3D('',#736,#10015,#10016);
#10015=DIRECTION('',(0.5568246314009337,-0.8306300800387705,0));
#10016=DIRECTION('',(-0.17498292315375755,-0.11730227935159908,0.9775587715649047));
#10017=FACE_BOUND('',#10018,.T.);
#10018=EDGE_LOOP('',(#10019,#10020,#10021));
#10019=ORIENTED_EDGE('',*,*,#10022,.T.);
#10020=ORIENTED_EDGE('',*,*,#10023,.T.);
#10021=ORIENTED_EDGE('',*,*,#10024,.T.);
#10022=EDGE_CURVE('',#737,#303,#10025,.F.);
#10023=EDGE_CURVE('',#303,#731,#10026,.T.);
#10024=EDGE_CURVE('',#731,#737,#10027,.T.);
#10025=LINE('',#736,#10028);
#10026=LINE('',#302,#10029);
#10027=LINE('',#730,#10030);
#10028=VECTOR('',#10031,1.0);
#10029=VECTOR('',#10032,1.0);
#10030=VECTOR('',#10033,1.0);
#10031=DIRECTION('',(-0.17498292315375755,-0.11730227935159908,0.9775587715649047));
#10032=DIRECTION('',(0,0,-1));
#10033=DIRECTION('',(0.8306300800387705,0.5568246314009337,0));
#10034=FACE_SURFACE('',(#10039),#10035,.T.);
#10035=PLANE('',#10036);
#10036=AXIS2_PLACEMENT_3D('',#156,#10037,#10038);
#10037=DIRECTION('',(0,-0,-1));
#10038=DIRECTION('',(0.8306150775948853,0.5568470102928118,0));
#10039=FACE_BOUND('',#10040,.T.);
#10040=EDGE_LOOP('',(#10041,#10042,#10043));
#10041=ORIENTED_EDGE('',*,*,#10044,.T.);
#10042=ORIENTED_EDGE('',*,*,#10045,.T.);
#10043=ORIENTED_EDGE('',*,*,#10046,.T.);
#10044=EDGE_CURVE('',#157,#155,#10047,.F.);
#10045=EDGE_CURVE('',#155,#175,#10048,.T.);
#10046=EDGE_CURVE('',#175,#157,#10049,.T.);
#10047=LINE('',#156,#10050);
#10048=LINE('',#154,#10051);
#10049=LINE('',#174,#10052);
#10050=VECTOR('',#10053,1.0);
#10051=VECTOR('',#10054,1.0);
#10052=VECTOR('',#10055,1.0);
#10053=DIRECTION('',(0.8306150775948853,0.5568470102928118,0));
#10054=DIRECTION('',(-0.21158773380084994,-0.9773590081976125,0));
#10055=DIRECTION('',(0.20627076130802724,0.9784949529912799,0));
#10056=FACE_SURFACE('',(#10061),#10057,.T.);
#10057=PLANE('',#10058);
#10058=AXIS2_PLACEMENT_3D('',#672,#10059,#10060);
#10059=DIRECTION('',(-0,0,1));
#10060=DIRECTION('',(0.9719230671784992,-0.23529885568429493,0));
#10061=FACE_BOUND('',#10062,.T.);
#10062=EDGE_LOOP('',(#10063,#10064,#10065));
#10063=ORIENTED_EDGE('',*,*,#10066,.T.);
#10064=ORIENTED_EDGE('',*,*,#10067,.T.);
#10065=ORIENTED_EDGE('',*,*,#10068,.T.);
#10066=EDGE_CURVE('',#673,#95,#10069,.F.);
#10067=EDGE_CURVE('',#95,#739,#10070,.T.);
#10068=EDGE_CURVE('',#739,#673,#10071,.T.);
#10069=LINE('',#672,#10072);
#10070=LINE('',#94,#10073);
#10071=LINE('',#738,#10074);
#10072=VECTOR('',#10075,1.0);
#10073=VECTOR('',#10076,1.0);
#10074=VECTOR('',#10077,1.0);
#10075=DIRECTION('',(0.9719230671784992,-0.23529885568429493,0));
#10076=DIRECTION('',(-0.955847423279583,0.29386340944354006,0));
#10077=DIRECTION('',(-0.439797105273203,-0.8980971585487348,0));
#10078=FACE_SURFACE('',(#10083),#10079,.T.);
#10079=PLANE('',#10080);
#10080=AXIS2_PLACEMENT_3D('',#740,#10081,#10082);
#10081=DIRECTION('',(0.44351587208692467,-0.8962665179548852,0));
#10082=DIRECTION('',(0,0,1));
#10083=FACE_BOUND('',#10084,.T.);
#10084=EDGE_LOOP('',(#10085,#10086,#10087));
#10085=ORIENTED_EDGE('',*,*,#10088,.T.);
#10086=ORIENTED_EDGE('',*,*,#10089,.T.);
#10087=ORIENTED_EDGE('',*,*,#10090,.T.);
#10088=EDGE_CURVE('',#741,#321,#10091,.F.);
#10089=EDGE_CURVE('',#321,#315,#10092,.T.);
#10090=EDGE_CURVE('',#315,#741,#10093,.T.);
#10091=LINE('',#740,#10094);
#10092=LINE('',#320,#10095);
#10093=LINE('',#314,#10096);
#10094=VECTOR('',#10097,1.0);
#10095=VECTOR('',#10098,1.0);
#10096=VECTOR('',#10099,1.0);
#10097=DIRECTION('',(0,0,1));
#10098=DIRECTION('',(-0.8962665179548853,-0.4435158720869247,0));
#10099=DIRECTION('',(0.1896092788843222,0.09382781013848616,-0.9773661869563443));
#10100=FACE_SURFACE('',(#10105),#10101,.T.);
#10101=PLANE('',#10102);
#10102=AXIS2_PLACEMENT_3D('',#740,#10103,#10104);
#10103=DIRECTION('',(0.44351587208692467,-0.8962665179548852,0));
#10104=DIRECTION('',(-0.1896092788843222,-0.09382781013848616,0.9773661869563443));
#10105=FACE_BOUND('',#10106,.T.);
#10106=EDGE_LOOP('',(#10107,#10108,#10109));
#10107=ORIENTED_EDGE('',*,*,#10110,.T.);
#10108=ORIENTED_EDGE('',*,*,#10111,.T.);
#10109=ORIENTED_EDGE('',*,*,#10112,.T.);
#10110=EDGE_CURVE('',#741,#315,#10113,.F.);
#10111=EDGE_CURVE('',#315,#737,#10114,.T.);
#10112=EDGE_CURVE('',#737,#741,#10115,.T.);
#10113=LINE('',#740,#10116);
#10114=LINE('',#314,#10117);
#10115=LINE('',#736,#10118);
#10116=VECTOR('',#10119,1.0);
#10117=VECTOR('',#10120,1.0);
#10118=VECTOR('',#10121,1.0);
#10119=DIRECTION('',(-0.1896092788843222,-0.09382781013848616,0.9773661869563443));
#10120=DIRECTION('',(0,0,-1));
#10121=DIRECTION('',(0.8962665179548853,0.4435158720869247,0));
#10122=FACE_SURFACE('',(#10127),#10123,.T.);
#10123=PLANE('',#10124);
#10124=AXIS2_PLACEMENT_3D('',#170,#10125,#10126);
#10125=DIRECTION('',(0,-0,-1));
#10126=DIRECTION('',(0.8962665179548853,0.4435158720869247,0));
#10127=FACE_BOUND('',#10128,.T.);
#10128=EDGE_LOOP('',(#10129,#10130,#10131));
#10129=ORIENTED_EDGE('',*,*,#10132,.T.);
#10130=ORIENTED_EDGE('',*,*,#10133,.T.);
#10131=ORIENTED_EDGE('',*,*,#10134,.T.);
#10132=EDGE_CURVE('',#171,#157,#10135,.F.);
#10133=EDGE_CURVE('',#157,#175,#10136,.T.);
#10134=EDGE_CURVE('',#175,#171,#10137,.T.);
#10135=LINE('',#170,#10138);
#10136=LINE('',#156,#10139);
#10137=LINE('',#174,#10140);
#10138=VECTOR('',#10141,1.0);
#10139=VECTOR('',#10142,1.0);
#10140=VECTOR('',#10143,1.0);
#10141=DIRECTION('',(0.8962665179548853,0.4435158720869247,0));
#10142=DIRECTION('',(-0.20627076130802724,-0.9784949529912799,0));
#10143=DIRECTION('',(0.2001891562913539,0.9797572667264867,0));
#10144=FACE_SURFACE('',(#10149),#10145,.T.);
#10145=PLANE('',#10146);
#10146=AXIS2_PLACEMENT_3D('',#646,#10147,#10148);
#10147=DIRECTION('',(0,-0,-1));
#10148=DIRECTION('',(0.8817140922909963,-0.47178412378487744,0));
#10149=FACE_BOUND('',#10150,.T.);
#10150=EDGE_LOOP('',(#10151,#10152,#10153));
#10151=ORIENTED_EDGE('',*,*,#10154,.T.);
#10152=ORIENTED_EDGE('',*,*,#10155,.T.);
#10153=ORIENTED_EDGE('',*,*,#10156,.T.);
#10154=EDGE_CURVE('',#647,#169,#10157,.F.);
#10155=EDGE_CURVE('',#169,#655,#10158,.T.);
#10156=EDGE_CURVE('',#655,#647,#10159,.T.);
#10157=LINE('',#646,#10160);
#10158=LINE('',#168,#10161);
#10159=LINE('',#654,#10162);
#10160=VECTOR('',#10163,1.0);
#10161=VECTOR('',#10164,1.0);
#10162=VECTOR('',#10165,1.0);
#10163=DIRECTION('',(0.8817140922909963,-0.47178412378487744,0));
#10164=DIRECTION('',(-0.8902275771466693,0.45551603801356,0));
#10165=DIRECTION('',(0.7517262922573307,0.6594752319299386,0));
#10166=FACE_SURFACE('',(#10171),#10167,.T.);
#10167=PLANE('',#10168);
#10168=AXIS2_PLACEMENT_3D('',#742,#10169,#10170);
#10169=DIRECTION('',(0.31900145061292456,-0.9477542268472611,0));
#10170=DIRECTION('',(0,0,1));
#10171=FACE_BOUND('',#10172,.T.);
#10172=EDGE_LOOP('',(#10173,#10174,#10175));
#10173=ORIENTED_EDGE('',*,*,#10176,.T.);
#10174=ORIENTED_EDGE('',*,*,#10177,.T.);
#10175=ORIENTED_EDGE('',*,*,#10178,.T.);
#10176=EDGE_CURVE('',#743,#327,#10179,.F.);
#10177=EDGE_CURVE('',#327,#321,#10180,.T.);
#10178=EDGE_CURVE('',#321,#743,#10181,.T.);
#10179=LINE('',#742,#10182);
#10180=LINE('',#326,#10183);
#10181=LINE('',#320,#10184);
#10182=VECTOR('',#10185,1.0);
#10183=VECTOR('',#10186,1.0);
#10184=VECTOR('',#10187,1.0);
#10185=DIRECTION('',(0,0,1));
#10186=DIRECTION('',(-0.9477542268472612,-0.31900145061292456,0));
#10187=DIRECTION('',(0.20036633119267114,0.06744063861057575,-0.9773971012787926));
#10188=FACE_SURFACE('',(#10193),#10189,.T.);
#10189=PLANE('',#10190);
#10190=AXIS2_PLACEMENT_3D('',#742,#10191,#10192);
#10191=DIRECTION('',(0.31900145061292456,-0.9477542268472611,0));
#10192=DIRECTION('',(-0.20036633119267114,-0.06744063861057575,0.9773971012787926));
#10193=FACE_BOUND('',#10194,.T.);
#10194=EDGE_LOOP('',(#10195,#10196,#10197));
#10195=ORIENTED_EDGE('',*,*,#10198,.T.);
#10196=ORIENTED_EDGE('',*,*,#10199,.T.);
#10197=ORIENTED_EDGE('',*,*,#10200,.T.);
#10198=EDGE_CURVE('',#743,#321,#10201,.F.);
#10199=EDGE_CURVE('',#321,#741,#10202,.T.);
#10200=EDGE_CURVE('',#741,#743,#10203,.T.);
#10201=LINE('',#742,#10204);
#10202=LINE('',#320,#10205);
#10203=LINE('',#740,#10206);
#10204=VECTOR('',#10207,1.0);
#10205=VECTOR('',#10208,1.0);
#10206=VECTOR('',#10209,1.0);
#10207=DIRECTION('',(-0.20036633119267114,-0.06744063861057575,0.9773971012787926));
#10208=DIRECTION('',(0,0,-1));
#10209=DIRECTION('',(0.9477542268472612,0.31900145061292456,0));
#10210=FACE_SURFACE('',(#10215),#10211,.T.);
#10211=PLANE('',#10212);
#10212=AXIS2_PLACEMENT_3D('',#732,#10213,#10214);
#10213=DIRECTION('',(0,0,1));
#10214=DIRECTION('',(-0.3245594540994282,-0.9458652973625161,0));
#10215=FACE_BOUND('',#10216,.T.);
#10216=EDGE_LOOP('',(#10217,#10218,#10219));
#10217=ORIENTED_EDGE('',*,*,#10220,.T.);
#10218=ORIENTED_EDGE('',*,*,#10221,.T.);
#10219=ORIENTED_EDGE('',*,*,#10222,.T.);
#10220=EDGE_CURVE('',#733,#739,#10223,.F.);
#10221=EDGE_CURVE('',#739,#95,#10224,.T.);
#10222=EDGE_CURVE('',#95,#733,#10225,.T.);
#10223=LINE('',#732,#10226);
#10224=LINE('',#738,#10227);
#10225=LINE('',#94,#10228);
#10226=VECTOR('',#10229,1.0);
#10227=VECTOR('',#10230,1.0);
#10228=VECTOR('',#10231,1.0);
#10229=DIRECTION('',(-0.3245594540994282,-0.9458652973625161,0));
#10230=DIRECTION('',(0.955847423279583,-0.29386340944354006,0));
#10231=DIRECTION('',(-0.9357719804991884,0.35260572955161473,0));
#10232=FACE_SURFACE('',(#10237),#10233,.T.);
#10233=PLANE('',#10234);
#10234=AXIS2_PLACEMENT_3D('',#744,#10235,#10236);
#10235=DIRECTION('',(0,-0,-1));
#10236=DIRECTION('',(0.885487953419485,-0.4646623336886387,0));
#10237=FACE_BOUND('',#10238,.T.);
#10238=EDGE_LOOP('',(#10239,#10240,#10241));
#10239=ORIENTED_EDGE('',*,*,#10242,.T.);
#10240=ORIENTED_EDGE('',*,*,#10243,.T.);
#10241=ORIENTED_EDGE('',*,*,#10244,.T.);
#10242=EDGE_CURVE('',#745,#37,#10245,.F.);
#10243=EDGE_CURVE('',#37,#747,#10246,.T.);
#10244=EDGE_CURVE('',#747,#745,#10247,.T.);
#10245=LINE('',#744,#10248);
#10246=LINE('',#36,#10249);
#10247=LINE('',#746,#10250);
#10248=VECTOR('',#10251,1.0);
#10249=VECTOR('',#10252,1.0);
#10250=VECTOR('',#10253,1.0);
#10251=DIRECTION('',(0.885487953419485,-0.4646623336886387,0));
#10252=DIRECTION('',(-0.9132269727917329,0.4074512193694447,0));
#10253=DIRECTION('',(0.896268269335095,0.443512332842136,0));
#10254=FACE_SURFACE('',(#10259),#10255,.T.);
#10255=PLANE('',#10256);
#10256=AXIS2_PLACEMENT_3D('',#748,#10257,#10258);
#10257=DIRECTION('',(0,0,-1));
#10258=DIRECTION('',(0.9477551241768418,0.31899878463175874,0));
#10259=FACE_BOUND('',#10260,.T.);
#10260=EDGE_LOOP('',(#10261,#10262,#10263));
#10261=ORIENTED_EDGE('',*,*,#10264,.T.);
#10262=ORIENTED_EDGE('',*,*,#10265,.T.);
#10263=ORIENTED_EDGE('',*,*,#10266,.T.);
#10264=EDGE_CURVE('',#749,#747,#10267,.F.);
#10265=EDGE_CURVE('',#747,#37,#10268,.T.);
#10266=EDGE_CURVE('',#37,#749,#10269,.T.);
#10267=LINE('',#748,#10270);
#10268=LINE('',#746,#10271);
#10269=LINE('',#36,#10272);
#10270=VECTOR('',#10273,1.0);
#10271=VECTOR('',#10274,1.0);
#10272=VECTOR('',#10275,1.0);
#10273=DIRECTION('',(0.9477551241768418,0.31899878463175874,0));
#10274=DIRECTION('',(0.9132269727917329,-0.4074512193694447,0));
#10275=DIRECTION('',(-0.9325309058356552,0.3610901683254924,0));
#10276=FACE_SURFACE('',(#10281),#10277,.T.);
#10277=PLANE('',#10278);
#10278=AXIS2_PLACEMENT_3D('',#664,#10279,#10280);
#10279=DIRECTION('',(0,-0,-1));
#10280=DIRECTION('',(0.14775106616202588,-0.9890245813163516,0));
#10281=FACE_BOUND('',#10282,.T.);
#10282=EDGE_LOOP('',(#10283,#10284,#10285));
#10283=ORIENTED_EDGE('',*,*,#10286,.T.);
#10284=ORIENTED_EDGE('',*,*,#10287,.T.);
#10285=ORIENTED_EDGE('',*,*,#10288,.T.);
#10286=EDGE_CURVE('',#665,#143,#10289,.F.);
#10287=EDGE_CURVE('',#143,#677,#10290,.T.);
#10288=EDGE_CURVE('',#677,#665,#10291,.T.);
#10289=LINE('',#664,#10292);
#10290=LINE('',#142,#10293);
#10291=LINE('',#676,#10294);
#10292=VECTOR('',#10295,1.0);
#10293=VECTOR('',#10296,1.0);
#10294=VECTOR('',#10297,1.0);
#10295=DIRECTION('',(0.14775106616202588,-0.9890245813163516,0));
#10296=DIRECTION('',(-0.1552532122727595,0.9878747086948777,0));
#10297=DIRECTION('',(0.896265651280645,0.44351762347676926,0));
#10298=FACE_SURFACE('',(#10303),#10299,.T.);
#10299=PLANE('',#10300);
#10300=AXIS2_PLACEMENT_3D('',#654,#10301,#10302);
#10301=DIRECTION('',(0,-0,-1));
#10302=DIRECTION('',(0.14069330053806064,-0.9900532284598171,0));
#10303=FACE_BOUND('',#10304,.T.);
#10304=EDGE_LOOP('',(#10305,#10306,#10307));
#10305=ORIENTED_EDGE('',*,*,#10308,.T.);
#10306=ORIENTED_EDGE('',*,*,#10309,.T.);
#10307=ORIENTED_EDGE('',*,*,#10310,.T.);
#10308=EDGE_CURVE('',#655,#143,#10311,.F.);
#10309=EDGE_CURVE('',#143,#665,#10312,.T.);
#10310=EDGE_CURVE('',#665,#655,#10313,.T.);
#10311=LINE('',#654,#10314);
#10312=LINE('',#142,#10315);
#10313=LINE('',#664,#10316);
#10314=VECTOR('',#10317,1.0);
#10315=VECTOR('',#10318,1.0);
#10316=VECTOR('',#10319,1.0);
#10317=DIRECTION('',(0.14069330053806064,-0.9900532284598171,0));
#10318=DIRECTION('',(-0.14775106616202588,0.9890245813163516,0));
#10319=DIRECTION('',(0.8306137053899658,0.5568490571226201,0));
#10320=FACE_SURFACE('',(#10325),#10321,.T.);
#10321=PLANE('',#10322);
#10322=AXIS2_PLACEMENT_3D('',#750,#10323,#10324);
#10323=DIRECTION('',(0.19433545580907408,-0.9809351306867745,0));
#10324=DIRECTION('',(0,0,1));
#10325=FACE_BOUND('',#10326,.T.);
#10326=EDGE_LOOP('',(#10327,#10328,#10329));
#10327=ORIENTED_EDGE('',*,*,#10330,.T.);
#10328=ORIENTED_EDGE('',*,*,#10331,.T.);
#10329=ORIENTED_EDGE('',*,*,#10332,.T.);
#10330=EDGE_CURVE('',#751,#339,#10333,.F.);
#10331=EDGE_CURVE('',#339,#327,#10334,.T.);
#10332=EDGE_CURVE('',#327,#751,#10335,.T.);
#10333=LINE('',#750,#10336);
#10334=LINE('',#338,#10337);
#10335=LINE('',#326,#10338);
#10336=VECTOR('',#10339,1.0);
#10337=VECTOR('',#10340,1.0);
#10338=VECTOR('',#10341,1.0);
#10339=DIRECTION('',(0,0,1));
#10340=DIRECTION('',(-0.9809351306867745,-0.19433545580907408,0));
#10341=DIRECTION('',(0.20721580767969422,0.04105203002372371,-0.9774335475512305));
#10342=FACE_SURFACE('',(#10347),#10343,.T.);
#10343=PLANE('',#10344);
#10344=AXIS2_PLACEMENT_3D('',#750,#10345,#10346);
#10345=DIRECTION('',(0.19433545580907408,-0.9809351306867745,0));
#10346=DIRECTION('',(-0.20721580767969422,-0.04105203002372371,0.9774335475512305));
#10347=FACE_BOUND('',#10348,.T.);
#10348=EDGE_LOOP('',(#10349,#10350,#10351));
#10349=ORIENTED_EDGE('',*,*,#10352,.T.);
#10350=ORIENTED_EDGE('',*,*,#10353,.T.);
#10351=ORIENTED_EDGE('',*,*,#10354,.T.);
#10352=EDGE_CURVE('',#751,#327,#10355,.F.);
#10353=EDGE_CURVE('',#327,#743,#10356,.T.);
#10354=EDGE_CURVE('',#743,#751,#10357,.T.);
#10355=LINE('',#750,#10358);
#10356=LINE('',#326,#10359);
#10357=LINE('',#742,#10360);
#10358=VECTOR('',#10361,1.0);
#10359=VECTOR('',#10362,1.0);
#10360=VECTOR('',#10363,1.0);
#10361=DIRECTION('',(-0.20721580767969422,-0.04105203002372371,0.9774335475512305));
#10362=DIRECTION('',(0,0,-1));
#10363=DIRECTION('',(0.9809351306867745,0.19433545580907408,0));
#10364=FACE_SURFACE('',(#10369),#10365,.T.);
#10365=PLANE('',#10366);
#10366=AXIS2_PLACEMENT_3D('',#186,#10367,#10368);
#10367=DIRECTION('',(0,-0,-1));
#10368=DIRECTION('',(0.9477551241768418,0.31899878463175874,0));
#10369=FACE_BOUND('',#10370,.T.);
#10370=EDGE_LOOP('',(#10371,#10372,#10373));
#10371=ORIENTED_EDGE('',*,*,#10374,.T.);
#10372=ORIENTED_EDGE('',*,*,#10375,.T.);
#10373=ORIENTED_EDGE('',*,*,#10376,.T.);
#10374=EDGE_CURVE('',#187,#171,#10377,.F.);
#10375=EDGE_CURVE('',#171,#175,#10378,.T.);
#10376=EDGE_CURVE('',#175,#187,#10379,.T.);
#10377=LINE('',#186,#10380);
#10378=LINE('',#170,#10381);
#10379=LINE('',#174,#10382);
#10380=VECTOR('',#10383,1.0);
#10381=VECTOR('',#10384,1.0);
#10382=VECTOR('',#10385,1.0);
#10383=DIRECTION('',(0.9477551241768418,0.31899878463175874,0));
#10384=DIRECTION('',(-0.2001891562913539,-0.9797572667264867,0));
#10385=DIRECTION('',(0.19346355168866228,0.9811074631089136,0));
#10386=FACE_SURFACE('',(#10391),#10387,.T.);
#10387=PLANE('',#10388);
#10388=AXIS2_PLACEMENT_3D('',#752,#10389,#10390);
#10389=DIRECTION('',(0,0,-1));
#10390=DIRECTION('',(0.980934797379759,0.1943371382148333,0));
#10391=FACE_BOUND('',#10392,.T.);
#10392=EDGE_LOOP('',(#10393,#10394,#10395));
#10393=ORIENTED_EDGE('',*,*,#10396,.T.);
#10394=ORIENTED_EDGE('',*,*,#10397,.T.);
#10395=ORIENTED_EDGE('',*,*,#10398,.T.);
#10396=EDGE_CURVE('',#753,#749,#10399,.F.);
#10397=EDGE_CURVE('',#749,#37,#10400,.T.);
#10398=EDGE_CURVE('',#37,#753,#10401,.T.);
#10399=LINE('',#752,#10402);
#10400=LINE('',#748,#10403);
#10401=LINE('',#36,#10404);
#10402=VECTOR('',#10405,1.0);
#10403=VECTOR('',#10406,1.0);
#10404=VECTOR('',#10407,1.0);
#10405=DIRECTION('',(0.980934797379759,0.1943371382148333,0));
#10406=DIRECTION('',(0.9325309058356552,-0.3610901683254924,0));
#10407=DIRECTION('',(-0.9453455126871521,0.32607033235525384,0));
#10408=FACE_SURFACE('',(#10413),#10409,.T.);
#10409=PLANE('',#10410);
#10410=AXIS2_PLACEMENT_3D('',#686,#10411,#10412);
#10411=DIRECTION('',(0,-0,-1));
#10412=DIRECTION('',(0.16301726229564123,-0.9866232169342226,0));
#10413=FACE_BOUND('',#10414,.T.);
#10414=EDGE_LOOP('',(#10415,#10416,#10417));
#10415=ORIENTED_EDGE('',*,*,#10418,.T.);
#10416=ORIENTED_EDGE('',*,*,#10419,.T.);
#10417=ORIENTED_EDGE('',*,*,#10420,.T.);
#10418=EDGE_CURVE('',#687,#143,#10421,.F.);
#10419=EDGE_CURVE('',#143,#333,#10422,.T.);
#10420=EDGE_CURVE('',#333,#687,#10423,.T.);
#10421=LINE('',#686,#10424);
#10422=LINE('',#142,#10425);
#10423=LINE('',#332,#10426);
#10424=VECTOR('',#10427,1.0);
#10425=VECTOR('',#10428,1.0);
#10426=VECTOR('',#10429,1.0);
#10427=DIRECTION('',(0.16301726229564123,-0.9866232169342226,0));
#10428=DIRECTION('',(-0.1708741099881839,0.985292869422968,0));
#10429=DIRECTION('',(0.9809351306867745,0.19433545580907408,0));
#10430=FACE_SURFACE('',(#10435),#10431,.T.);
#10431=PLANE('',#10432);
#10432=AXIS2_PLACEMENT_3D('',#676,#10433,#10434);
#10433=DIRECTION('',(0,-0,-1));
#10434=DIRECTION('',(0.1552532122727595,-0.9878747086948777,0));
#10435=FACE_BOUND('',#10436,.T.);
#10436=EDGE_LOOP('',(#10437,#10438,#10439));
#10437=ORIENTED_EDGE('',*,*,#10440,.T.);
#10438=ORIENTED_EDGE('',*,*,#10441,.T.);
#10439=ORIENTED_EDGE('',*,*,#10442,.T.);
#10440=EDGE_CURVE('',#677,#143,#10443,.F.);
#10441=EDGE_CURVE('',#143,#687,#10444,.T.);
#10442=EDGE_CURVE('',#687,#677,#10445,.T.);
#10443=LINE('',#676,#10446);
#10444=LINE('',#142,#10447);
#10445=LINE('',#686,#10448);
#10446=VECTOR('',#10449,1.0);
#10447=VECTOR('',#10450,1.0);
#10448=VECTOR('',#10451,1.0);
#10449=DIRECTION('',(0.1552532122727595,-0.9878747086948777,0));
#10450=DIRECTION('',(-0.16301726229564123,0.9866232169342226,0));
#10451=DIRECTION('',(0.9477546755148638,0.3190001176170871,0));
#10452=FACE_SURFACE('',(#10457),#10453,.T.);
#10453=PLANE('',#10454);
#10454=AXIS2_PLACEMENT_3D('',#754,#10455,#10456);
#10455=DIRECTION('',(0,0,-1));
#10456=DIRECTION('',(-0.10462501782368791,0.9945117423366066,0));
#10457=FACE_BOUND('',#10458,.T.);
#10458=EDGE_LOOP('',(#10459,#10460,#10461));
#10459=ORIENTED_EDGE('',*,*,#10462,.T.);
#10460=ORIENTED_EDGE('',*,*,#10463,.T.);
#10461=ORIENTED_EDGE('',*,*,#10464,.T.);
#10462=EDGE_CURVE('',#755,#175,#10465,.F.);
#10463=EDGE_CURVE('',#175,#757,#10466,.T.);
#10464=EDGE_CURVE('',#757,#755,#10467,.T.);
#10465=LINE('',#754,#10468);
#10466=LINE('',#174,#10469);
#10467=LINE('',#756,#10470);
#10468=VECTOR('',#10471,1.0);
#10469=VECTOR('',#10472,1.0);
#10470=VECTOR('',#10473,1.0);
#10471=DIRECTION('',(-0.10462501782368791,0.9945117423366066,0));
#10472=DIRECTION('',(0.10678480437021977,-0.9942821559072725,0));
#10473=DIRECTION('',(-0.6617893360880593,0.7496898522990194,0));
#10474=FACE_SURFACE('',(#10479),#10475,.T.);
#10475=PLANE('',#10476);
#10476=AXIS2_PLACEMENT_3D('',#338,#10477,#10478);
#10477=DIRECTION('',(0.069595395452034,-0.9975753008830336,0));
#10478=DIRECTION('',(0,0,-1));
#10479=FACE_BOUND('',#10480,.T.);
#10480=EDGE_LOOP('',(#10481,#10482,#10483));
#10481=ORIENTED_EDGE('',*,*,#10484,.T.);
#10482=ORIENTED_EDGE('',*,*,#10485,.T.);
#10483=ORIENTED_EDGE('',*,*,#10486,.T.);
#10484=EDGE_CURVE('',#339,#751,#10487,.F.);
#10485=EDGE_CURVE('',#751,#759,#10488,.T.);
#10486=EDGE_CURVE('',#759,#339,#10489,.T.);
#10487=LINE('',#338,#10490);
#10488=LINE('',#750,#10491);
#10489=LINE('',#758,#10492);
#10490=VECTOR('',#10493,1.0);
#10491=VECTOR('',#10494,1.0);
#10492=VECTOR('',#10495,1.0);
#10493=DIRECTION('',(0,0,-1));
#10494=DIRECTION('',(0.9975753008830336,0.069595395452034,0));
#10495=DIRECTION('',(-0.21017425524384495,-0.014662713074977348,0.9775539817718385));
#10496=FACE_SURFACE('',(#10501),#10497,.T.);
#10497=PLANE('',#10498);
#10498=AXIS2_PLACEMENT_3D('',#338,#10499,#10500);
#10499=DIRECTION('',(0.069595395452034,-0.9975753008830336,0));
#10500=DIRECTION('',(0.21017425524384495,0.014662713074977348,-0.9775539817718385));
#10501=FACE_BOUND('',#10502,.T.);
#10502=EDGE_LOOP('',(#10503,#10504,#10505));
#10503=ORIENTED_EDGE('',*,*,#10506,.T.);
#10504=ORIENTED_EDGE('',*,*,#10507,.T.);
#10505=ORIENTED_EDGE('',*,*,#10508,.T.);
#10506=EDGE_CURVE('',#339,#759,#10509,.F.);
#10507=EDGE_CURVE('',#759,#341,#10510,.T.);
#10508=EDGE_CURVE('',#341,#339,#10511,.T.);
#10509=LINE('',#338,#10512);
#10510=LINE('',#758,#10513);
#10511=LINE('',#340,#10514);
#10512=VECTOR('',#10515,1.0);
#10513=VECTOR('',#10516,1.0);
#10514=VECTOR('',#10517,1.0);
#10515=DIRECTION('',(0.21017425524384495,0.014662713074977348,-0.9775539817718385));
#10516=DIRECTION('',(0,0,1));
#10517=DIRECTION('',(-0.9975753008830336,-0.069595395452034,0));
#10518=FACE_SURFACE('',(#10523),#10519,.T.);
#10519=PLANE('',#10520);
#10520=AXIS2_PLACEMENT_3D('',#608,#10521,#10522);
#10521=DIRECTION('',(0,0,-1));
#10522=DIRECTION('',(-0.5276756475757105,0.8494459435158629,0));
#10523=FACE_BOUND('',#10524,.T.);
#10524=EDGE_LOOP('',(#10525,#10526,#10527));
#10525=ORIENTED_EDGE('',*,*,#10528,.T.);
#10526=ORIENTED_EDGE('',*,*,#10529,.T.);
#10527=ORIENTED_EDGE('',*,*,#10530,.T.);
#10528=EDGE_CURVE('',#609,#45,#10531,.F.);
#10529=EDGE_CURVE('',#45,#691,#10532,.T.);
#10530=EDGE_CURVE('',#691,#609,#10533,.T.);
#10531=LINE('',#608,#10534);
#10532=LINE('',#44,#10535);
#10533=LINE('',#690,#10536);
#10534=VECTOR('',#10537,1.0);
#10535=VECTOR('',#10538,1.0);
#10536=VECTOR('',#10539,1.0);
#10537=DIRECTION('',(-0.5276756475757105,0.8494459435158629,0));
#10538=DIRECTION('',(0.5731157235206228,-0.8194744458818916,0));
#10539=DIRECTION('',(-0.19434138429525746,-0.9809339561612714,0));
#10540=FACE_SURFACE('',(#10545),#10541,.T.);
#10541=PLANE('',#10542);
#10542=AXIS2_PLACEMENT_3D('',#760,#10543,#10544);
#10543=DIRECTION('',(0,-0,1));
#10544=DIRECTION('',(0.10462503422761073,0.9945117406108746,0));
#10545=FACE_BOUND('',#10546,.T.);
#10546=EDGE_LOOP('',(#10547,#10548,#10549));
#10547=ORIENTED_EDGE('',*,*,#10550,.T.);
#10548=ORIENTED_EDGE('',*,*,#10551,.T.);
#10549=ORIENTED_EDGE('',*,*,#10552,.T.);
#10550=EDGE_CURVE('',#761,#181,#10553,.F.);
#10551=EDGE_CURVE('',#181,#653,#10554,.T.);
#10552=EDGE_CURVE('',#653,#761,#10555,.T.);
#10553=LINE('',#760,#10556);
#10554=LINE('',#180,#10557);
#10555=LINE('',#652,#10558);
#10556=VECTOR('',#10559,1.0);
#10557=VECTOR('',#10560,1.0);
#10558=VECTOR('',#10561,1.0);
#10559=DIRECTION('',(0.10462503422761073,0.9945117406108746,0));
#10560=DIRECTION('',(-0.10678472263893181,-0.9942821646851191,0));
#10561=DIRECTION('',(0.6617744529869125,0.7497029901059971,0));
#10562=FACE_SURFACE('',(#10567),#10563,.T.);
#10563=PLANE('',#10564);
#10564=AXIS2_PLACEMENT_3D('',#762,#10565,#10566);
#10565=DIRECTION('',(-0.0692749199208856,-0.9975976069888874,0));
#10566=DIRECTION('',(0,0,1));
#10567=FACE_BOUND('',#10568,.T.);
#10568=EDGE_LOOP('',(#10569,#10570,#10571));
#10569=ORIENTED_EDGE('',*,*,#10572,.T.);
#10570=ORIENTED_EDGE('',*,*,#10573,.T.);
#10571=ORIENTED_EDGE('',*,*,#10574,.T.);
#10572=EDGE_CURVE('',#763,#427,#10575,.F.);
#10573=EDGE_CURVE('',#427,#341,#10576,.T.);
#10574=EDGE_CURVE('',#341,#763,#10577,.T.);
#10575=LINE('',#762,#10578);
#10576=LINE('',#426,#10579);
#10577=LINE('',#340,#10580);
#10578=VECTOR('',#10581,1.0);
#10579=VECTOR('',#10582,1.0);
#10580=VECTOR('',#10583,1.0);
#10581=DIRECTION('',(0,0,1));
#10582=DIRECTION('',(-0.9975976069888874,0.06927491992088561,0));
#10583=DIRECTION('',(0.2111078262646484,-0.014659696110636979,-0.9773528426314412));
#10584=FACE_SURFACE('',(#10589),#10585,.T.);
#10585=PLANE('',#10586);
#10586=AXIS2_PLACEMENT_3D('',#762,#10587,#10588);
#10587=DIRECTION('',(-0.0692749199208856,-0.9975976069888874,0));
#10588=DIRECTION('',(-0.2111078262646484,0.014659696110636979,0.9773528426314412));
#10589=FACE_BOUND('',#10590,.T.);
#10590=EDGE_LOOP('',(#10591,#10592,#10593));
#10591=ORIENTED_EDGE('',*,*,#10594,.T.);
#10592=ORIENTED_EDGE('',*,*,#10595,.T.);
#10593=ORIENTED_EDGE('',*,*,#10596,.T.);
#10594=EDGE_CURVE('',#763,#341,#10597,.F.);
#10595=EDGE_CURVE('',#341,#759,#10598,.T.);
#10596=EDGE_CURVE('',#759,#763,#10599,.T.);
#10597=LINE('',#762,#10600);
#10598=LINE('',#340,#10601);
#10599=LINE('',#758,#10602);
#10600=VECTOR('',#10603,1.0);
#10601=VECTOR('',#10604,1.0);
#10602=VECTOR('',#10605,1.0);
#10603=DIRECTION('',(-0.2111078262646484,0.014659696110636979,0.9773528426314412));
#10604=DIRECTION('',(0,0,-1));
#10605=DIRECTION('',(0.9975976069888874,-0.06927491992088561,0));
#10606=FACE_SURFACE('',(#10611),#10607,.T.);
#10607=PLANE('',#10608);
#10608=AXIS2_PLACEMENT_3D('',#230,#10609,#10610);
#10609=DIRECTION('',(0,-0,-1));
#10610=DIRECTION('',(0.4918517368217741,0.8706789701063212,0));
#10611=FACE_BOUND('',#10612,.T.);
#10612=EDGE_LOOP('',(#10613,#10614,#10615));
#10613=ORIENTED_EDGE('',*,*,#10616,.T.);
#10614=ORIENTED_EDGE('',*,*,#10617,.T.);
#10615=ORIENTED_EDGE('',*,*,#10618,.T.);
#10616=EDGE_CURVE('',#231,#39,#10619,.F.);
#10617=EDGE_CURVE('',#39,#237,#10620,.T.);
#10618=EDGE_CURVE('',#237,#231,#10621,.T.);
#10619=LINE('',#230,#10622);
#10620=LINE('',#38,#10623);
#10621=LINE('',#236,#10624);
#10622=VECTOR('',#10625,1.0);
#10623=VECTOR('',#10626,1.0);
#10624=VECTOR('',#10627,1.0);
#10625=DIRECTION('',(0.4918517368217741,0.8706789701063212,0));
#10626=DIRECTION('',(-0.46637036754162553,-0.8845895546970296,0));
#10627=DIRECTION('',(0.06468007505039758,0.9979060516358615,0));
#10628=FACE_SURFACE('',(#10633),#10629,.T.);
#10629=PLANE('',#10630);
#10630=AXIS2_PLACEMENT_3D('',#764,#10631,#10632);
#10631=DIRECTION('',(0,0,-1));
#10632=DIRECTION('',(-0.5546839189088518,0.83206114565212,0));
#10633=FACE_BOUND('',#10634,.T.);
#10634=EDGE_LOOP('',(#10635,#10636,#10637));
#10635=ORIENTED_EDGE('',*,*,#10638,.T.);
#10636=ORIENTED_EDGE('',*,*,#10639,.T.);
#10637=ORIENTED_EDGE('',*,*,#10640,.T.);
#10638=EDGE_CURVE('',#765,#757,#10641,.F.);
#10639=EDGE_CURVE('',#757,#175,#10642,.T.);
#10640=EDGE_CURVE('',#175,#765,#10643,.T.);
#10641=LINE('',#764,#10644);
#10642=LINE('',#756,#10645);
#10643=LINE('',#174,#10646);
#10644=VECTOR('',#10647,1.0);
#10645=VECTOR('',#10648,1.0);
#10646=VECTOR('',#10649,1.0);
#10647=DIRECTION('',(-0.5546839189088518,0.83206114565212,0));
#10648=DIRECTION('',(-0.10678480437021977,0.9942821559072725,0));
#10649=DIRECTION('',(0.10850432205189453,-0.994095977306044,0));
#10650=FACE_SURFACE('',(#10655),#10651,.T.);
#10651=PLANE('',#10652);
#10652=AXIS2_PLACEMENT_3D('',#564,#10653,#10654);
#10653=DIRECTION('',(0,0,1));
#10654=DIRECTION('',(-0.9979061253641285,-0.06467893753574257,0));
#10655=FACE_BOUND('',#10656,.T.);
#10656=EDGE_LOOP('',(#10657,#10658,#10659));
#10657=ORIENTED_EDGE('',*,*,#10660,.T.);
#10658=ORIENTED_EDGE('',*,*,#10661,.T.);
#10659=ORIENTED_EDGE('',*,*,#10662,.T.);
#10660=EDGE_CURVE('',#565,#205,#10663,.F.);
#10661=EDGE_CURVE('',#205,#181,#10664,.T.);
#10662=EDGE_CURVE('',#181,#565,#10665,.T.);
#10663=LINE('',#564,#10666);
#10664=LINE('',#204,#10667);
#10665=LINE('',#180,#10668);
#10666=VECTOR('',#10669,1.0);
#10667=VECTOR('',#10670,1.0);
#10668=VECTOR('',#10671,1.0);
#10669=DIRECTION('',(-0.9979061253641285,-0.06467893753574257,0));
#10670=DIRECTION('',(0.17868432759845312,-0.9839064544308511,0));
#10671=DIRECTION('',(-0.1708741099881839,0.985292869422968,0));
#10672=FACE_SURFACE('',(#10677),#10673,.T.);
#10673=PLANE('',#10674);
#10674=AXIS2_PLACEMENT_3D('',#766,#10675,#10676);
#10675=DIRECTION('',(0,0,-1));
#10676=DIRECTION('',(-0.43979623337014073,0.8980975855180977,0));
#10677=FACE_BOUND('',#10678,.T.);
#10678=EDGE_LOOP('',(#10679,#10680,#10681));
#10679=ORIENTED_EDGE('',*,*,#10682,.T.);
#10680=ORIENTED_EDGE('',*,*,#10683,.T.);
#10681=ORIENTED_EDGE('',*,*,#10684,.T.);
#10682=EDGE_CURVE('',#767,#765,#10685,.F.);
#10683=EDGE_CURVE('',#765,#175,#10686,.T.);
#10684=EDGE_CURVE('',#175,#767,#10687,.T.);
#10685=LINE('',#766,#10688);
#10686=LINE('',#764,#10689);
#10687=LINE('',#174,#10690);
#10688=VECTOR('',#10691,1.0);
#10689=VECTOR('',#10692,1.0);
#10690=VECTOR('',#10693,1.0);
#10691=DIRECTION('',(-0.43979623337014073,0.8980975855180977,0));
#10692=DIRECTION('',(-0.10850432205189453,0.994095977306044,0));
#10693=DIRECTION('',(0.10976056182823234,-0.9939580569959433,0));
#10694=FACE_SURFACE('',(#10699),#10695,.T.);
#10695=PLANE('',#10696);
#10696=AXIS2_PLACEMENT_3D('',#690,#10697,#10698);
#10697=DIRECTION('',(0,0,-1));
#10698=DIRECTION('',(-0.5731157235206228,0.8194744458818916,0));
#10699=FACE_BOUND('',#10700,.T.);
#10700=EDGE_LOOP('',(#10701,#10702,#10703));
#10701=ORIENTED_EDGE('',*,*,#10704,.T.);
#10702=ORIENTED_EDGE('',*,*,#10705,.T.);
#10703=ORIENTED_EDGE('',*,*,#10706,.T.);
#10704=EDGE_CURVE('',#691,#45,#10707,.F.);
#10705=EDGE_CURVE('',#45,#707,#10708,.T.);
#10706=EDGE_CURVE('',#707,#691,#10709,.T.);
#10707=LINE('',#690,#10710);
#10708=LINE('',#44,#10711);
#10709=LINE('',#706,#10712);
#10710=VECTOR('',#10713,1.0);
#10711=VECTOR('',#10714,1.0);
#10712=VECTOR('',#10715,1.0);
#10713=DIRECTION('',(-0.5731157235206228,0.8194744458818916,0));
#10714=DIRECTION('',(0.6269525929903499,-0.7790574087592496,0));
#10715=DIRECTION('',(-0.3245567392338114,-0.945866228923475,0));
#10716=FACE_SURFACE('',(#10721),#10717,.T.);
#10717=PLANE('',#10718);
#10718=AXIS2_PLACEMENT_3D('',#768,#10719,#10720);
#10719=DIRECTION('',(0,-0,1));
#10720=DIRECTION('',(0.7623647200548438,0.6471476134667419,0));
#10721=FACE_BOUND('',#10722,.T.);
#10722=EDGE_LOOP('',(#10723,#10724,#10725));
#10723=ORIENTED_EDGE('',*,*,#10726,.T.);
#10724=ORIENTED_EDGE('',*,*,#10727,.T.);
#10725=ORIENTED_EDGE('',*,*,#10728,.T.);
#10726=EDGE_CURVE('',#769,#561,#10729,.F.);
#10727=EDGE_CURVE('',#561,#457,#10730,.T.);
#10728=EDGE_CURVE('',#457,#769,#10731,.T.);
#10729=LINE('',#768,#10732);
#10730=LINE('',#560,#10733);
#10731=LINE('',#456,#10734);
#10732=VECTOR('',#10735,1.0);
#10733=VECTOR('',#10736,1.0);
#10734=VECTOR('',#10737,1.0);
#10735=DIRECTION('',(0.7623647200548438,0.6471476134667419,0));
#10736=DIRECTION('',(-0.7805070275402852,-0.6251470066794116,0));
#10737=DIRECTION('',(0.9809347100867873,-0.1943375788337149,0));
#10738=FACE_SURFACE('',(#10743),#10739,.T.);
#10739=PLANE('',#10740);
#10740=AXIS2_PLACEMENT_3D('',#426,#10741,#10742);
#10741=DIRECTION('',(-0.19433545580907408,-0.9809351306867745,-0));
#10742=DIRECTION('',(0,0,-1));
#10743=FACE_BOUND('',#10744,.T.);
#10744=EDGE_LOOP('',(#10745,#10746,#10747));
#10745=ORIENTED_EDGE('',*,*,#10748,.T.);
#10746=ORIENTED_EDGE('',*,*,#10749,.T.);
#10747=ORIENTED_EDGE('',*,*,#10750,.T.);
#10748=EDGE_CURVE('',#427,#763,#10751,.F.);
#10749=EDGE_CURVE('',#763,#429,#10752,.T.);
#10750=EDGE_CURVE('',#429,#427,#10753,.T.);
#10751=LINE('',#426,#10754);
#10752=LINE('',#762,#10755);
#10753=LINE('',#428,#10756);
#10754=VECTOR('',#10757,1.0);
#10755=VECTOR('',#10758,1.0);
#10756=VECTOR('',#10759,1.0);
#10757=DIRECTION('',(0,0,-1));
#10758=DIRECTION('',(0.20721580767969422,-0.04105203002372371,0.9774335475512305));
#10759=DIRECTION('',(-0.9809351306867745,0.19433545580907408,0));
#10760=FACE_SURFACE('',(#10765),#10761,.T.);
#10761=PLANE('',#10762);
#10762=AXIS2_PLACEMENT_3D('',#770,#10763,#10764);
#10763=DIRECTION('',(-0.19433545580907408,-0.9809351306867745,0));
#10764=DIRECTION('',(0,0,1));
#10765=FACE_BOUND('',#10766,.T.);
#10766=EDGE_LOOP('',(#10767,#10768,#10769));
#10767=ORIENTED_EDGE('',*,*,#10770,.T.);
#10768=ORIENTED_EDGE('',*,*,#10771,.T.);
#10769=ORIENTED_EDGE('',*,*,#10772,.T.);
#10770=EDGE_CURVE('',#771,#429,#10773,.F.);
#10771=EDGE_CURVE('',#429,#763,#10774,.T.);
#10772=EDGE_CURVE('',#763,#771,#10775,.T.);
#10773=LINE('',#770,#10776);
#10774=LINE('',#428,#10777);
#10775=LINE('',#762,#10778);
#10776=VECTOR('',#10779,1.0);
#10777=VECTOR('',#10780,1.0);
#10778=VECTOR('',#10781,1.0);
#10779=DIRECTION('',(0,0,1));
#10780=DIRECTION('',(-0.20721580767969422,0.04105203002372371,-0.9774335475512305));
#10781=DIRECTION('',(0.9809351306867745,-0.19433545580907408,0));
#10782=FACE_SURFACE('',(#10787),#10783,.T.);
#10783=PLANE('',#10784);
#10784=AXIS2_PLACEMENT_3D('',#180,#10785,#10786);
#10785=DIRECTION('',(0,0,1));
#10786=DIRECTION('',(-0.0814004884015757,-0.9966814739363751,0));
#10787=FACE_BOUND('',#10788,.T.);
#10788=EDGE_LOOP('',(#10789,#10790,#10791));
#10789=ORIENTED_EDGE('',*,*,#10792,.T.);
#10790=ORIENTED_EDGE('',*,*,#10793,.T.);
#10791=ORIENTED_EDGE('',*,*,#10794,.T.);
#10792=EDGE_CURVE('',#181,#457,#10795,.F.);
#10793=EDGE_CURVE('',#457,#561,#10796,.T.);
#10794=EDGE_CURVE('',#561,#181,#10797,.T.);
#10795=LINE('',#180,#10798);
#10796=LINE('',#456,#10799);
#10797=LINE('',#560,#10800);
#10798=VECTOR('',#10801,1.0);
#10799=VECTOR('',#10802,1.0);
#10800=VECTOR('',#10803,1.0);
#10801=DIRECTION('',(-0.0814004884015757,-0.9966814739363751,0));
#10802=DIRECTION('',(0.7805070275402852,0.6251470066794116,0));
#10803=DIRECTION('',(0,1,0));
#10804=FACE_SURFACE('',(#10809),#10805,.T.);
#10805=PLANE('',#10806);
#10806=AXIS2_PLACEMENT_3D('',#38,#10807,#10808);
#10807=DIRECTION('',(0,-0,-1));
#10808=DIRECTION('',(0,-1,0));
#10809=FACE_BOUND('',#10810,.T.);
#10810=EDGE_LOOP('',(#10811,#10812,#10813));
#10811=ORIENTED_EDGE('',*,*,#10814,.T.);
#10812=ORIENTED_EDGE('',*,*,#10815,.T.);
#10813=ORIENTED_EDGE('',*,*,#10816,.T.);
#10814=EDGE_CURVE('',#39,#37,#10817,.F.);
#10815=EDGE_CURVE('',#37,#245,#10818,.T.);
#10816=EDGE_CURVE('',#245,#39,#10819,.T.);
#10817=LINE('',#38,#10820);
#10818=LINE('',#36,#10821);
#10819=LINE('',#244,#10822);
#10820=VECTOR('',#10823,1.0);
#10821=VECTOR('',#10824,1.0);
#10822=VECTOR('',#10825,1.0);
#10823=DIRECTION('',(0,-1,0));
#10824=DIRECTION('',(-0.017462097822210945,0.9998475259456552,0));
#10825=DIRECTION('',(0.45045927239562983,0.8927969779926452,0));
#10826=FACE_SURFACE('',(#10831),#10827,.T.);
#10827=PLANE('',#10828);
#10828=AXIS2_PLACEMENT_3D('',#454,#10829,#10830);
#10829=DIRECTION('',(0,0,1));
#10830=DIRECTION('',(-0.9809351306867745,-0.19433545580907408,0));
#10831=FACE_BOUND('',#10832,.T.);
#10832=EDGE_LOOP('',(#10833,#10834,#10835));
#10833=ORIENTED_EDGE('',*,*,#10836,.T.);
#10834=ORIENTED_EDGE('',*,*,#10837,.T.);
#10835=ORIENTED_EDGE('',*,*,#10838,.T.);
#10836=EDGE_CURVE('',#455,#565,#10839,.F.);
#10837=EDGE_CURVE('',#565,#181,#10840,.T.);
#10838=EDGE_CURVE('',#181,#455,#10841,.T.);
#10839=LINE('',#454,#10842);
#10840=LINE('',#564,#10843);
#10841=LINE('',#180,#10844);
#10842=VECTOR('',#10845,1.0);
#10843=VECTOR('',#10846,1.0);
#10844=VECTOR('',#10847,1.0);
#10845=DIRECTION('',(-0.9809351306867745,-0.19433545580907408,0));
#10846=DIRECTION('',(0.1708741099881839,-0.985292869422968,0));
#10847=DIRECTION('',(-0.16301726229564123,0.9866232169342226,0));
#10848=FACE_SURFACE('',(#10853),#10849,.T.);
#10849=PLANE('',#10850);
#10850=AXIS2_PLACEMENT_3D('',#772,#10851,#10852);
#10851=DIRECTION('',(0,-0,1));
#10852=DIRECTION('',(0.09918870396634977,0.9950686413536887,0));
#10853=FACE_BOUND('',#10854,.T.);
#10854=EDGE_LOOP('',(#10855,#10856,#10857));
#10855=ORIENTED_EDGE('',*,*,#10858,.T.);
#10856=ORIENTED_EDGE('',*,*,#10859,.T.);
#10857=ORIENTED_EDGE('',*,*,#10860,.T.);
#10858=EDGE_CURVE('',#773,#181,#10861,.F.);
#10859=EDGE_CURVE('',#181,#775,#10862,.T.);
#10860=EDGE_CURVE('',#775,#773,#10863,.T.);
#10861=LINE('',#772,#10864);
#10862=LINE('',#180,#10865);
#10863=LINE('',#774,#10866);
#10864=VECTOR('',#10867,1.0);
#10865=VECTOR('',#10868,1.0);
#10866=VECTOR('',#10869,1.0);
#10867=DIRECTION('',(0.09918870396634977,0.9950686413536887,0));
#10868=DIRECTION('',(-0.10207267120920711,-0.9947769447429997,0));
#10869=DIRECTION('',(0.8306198458917827,0.5568398976462725,0));
#10870=FACE_SURFACE('',(#10875),#10871,.T.);
#10871=PLANE('',#10872);
#10872=AXIS2_PLACEMENT_3D('',#776,#10873,#10874);
#10873=DIRECTION('',(-0.3190001176170871,-0.9477546755148637,0));
#10874=DIRECTION('',(0,0,1));
#10875=FACE_BOUND('',#10876,.T.);
#10876=EDGE_LOOP('',(#10877,#10878,#10879));
#10877=ORIENTED_EDGE('',*,*,#10880,.T.);
#10878=ORIENTED_EDGE('',*,*,#10881,.T.);
#10879=ORIENTED_EDGE('',*,*,#10882,.T.);
#10880=EDGE_CURVE('',#777,#431,#10883,.F.);
#10881=EDGE_CURVE('',#431,#429,#10884,.T.);
#10882=EDGE_CURVE('',#429,#777,#10885,.T.);
#10883=LINE('',#776,#10886);
#10884=LINE('',#430,#10887);
#10885=LINE('',#428,#10888);
#10886=VECTOR('',#10889,1.0);
#10887=VECTOR('',#10890,1.0);
#10888=VECTOR('',#10891,1.0);
#10889=DIRECTION('',(0,0,1));
#10890=DIRECTION('',(-0.9477546755148638,0.3190001176170871,0));
#10891=DIRECTION('',(0.2003672258894817,-0.06744062601498788,-0.9773969187346867));
#10892=FACE_SURFACE('',(#10897),#10893,.T.);
#10893=PLANE('',#10894);
#10894=AXIS2_PLACEMENT_3D('',#776,#10895,#10896);
#10895=DIRECTION('',(-0.3190001176170871,-0.9477546755148637,0));
#10896=DIRECTION('',(-0.2003672258894817,0.06744062601498788,0.9773969187346867));
#10897=FACE_BOUND('',#10898,.T.);
#10898=EDGE_LOOP('',(#10899,#10900,#10901));
#10899=ORIENTED_EDGE('',*,*,#10902,.T.);
#10900=ORIENTED_EDGE('',*,*,#10903,.T.);
#10901=ORIENTED_EDGE('',*,*,#10904,.T.);
#10902=EDGE_CURVE('',#777,#429,#10905,.F.);
#10903=EDGE_CURVE('',#429,#771,#10906,.T.);
#10904=EDGE_CURVE('',#771,#777,#10907,.T.);
#10905=LINE('',#776,#10908);
#10906=LINE('',#428,#10909);
#10907=LINE('',#770,#10910);
#10908=VECTOR('',#10911,1.0);
#10909=VECTOR('',#10912,1.0);
#10910=VECTOR('',#10913,1.0);
#10911=DIRECTION('',(-0.2003672258894817,0.06744062601498788,0.9773969187346867));
#10912=DIRECTION('',(0,0,-1));
#10913=DIRECTION('',(0.9477546755148638,-0.3190001176170871,0));
#10914=FACE_SURFACE('',(#10919),#10915,.T.);
#10915=PLANE('',#10916);
#10916=AXIS2_PLACEMENT_3D('',#778,#10917,#10918);
#10917=DIRECTION('',(-0.4435176234767693,-0.896265651280645,0));
#10918=DIRECTION('',(0,0,1));
#10919=FACE_BOUND('',#10920,.T.);
#10920=EDGE_LOOP('',(#10921,#10922,#10923));
#10921=ORIENTED_EDGE('',*,*,#10924,.T.);
#10922=ORIENTED_EDGE('',*,*,#10925,.T.);
#10923=ORIENTED_EDGE('',*,*,#10926,.T.);
#10924=EDGE_CURVE('',#779,#433,#10927,.F.);
#10925=EDGE_CURVE('',#433,#431,#10928,.T.);
#10926=EDGE_CURVE('',#431,#779,#10929,.T.);
#10927=LINE('',#778,#10930);
#10928=LINE('',#432,#10931);
#10929=LINE('',#430,#10932);
#10930=VECTOR('',#10933,1.0);
#10931=VECTOR('',#10934,1.0);
#10932=VECTOR('',#10935,1.0);
#10933=DIRECTION('',(0,0,1));
#10934=DIRECTION('',(-0.896265651280645,0.44351762347676926,0));
#10935=DIRECTION('',(0.189608380305219,-0.09382782672089472,-0.9773663596885588));
#10936=FACE_SURFACE('',(#10941),#10937,.T.);
#10937=PLANE('',#10938);
#10938=AXIS2_PLACEMENT_3D('',#778,#10939,#10940);
#10939=DIRECTION('',(-0.4435176234767693,-0.896265651280645,0));
#10940=DIRECTION('',(-0.189608380305219,0.09382782672089472,0.9773663596885588));
#10941=FACE_BOUND('',#10942,.T.);
#10942=EDGE_LOOP('',(#10943,#10944,#10945));
#10943=ORIENTED_EDGE('',*,*,#10946,.T.);
#10944=ORIENTED_EDGE('',*,*,#10947,.T.);
#10945=ORIENTED_EDGE('',*,*,#10948,.T.);
#10946=EDGE_CURVE('',#779,#431,#10949,.F.);
#10947=EDGE_CURVE('',#431,#777,#10950,.T.);
#10948=EDGE_CURVE('',#777,#779,#10951,.T.);
#10949=LINE('',#778,#10952);
#10950=LINE('',#430,#10953);
#10951=LINE('',#776,#10954);
#10952=VECTOR('',#10955,1.0);
#10953=VECTOR('',#10956,1.0);
#10954=VECTOR('',#10957,1.0);
#10955=DIRECTION('',(-0.189608380305219,0.09382782672089472,0.9773663596885588));
#10956=DIRECTION('',(0,0,-1));
#10957=DIRECTION('',(0.896265651280645,-0.44351762347676926,0));
#10958=FACE_SURFACE('',(#10963),#10959,.T.);
#10959=PLANE('',#10960);
#10960=AXIS2_PLACEMENT_3D('',#194,#10961,#10962);
#10961=DIRECTION('',(0,0,1));
#10962=DIRECTION('',(-0.896265651280645,-0.44351762347676926,0));
#10963=FACE_BOUND('',#10964,.T.);
#10964=EDGE_LOOP('',(#10965,#10966,#10967));
#10965=ORIENTED_EDGE('',*,*,#10968,.T.);
#10966=ORIENTED_EDGE('',*,*,#10969,.T.);
#10967=ORIENTED_EDGE('',*,*,#10970,.T.);
#10968=EDGE_CURVE('',#195,#453,#10971,.F.);
#10969=EDGE_CURVE('',#453,#181,#10972,.T.);
#10970=EDGE_CURVE('',#181,#195,#10973,.T.);
#10971=LINE('',#194,#10974);
#10972=LINE('',#452,#10975);
#10973=LINE('',#180,#10976);
#10974=VECTOR('',#10977,1.0);
#10975=VECTOR('',#10978,1.0);
#10976=VECTOR('',#10979,1.0);
#10977=DIRECTION('',(-0.896265651280645,-0.44351762347676926,0));
#10978=DIRECTION('',(0.1552532122727595,-0.9878747086948777,0));
#10979=DIRECTION('',(-0.14775106616202588,0.9890245813163516,0));
#10980=FACE_SURFACE('',(#10985),#10981,.T.);
#10981=PLANE('',#10982);
#10982=AXIS2_PLACEMENT_3D('',#780,#10983,#10984);
#10983=DIRECTION('',(-0.5568246314009337,-0.8306300800387705,0));
#10984=DIRECTION('',(0,0,1));
#10985=FACE_BOUND('',#10986,.T.);
#10986=EDGE_LOOP('',(#10987,#10988,#10989));
#10987=ORIENTED_EDGE('',*,*,#10990,.T.);
#10988=ORIENTED_EDGE('',*,*,#10991,.T.);
#10989=ORIENTED_EDGE('',*,*,#10992,.T.);
#10990=EDGE_CURVE('',#781,#435,#10993,.F.);
#10991=EDGE_CURVE('',#435,#433,#10994,.T.);
#10992=EDGE_CURVE('',#433,#781,#10995,.T.);
#10993=LINE('',#780,#10996);
#10994=LINE('',#434,#10997);
#10995=LINE('',#432,#10998);
#10996=VECTOR('',#10999,1.0);
#10997=VECTOR('',#11000,1.0);
#10998=VECTOR('',#11001,1.0);
#10999=DIRECTION('',(0,0,1));
#11000=DIRECTION('',(-0.8306300800387705,0.5568246314009337,0));
#11001=DIRECTION('',(0.17498292315375755,-0.11730227935159908,-0.9775587715649047));
#11002=FACE_SURFACE('',(#11007),#11003,.T.);
#11003=PLANE('',#11004);
#11004=AXIS2_PLACEMENT_3D('',#780,#11005,#11006);
#11005=DIRECTION('',(-0.5568246314009337,-0.8306300800387705,0));
#11006=DIRECTION('',(-0.17498292315375755,0.11730227935159908,0.9775587715649047));
#11007=FACE_BOUND('',#11008,.T.);
#11008=EDGE_LOOP('',(#11009,#11010,#11011));
#11009=ORIENTED_EDGE('',*,*,#11012,.T.);
#11010=ORIENTED_EDGE('',*,*,#11013,.T.);
#11011=ORIENTED_EDGE('',*,*,#11014,.T.);
#11012=EDGE_CURVE('',#781,#433,#11015,.F.);
#11013=EDGE_CURVE('',#433,#779,#11016,.T.);
#11014=EDGE_CURVE('',#779,#781,#11017,.T.);
#11015=LINE('',#780,#11018);
#11016=LINE('',#432,#11019);
#11017=LINE('',#778,#11020);
#11018=VECTOR('',#11021,1.0);
#11019=VECTOR('',#11022,1.0);
#11020=VECTOR('',#11023,1.0);
#11021=DIRECTION('',(-0.17498292315375755,0.11730227935159908,0.9775587715649047));
#11022=DIRECTION('',(0,0,-1));
#11023=DIRECTION('',(0.8306300800387705,-0.5568246314009337,0));
#11024=FACE_SURFACE('',(#11029),#11025,.T.);
#11025=PLANE('',#11026);
#11026=AXIS2_PLACEMENT_3D('',#154,#11027,#11028);
#11027=DIRECTION('',(0,-0,-1));
#11028=DIRECTION('',(0.7517129022907713,0.6594904946468791,0));
#11029=FACE_BOUND('',#11030,.T.);
#11030=EDGE_LOOP('',(#11031,#11032,#11033));
#11031=ORIENTED_EDGE('',*,*,#11034,.T.);
#11032=ORIENTED_EDGE('',*,*,#11035,.T.);
#11033=ORIENTED_EDGE('',*,*,#11036,.T.);
#11034=EDGE_CURVE('',#155,#385,#11037,.F.);
#11035=EDGE_CURVE('',#385,#175,#11038,.T.);
#11036=EDGE_CURVE('',#175,#155,#11039,.T.);
#11037=LINE('',#154,#11040);
#11038=LINE('',#384,#11041);
#11039=LINE('',#174,#11042);
#11040=VECTOR('',#11043,1.0);
#11041=VECTOR('',#11044,1.0);
#11042=VECTOR('',#11045,1.0);
#11043=DIRECTION('',(0.7517129022907713,0.6594904946468791,0));
#11044=DIRECTION('',(-0.2161163496309437,-0.9763676169467091,0));
#11045=DIRECTION('',(0.21158773380084994,0.9773590081976125,0));
#11046=FACE_SURFACE('',(#11051),#11047,.T.);
#11047=PLANE('',#11048);
#11048=AXIS2_PLACEMENT_3D('',#384,#11049,#11050);
#11049=DIRECTION('',(0,-0,-1));
#11050=DIRECTION('',(0.6617827672656184,0.7496956508812496,0));
#11051=FACE_BOUND('',#11052,.T.);
#11052=EDGE_LOOP('',(#11053,#11054,#11055));
#11053=ORIENTED_EDGE('',*,*,#11056,.T.);
#11054=ORIENTED_EDGE('',*,*,#11057,.T.);
#11055=ORIENTED_EDGE('',*,*,#11058,.T.);
#11056=EDGE_CURVE('',#385,#317,#11059,.F.);
#11057=EDGE_CURVE('',#317,#175,#11060,.T.);
#11058=EDGE_CURVE('',#175,#385,#11061,.T.);
#11059=LINE('',#384,#11062);
#11060=LINE('',#316,#11063);
#11061=LINE('',#174,#11064);
#11062=VECTOR('',#11065,1.0);
#11063=VECTOR('',#11066,1.0);
#11064=VECTOR('',#11067,1.0);
#11065=DIRECTION('',(0.6617827672656184,0.7496956508812496,0));
#11066=DIRECTION('',(-0.21975937621649091,-0.9755541074512161,0));
#11067=DIRECTION('',(0.2161163496309437,0.9763676169467091,0));
#11068=FACE_SURFACE('',(#11073),#11069,.T.);
#11069=PLANE('',#11070);
#11070=AXIS2_PLACEMENT_3D('',#306,#11071,#11072);
#11071=DIRECTION('',(0,0,-1));
#11072=DIRECTION('',(-0.22243708517654837,-0.9749470463251638,0));
#11073=FACE_BOUND('',#11074,.T.);
#11074=EDGE_LOOP('',(#11075,#11076,#11077));
#11075=ORIENTED_EDGE('',*,*,#11078,.T.);
#11076=ORIENTED_EDGE('',*,*,#11079,.T.);
#11077=ORIENTED_EDGE('',*,*,#11080,.T.);
#11078=EDGE_CURVE('',#307,#175,#11081,.F.);
#11079=EDGE_CURVE('',#175,#317,#11082,.T.);
#11080=EDGE_CURVE('',#317,#307,#11083,.T.);
#11081=LINE('',#306,#11084);
#11082=LINE('',#174,#11085);
#11083=LINE('',#316,#11086);
#11084=VECTOR('',#11087,1.0);
#11085=VECTOR('',#11088,1.0);
#11086=VECTOR('',#11089,1.0);
#11087=DIRECTION('',(-0.22243708517654837,-0.9749470463251638,0));
#11088=DIRECTION('',(0.21975937621649091,0.9755541074512161,0));
#11089=DIRECTION('',(0.5546839189088518,0.83206114565212,0));
#11090=FACE_SURFACE('',(#11095),#11091,.T.);
#11091=PLANE('',#11092);
#11092=AXIS2_PLACEMENT_3D('',#224,#11093,#11094);
#11093=DIRECTION('',(-0.9809347973797589,-0.19433713821483328,0));
#11094=DIRECTION('',(0.04105204588262668,-0.2072140234224428,0.9774339251458045));
#11095=FACE_BOUND('',#11096,.T.);
#11096=EDGE_LOOP('',(#11097,#11098,#11099));
#11097=ORIENTED_EDGE('',*,*,#11100,.T.);
#11098=ORIENTED_EDGE('',*,*,#11101,.T.);
#11099=ORIENTED_EDGE('',*,*,#11102,.T.);
#11100=EDGE_CURVE('',#225,#223,#11103,.F.);
#11101=EDGE_CURVE('',#223,#529,#11104,.T.);
#11102=EDGE_CURVE('',#529,#225,#11105,.T.);
#11103=LINE('',#224,#11106);
#11104=LINE('',#222,#11107);
#11105=LINE('',#528,#11108);
#11106=VECTOR('',#11109,1.0);
#11107=VECTOR('',#11110,1.0);
#11108=VECTOR('',#11111,1.0);
#11109=DIRECTION('',(0.04105204588262668,-0.2072140234224428,0.9774339251458045));
#11110=DIRECTION('',(-0.1943371382148333,0.980934797379759,0));
#11111=DIRECTION('',(0,0,-1));
#11112=FACE_SURFACE('',(#11117),#11113,.T.);
#11113=PLANE('',#11114);
#11114=AXIS2_PLACEMENT_3D('',#782,#11115,#11116);
#11115=DIRECTION('',(-0.6594951140983851,-0.7517088495423995,0));
#11116=DIRECTION('',(0,0,1));
#11117=FACE_BOUND('',#11118,.T.);
#11118=EDGE_LOOP('',(#11119,#11120,#11121));
#11119=ORIENTED_EDGE('',*,*,#11122,.T.);
#11120=ORIENTED_EDGE('',*,*,#11123,.T.);
#11121=ORIENTED_EDGE('',*,*,#11124,.T.);
#11122=EDGE_CURVE('',#783,#437,#11125,.F.);
#11123=EDGE_CURVE('',#437,#435,#11126,.T.);
#11124=EDGE_CURVE('',#435,#783,#11127,.T.);
#11125=LINE('',#782,#11128);
#11126=LINE('',#436,#11129);
#11127=LINE('',#434,#11130);
#11128=VECTOR('',#11131,1.0);
#11129=VECTOR('',#11132,1.0);
#11130=VECTOR('',#11133,1.0);
#11131=DIRECTION('',(0,0,1));
#11132=DIRECTION('',(-0.7517088495423996,0.6594951140983851,0));
#11133=DIRECTION('',(0.159298969232532,-0.139757423307863,-0.9772879314878495));
#11134=FACE_SURFACE('',(#11139),#11135,.T.);
#11135=PLANE('',#11136);
#11136=AXIS2_PLACEMENT_3D('',#782,#11137,#11138);
#11137=DIRECTION('',(-0.6594951140983851,-0.7517088495423995,0));
#11138=DIRECTION('',(-0.159298969232532,0.139757423307863,0.9772879314878495));
#11139=FACE_BOUND('',#11140,.T.);
#11140=EDGE_LOOP('',(#11141,#11142,#11143));
#11141=ORIENTED_EDGE('',*,*,#11144,.T.);
#11142=ORIENTED_EDGE('',*,*,#11145,.T.);
#11143=ORIENTED_EDGE('',*,*,#11146,.T.);
#11144=EDGE_CURVE('',#783,#435,#11147,.F.);
#11145=EDGE_CURVE('',#435,#781,#11148,.T.);
#11146=EDGE_CURVE('',#781,#783,#11149,.T.);
#11147=LINE('',#782,#11150);
#11148=LINE('',#434,#11151);
#11149=LINE('',#780,#11152);
#11150=VECTOR('',#11153,1.0);
#11151=VECTOR('',#11154,1.0);
#11152=VECTOR('',#11155,1.0);
#11153=DIRECTION('',(-0.159298969232532,0.139757423307863,0.9772879314878495));
#11154=DIRECTION('',(0,0,-1));
#11155=DIRECTION('',(0.7517088495423996,-0.6594951140983851,0));
#11156=FACE_SURFACE('',(#11161),#11157,.T.);
#11157=PLANE('',#11158);
#11158=AXIS2_PLACEMENT_3D('',#784,#11159,#11160);
#11159=DIRECTION('',(0.06959979895386727,0.9975749936649281,-0));
#11160=DIRECTION('',(0,0,1));
#11161=FACE_BOUND('',#11162,.T.);
#11162=EDGE_LOOP('',(#11163,#11164,#11165));
#11163=ORIENTED_EDGE('',*,*,#11166,.T.);
#11164=ORIENTED_EDGE('',*,*,#11167,.T.);
#11165=ORIENTED_EDGE('',*,*,#11168,.T.);
#11166=EDGE_CURVE('',#785,#603,#11169,.F.);
#11167=EDGE_CURVE('',#603,#597,#11170,.T.);
#11168=EDGE_CURVE('',#597,#785,#11171,.T.);
#11169=LINE('',#784,#11172);
#11170=LINE('',#602,#11173);
#11171=LINE('',#596,#11174);
#11172=VECTOR('',#11175,1.0);
#11173=VECTOR('',#11176,1.0);
#11174=VECTOR('',#11177,1.0);
#11175=DIRECTION('',(0,0,1));
#11176=DIRECTION('',(0.9975749936649281,-0.06959979895386728,0));
#11177=DIRECTION('',(-0.21017425237075987,0.014663645142650422,-0.9775539684086615));
#11178=FACE_SURFACE('',(#11183),#11179,.T.);
#11179=PLANE('',#11180);
#11180=AXIS2_PLACEMENT_3D('',#784,#11181,#11182);
#11181=DIRECTION('',(0.06959979895386727,0.9975749936649281,0));
#11182=DIRECTION('',(0.21017425237075987,-0.014663645142650422,0.9775539684086615));
#11183=FACE_BOUND('',#11184,.T.);
#11184=EDGE_LOOP('',(#11185,#11186,#11187));
#11185=ORIENTED_EDGE('',*,*,#11188,.T.);
#11186=ORIENTED_EDGE('',*,*,#11189,.T.);
#11187=ORIENTED_EDGE('',*,*,#11190,.T.);
#11188=EDGE_CURVE('',#785,#597,#11191,.F.);
#11189=EDGE_CURVE('',#597,#787,#11192,.T.);
#11190=EDGE_CURVE('',#787,#785,#11193,.T.);
#11191=LINE('',#784,#11194);
#11192=LINE('',#596,#11195);
#11193=LINE('',#786,#11196);
#11194=VECTOR('',#11197,1.0);
#11195=VECTOR('',#11198,1.0);
#11196=VECTOR('',#11199,1.0);
#11197=DIRECTION('',(0.21017425237075987,-0.014663645142650422,0.9775539684086615));
#11198=DIRECTION('',(0,0,-1));
#11199=DIRECTION('',(-0.9975749936649281,0.06959979895386728,0));
#11200=FACE_SURFACE('',(#11205),#11201,.T.);
#11201=PLANE('',#11202);
#11202=AXIS2_PLACEMENT_3D('',#702,#11203,#11204);
#11203=DIRECTION('',(-0,0,-1));
#11204=DIRECTION('',(-0.9798651761762228,-0.19966030280739347,0));
#11205=FACE_BOUND('',#11206,.T.);
#11206=EDGE_LOOP('',(#11207,#11208,#11209));
#11207=ORIENTED_EDGE('',*,*,#11210,.T.);
#11208=ORIENTED_EDGE('',*,*,#11211,.T.);
#11209=ORIENTED_EDGE('',*,*,#11212,.T.);
#11210=EDGE_CURVE('',#703,#499,#11213,.F.);
#11211=EDGE_CURVE('',#499,#405,#11214,.T.);
#11212=EDGE_CURVE('',#405,#703,#11215,.T.);
#11213=LINE('',#702,#11216);
#11214=LINE('',#498,#11217);
#11215=LINE('',#404,#11218);
#11216=VECTOR('',#11219,1.0);
#11217=VECTOR('',#11220,1.0);
#11218=VECTOR('',#11221,1.0);
#11219=DIRECTION('',(-0.9798651761762228,-0.19966030280739347,0));
#11220=DIRECTION('',(0.9786395080178608,0.2055838353240818,0));
#11221=DIRECTION('',(-0.1943371382148333,-0.980934797379759,0));
#11222=FACE_SURFACE('',(#11227),#11223,.T.);
#11223=PLANE('',#11224);
#11224=AXIS2_PLACEMENT_3D('',#130,#11225,#11226);
#11225=DIRECTION('',(0,-0,1));
#11226=DIRECTION('',(0.6893952603850134,0.7243853773777322,0));
#11227=FACE_BOUND('',#11228,.T.);
#11228=EDGE_LOOP('',(#11229,#11230,#11231));
#11229=ORIENTED_EDGE('',*,*,#11232,.T.);
#11230=ORIENTED_EDGE('',*,*,#11233,.T.);
#11231=ORIENTED_EDGE('',*,*,#11234,.T.);
#11232=EDGE_CURVE('',#131,#561,#11235,.F.);
#11233=EDGE_CURVE('',#561,#133,#11236,.T.);
#11234=EDGE_CURVE('',#133,#131,#11237,.T.);
#11235=LINE('',#130,#11238);
#11236=LINE('',#560,#11239);
#11237=LINE('',#132,#11240);
#11238=VECTOR('',#11241,1.0);
#11239=VECTOR('',#11242,1.0);
#11240=VECTOR('',#11243,1.0);
#11241=DIRECTION('',(0.6893952603850134,0.7243853773777322,0));
#11242=DIRECTION('',(-0.7163094791934304,-0.6977827240750779,0));
#11243=DIRECTION('',(0.8306198458917827,-0.5568398976462725,0));
#11244=FACE_SURFACE('',(#11249),#11245,.T.);
#11245=PLANE('',#11246);
#11246=AXIS2_PLACEMENT_3D('',#768,#11247,#11248);
#11247=DIRECTION('',(-0,0,1));
#11248=DIRECTION('',(0.9477553420085552,-0.31899813744635946,0));
#11249=FACE_BOUND('',#11250,.T.);
#11250=EDGE_LOOP('',(#11251,#11252,#11253));
#11251=ORIENTED_EDGE('',*,*,#11254,.T.);
#11252=ORIENTED_EDGE('',*,*,#11255,.T.);
#11253=ORIENTED_EDGE('',*,*,#11256,.T.);
#11254=EDGE_CURVE('',#769,#789,#11257,.F.);
#11255=EDGE_CURVE('',#789,#561,#11258,.T.);
#11256=EDGE_CURVE('',#561,#769,#11259,.T.);
#11257=LINE('',#768,#11260);
#11258=LINE('',#788,#11261);
#11259=LINE('',#560,#11262);
#11260=VECTOR('',#11263,1.0);
#11261=VECTOR('',#11264,1.0);
#11262=VECTOR('',#11265,1.0);
#11263=DIRECTION('',(0.9477553420085552,-0.31899813744635946,0));
#11264=DIRECTION('',(0.740885762956396,0.6716310640884019,0));
#11265=DIRECTION('',(-0.7623647200548438,-0.6471476134667419,0));
#11266=FACE_SURFACE('',(#11271),#11267,.T.);
#11267=PLANE('',#11268);
#11268=AXIS2_PLACEMENT_3D('',#790,#11269,#11270);
#11269=DIRECTION('',(-0.7496933256838928,-0.6617854013387003,0));
#11270=DIRECTION('',(0,0,1));
#11271=FACE_BOUND('',#11272,.T.);
#11272=EDGE_LOOP('',(#11273,#11274,#11275));
#11273=ORIENTED_EDGE('',*,*,#11276,.T.);
#11274=ORIENTED_EDGE('',*,*,#11277,.T.);
#11275=ORIENTED_EDGE('',*,*,#11278,.T.);
#11276=EDGE_CURVE('',#791,#391,#11279,.F.);
#11277=EDGE_CURVE('',#391,#437,#11280,.T.);
#11278=EDGE_CURVE('',#437,#791,#11281,.T.);
#11279=LINE('',#790,#11282);
#11280=LINE('',#390,#11283);
#11281=LINE('',#436,#11284);
#11282=VECTOR('',#11285,1.0);
#11283=VECTOR('',#11286,1.0);
#11284=VECTOR('',#11287,1.0);
#11285=DIRECTION('',(0,0,1));
#11286=DIRECTION('',(-0.6617854013387003,0.7496933256838928,0));
#11287=DIRECTION('',(0.1397737680358028,-0.15834054482035936,-0.9774413361604192));
#11288=FACE_SURFACE('',(#11293),#11289,.T.);
#11289=PLANE('',#11290);
#11290=AXIS2_PLACEMENT_3D('',#790,#11291,#11292);
#11291=DIRECTION('',(-0.7496933256838928,-0.6617854013387003,0));
#11292=DIRECTION('',(-0.1397737680358028,0.15834054482035936,0.9774413361604192));
#11293=FACE_BOUND('',#11294,.T.);
#11294=EDGE_LOOP('',(#11295,#11296,#11297));
#11295=ORIENTED_EDGE('',*,*,#11298,.T.);
#11296=ORIENTED_EDGE('',*,*,#11299,.T.);
#11297=ORIENTED_EDGE('',*,*,#11300,.T.);
#11298=EDGE_CURVE('',#791,#437,#11301,.F.);
#11299=EDGE_CURVE('',#437,#783,#11302,.T.);
#11300=EDGE_CURVE('',#783,#791,#11303,.T.);
#11301=LINE('',#790,#11304);
#11302=LINE('',#436,#11305);
#11303=LINE('',#782,#11306);
#11304=VECTOR('',#11307,1.0);
#11305=VECTOR('',#11308,1.0);
#11306=VECTOR('',#11309,1.0);
#11307=DIRECTION('',(-0.1397737680358028,0.15834054482035936,0.9774413361604192));
#11308=DIRECTION('',(0,0,-1));
#11309=DIRECTION('',(0.6617854013387003,-0.7496933256838928,0));
#11310=FACE_SURFACE('',(#11315),#11311,.T.);
#11311=PLANE('',#11312);
#11312=AXIS2_PLACEMENT_3D('',#162,#11313,#11314);
#11313=DIRECTION('',(-0,0,1));
#11314=DIRECTION('',(0.6617744529869125,-0.7497029901059971,0));
#11315=FACE_BOUND('',#11316,.T.);
#11316=EDGE_LOOP('',(#11317,#11318,#11319));
#11317=ORIENTED_EDGE('',*,*,#11320,.T.);
#11318=ORIENTED_EDGE('',*,*,#11321,.T.);
#11319=ORIENTED_EDGE('',*,*,#11322,.T.);
#11320=EDGE_CURVE('',#163,#793,#11323,.F.);
#11321=EDGE_CURVE('',#793,#561,#11324,.T.);
#11322=EDGE_CURVE('',#561,#163,#11325,.T.);
#11323=LINE('',#162,#11326);
#11324=LINE('',#792,#11327);
#11325=LINE('',#560,#11328);
#11326=VECTOR('',#11329,1.0);
#11327=VECTOR('',#11330,1.0);
#11328=VECTOR('',#11331,1.0);
#11329=DIRECTION('',(0.6617744529869125,-0.7497029901059971,0));
#11330=DIRECTION('',(0.6314661717620587,0.7754034265594719,0));
#11331=DIRECTION('',(-0.6606885051355477,-0.7506601755666511,0));
#11332=FACE_SURFACE('',(#11337),#11333,.T.);
#11333=PLANE('',#11334);
#11334=AXIS2_PLACEMENT_3D('',#788,#11335,#11336);
#11335=DIRECTION('',(-0,0,1));
#11336=DIRECTION('',(0.8962665269777105,-0.4435158538534028,0));
#11337=FACE_BOUND('',#11338,.T.);
#11338=EDGE_LOOP('',(#11339,#11340,#11341));
#11339=ORIENTED_EDGE('',*,*,#11342,.T.);
#11340=ORIENTED_EDGE('',*,*,#11343,.T.);
#11341=ORIENTED_EDGE('',*,*,#11344,.T.);
#11342=EDGE_CURVE('',#789,#133,#11345,.F.);
#11343=EDGE_CURVE('',#133,#561,#11346,.T.);
#11344=EDGE_CURVE('',#561,#789,#11347,.T.);
#11345=LINE('',#788,#11348);
#11346=LINE('',#132,#11349);
#11347=LINE('',#560,#11350);
#11348=VECTOR('',#11351,1.0);
#11349=VECTOR('',#11352,1.0);
#11350=VECTOR('',#11353,1.0);
#11351=DIRECTION('',(0.8962665269777105,-0.4435158538534028,0));
#11352=DIRECTION('',(0.7163094791934304,0.6977827240750779,0));
#11353=DIRECTION('',(-0.740885762956396,-0.6716310640884019,0));
#11354=FACE_SURFACE('',(#11359),#11355,.T.);
#11355=PLANE('',#11356);
#11356=AXIS2_PLACEMENT_3D('',#794,#11357,#11358);
#11357=DIRECTION('',(0.19433545580907408,0.9809351306867745,-0));
#11358=DIRECTION('',(0,0,1));
#11359=FACE_BOUND('',#11360,.T.);
#11360=EDGE_LOOP('',(#11361,#11362,#11363));
#11361=ORIENTED_EDGE('',*,*,#11364,.T.);
#11362=ORIENTED_EDGE('',*,*,#11365,.T.);
#11363=ORIENTED_EDGE('',*,*,#11366,.T.);
#11364=EDGE_CURVE('',#795,#573,#11367,.F.);
#11365=EDGE_CURVE('',#573,#603,#11368,.T.);
#11366=EDGE_CURVE('',#603,#795,#11369,.T.);
#11367=LINE('',#794,#11370);
#11368=LINE('',#572,#11371);
#11369=LINE('',#602,#11372);
#11370=VECTOR('',#11373,1.0);
#11371=VECTOR('',#11374,1.0);
#11372=VECTOR('',#11375,1.0);
#11373=DIRECTION('',(0,0,1));
#11374=DIRECTION('',(0.9809351306867745,-0.19433545580907408,0));
#11375=DIRECTION('',(-0.20721580767969422,0.04105203002372371,-0.9774335475512305));
#11376=FACE_SURFACE('',(#11381),#11377,.T.);
#11377=PLANE('',#11378);
#11378=AXIS2_PLACEMENT_3D('',#794,#11379,#11380);
#11379=DIRECTION('',(0.19433545580907408,0.9809351306867745,0));
#11380=DIRECTION('',(0.20721580767969422,-0.04105203002372371,0.9774335475512305));
#11381=FACE_BOUND('',#11382,.T.);
#11382=EDGE_LOOP('',(#11383,#11384,#11385));
#11383=ORIENTED_EDGE('',*,*,#11386,.T.);
#11384=ORIENTED_EDGE('',*,*,#11387,.T.);
#11385=ORIENTED_EDGE('',*,*,#11388,.T.);
#11386=EDGE_CURVE('',#795,#603,#11389,.F.);
#11387=EDGE_CURVE('',#603,#785,#11390,.T.);
#11388=EDGE_CURVE('',#785,#795,#11391,.T.);
#11389=LINE('',#794,#11392);
#11390=LINE('',#602,#11393);
#11391=LINE('',#784,#11394);
#11392=VECTOR('',#11395,1.0);
#11393=VECTOR('',#11396,1.0);
#11394=VECTOR('',#11397,1.0);
#11395=DIRECTION('',(0.20721580767969422,-0.04105203002372371,0.9774335475512305));
#11396=DIRECTION('',(0,0,-1));
#11397=DIRECTION('',(-0.9809351306867745,0.19433545580907408,0));
#11398=FACE_SURFACE('',(#11403),#11399,.T.);
#11399=PLANE('',#11400);
#11400=AXIS2_PLACEMENT_3D('',#404,#11401,#11402);
#11401=DIRECTION('',(-0,0,-1));
#11402=DIRECTION('',(-0.9786395080178608,-0.2055838353240818,0));
#11403=FACE_BOUND('',#11404,.T.);
#11404=EDGE_LOOP('',(#11405,#11406,#11407));
#11405=ORIENTED_EDGE('',*,*,#11408,.T.);
#11406=ORIENTED_EDGE('',*,*,#11409,.T.);
#11407=ORIENTED_EDGE('',*,*,#11410,.T.);
#11408=EDGE_CURVE('',#405,#499,#11411,.F.);
#11409=EDGE_CURVE('',#499,#399,#11412,.T.);
#11410=EDGE_CURVE('',#399,#405,#11413,.T.);
#11411=LINE('',#404,#11414);
#11412=LINE('',#498,#11415);
#11413=LINE('',#398,#11416);
#11414=VECTOR('',#11417,1.0);
#11415=VECTOR('',#11418,1.0);
#11416=VECTOR('',#11419,1.0);
#11417=DIRECTION('',(-0.9786395080178608,-0.2055838353240818,0));
#11418=DIRECTION('',(0.9774723510017237,0.21106350472585986,0));
#11419=DIRECTION('',(-0.3245567392338114,-0.945866228923475,0));
#11420=FACE_SURFACE('',(#11425),#11421,.T.);
#11421=PLANE('',#11422);
#11422=AXIS2_PLACEMENT_3D('',#796,#11423,#11424);
#11423=DIRECTION('',(-0.8320530071697307,-0.5546961269558389,0));
#11424=DIRECTION('',(0,0,1));
#11425=FACE_BOUND('',#11426,.T.);
#11426=EDGE_LOOP('',(#11427,#11428,#11429));
#11427=ORIENTED_EDGE('',*,*,#11430,.T.);
#11428=ORIENTED_EDGE('',*,*,#11431,.T.);
#11429=ORIENTED_EDGE('',*,*,#11432,.T.);
#11430=EDGE_CURVE('',#797,#389,#11433,.F.);
#11431=EDGE_CURVE('',#389,#391,#11434,.T.);
#11432=EDGE_CURVE('',#391,#797,#11435,.T.);
#11433=LINE('',#796,#11436);
#11434=LINE('',#388,#11437);
#11435=LINE('',#390,#11438);
#11436=VECTOR('',#11439,1.0);
#11437=VECTOR('',#11440,1.0);
#11438=VECTOR('',#11441,1.0);
#11439=DIRECTION('',(0,0,1));
#11440=DIRECTION('',(-0.5546961269558389,0.8320530071697306,0));
#11441=DIRECTION('',(0.11728583221834402,-0.17593061255220718,-0.9773906348680939));
#11442=FACE_SURFACE('',(#11447),#11443,.T.);
#11443=PLANE('',#11444);
#11444=AXIS2_PLACEMENT_3D('',#796,#11445,#11446);
#11445=DIRECTION('',(-0.8320530071697307,-0.5546961269558389,0));
#11446=DIRECTION('',(-0.11728583221834402,0.17593061255220718,0.9773906348680939));
#11447=FACE_BOUND('',#11448,.T.);
#11448=EDGE_LOOP('',(#11449,#11450,#11451));
#11449=ORIENTED_EDGE('',*,*,#11452,.T.);
#11450=ORIENTED_EDGE('',*,*,#11453,.T.);
#11451=ORIENTED_EDGE('',*,*,#11454,.T.);
#11452=EDGE_CURVE('',#797,#391,#11455,.F.);
#11453=EDGE_CURVE('',#391,#791,#11456,.T.);
#11454=EDGE_CURVE('',#791,#797,#11457,.T.);
#11455=LINE('',#796,#11458);
#11456=LINE('',#390,#11459);
#11457=LINE('',#790,#11460);
#11458=VECTOR('',#11461,1.0);
#11459=VECTOR('',#11462,1.0);
#11460=VECTOR('',#11463,1.0);
#11461=DIRECTION('',(-0.11728583221834402,0.17593061255220718,0.9773906348680939));
#11462=DIRECTION('',(0,0,-1));
#11463=DIRECTION('',(0.5546961269558389,-0.8320530071697306,0));
#11464=FACE_SURFACE('',(#11469),#11465,.T.);
#11465=PLANE('',#11466);
#11466=AXIS2_PLACEMENT_3D('',#798,#11467,#11468);
#11467=DIRECTION('',(0.31900145061292456,0.9477542268472611,-0));
#11468=DIRECTION('',(0,0,1));
#11469=FACE_BOUND('',#11470,.T.);
#11470=EDGE_LOOP('',(#11471,#11472,#11473));
#11471=ORIENTED_EDGE('',*,*,#11474,.T.);
#11472=ORIENTED_EDGE('',*,*,#11475,.T.);
#11473=ORIENTED_EDGE('',*,*,#11476,.T.);
#11474=EDGE_CURVE('',#799,#571,#11477,.F.);
#11475=EDGE_CURVE('',#571,#573,#11478,.T.);
#11476=EDGE_CURVE('',#573,#799,#11479,.T.);
#11477=LINE('',#798,#11480);
#11478=LINE('',#570,#11481);
#11479=LINE('',#572,#11482);
#11480=VECTOR('',#11483,1.0);
#11481=VECTOR('',#11484,1.0);
#11482=VECTOR('',#11485,1.0);
#11483=DIRECTION('',(0,0,1));
#11484=DIRECTION('',(0.9477542268472612,-0.31900145061292456,0));
#11485=DIRECTION('',(-0.20036633119267114,0.06744063861057575,-0.9773971012787926));
#11486=FACE_SURFACE('',(#11491),#11487,.T.);
#11487=PLANE('',#11488);
#11488=AXIS2_PLACEMENT_3D('',#798,#11489,#11490);
#11489=DIRECTION('',(0.31900145061292456,0.9477542268472611,0));
#11490=DIRECTION('',(0.20036633119267114,-0.06744063861057575,0.9773971012787926));
#11491=FACE_BOUND('',#11492,.T.);
#11492=EDGE_LOOP('',(#11493,#11494,#11495));
#11493=ORIENTED_EDGE('',*,*,#11496,.T.);
#11494=ORIENTED_EDGE('',*,*,#11497,.T.);
#11495=ORIENTED_EDGE('',*,*,#11498,.T.);
#11496=EDGE_CURVE('',#799,#573,#11499,.F.);
#11497=EDGE_CURVE('',#573,#795,#11500,.T.);
#11498=EDGE_CURVE('',#795,#799,#11501,.T.);
#11499=LINE('',#798,#11502);
#11500=LINE('',#572,#11503);
#11501=LINE('',#794,#11504);
#11502=VECTOR('',#11505,1.0);
#11503=VECTOR('',#11506,1.0);
#11504=VECTOR('',#11507,1.0);
#11505=DIRECTION('',(0.20036633119267114,-0.06744063861057575,0.9773971012787926));
#11506=DIRECTION('',(0,0,-1));
#11507=DIRECTION('',(-0.9477542268472612,0.31900145061292456,0));
#11508=FACE_SURFACE('',(#11513),#11509,.T.);
#11509=PLANE('',#11510);
#11510=AXIS2_PLACEMENT_3D('',#800,#11511,#11512);
#11511=DIRECTION('',(-0.8980980124849212,-0.43979536147012105,0));
#11512=DIRECTION('',(0,0,1));
#11513=FACE_BOUND('',#11514,.T.);
#11514=EDGE_LOOP('',(#11515,#11516,#11517));
#11515=ORIENTED_EDGE('',*,*,#11518,.T.);
#11516=ORIENTED_EDGE('',*,*,#11519,.T.);
#11517=ORIENTED_EDGE('',*,*,#11520,.T.);
#11518=EDGE_CURVE('',#801,#395,#11521,.F.);
#11519=EDGE_CURVE('',#395,#389,#11522,.T.);
#11520=EDGE_CURVE('',#389,#801,#11523,.T.);
#11521=LINE('',#800,#11524);
#11522=LINE('',#394,#11525);
#11523=LINE('',#388,#11526);
#11524=VECTOR('',#11527,1.0);
#11525=VECTOR('',#11528,1.0);
#11526=VECTOR('',#11529,1.0);
#11527=DIRECTION('',(0,0,1));
#11528=DIRECTION('',(-0.43979536147012105,0.898098012484921,0));
#11529=DIRECTION('',(0.09285944783482167,-0.18962656918919413,-0.9774553121270292));
#11530=FACE_SURFACE('',(#11535),#11531,.T.);
#11531=PLANE('',#11532);
#11532=AXIS2_PLACEMENT_3D('',#800,#11533,#11534);
#11533=DIRECTION('',(-0.8980980124849212,-0.43979536147012105,0));
#11534=DIRECTION('',(-0.09285944783482167,0.18962656918919413,0.9774553121270292));
#11535=FACE_BOUND('',#11536,.T.);
#11536=EDGE_LOOP('',(#11537,#11538,#11539));
#11537=ORIENTED_EDGE('',*,*,#11540,.T.);
#11538=ORIENTED_EDGE('',*,*,#11541,.T.);
#11539=ORIENTED_EDGE('',*,*,#11542,.T.);
#11540=EDGE_CURVE('',#801,#389,#11543,.F.);
#11541=EDGE_CURVE('',#389,#797,#11544,.T.);
#11542=EDGE_CURVE('',#797,#801,#11545,.T.);
#11543=LINE('',#800,#11546);
#11544=LINE('',#388,#11547);
#11545=LINE('',#796,#11548);
#11546=VECTOR('',#11549,1.0);
#11547=VECTOR('',#11550,1.0);
#11548=VECTOR('',#11551,1.0);
#11549=DIRECTION('',(-0.09285944783482167,0.18962656918919413,0.9774553121270292));
#11550=DIRECTION('',(0,0,-1));
#11551=DIRECTION('',(0.43979536147012105,-0.898098012484921,0));
#11552=FACE_SURFACE('',(#11557),#11553,.T.);
#11553=PLANE('',#11554);
#11554=AXIS2_PLACEMENT_3D('',#792,#11555,#11556);
#11555=DIRECTION('',(-0,0,1));
#11556=DIRECTION('',(0.5546961269558389,-0.8320530071697306,0));
#11557=FACE_BOUND('',#11558,.T.);
#11558=EDGE_LOOP('',(#11559,#11560,#11561));
#11559=ORIENTED_EDGE('',*,*,#11562,.T.);
#11560=ORIENTED_EDGE('',*,*,#11563,.T.);
#11561=ORIENTED_EDGE('',*,*,#11564,.T.);
#11562=EDGE_CURVE('',#793,#693,#11565,.F.);
#11563=EDGE_CURVE('',#693,#561,#11566,.T.);
#11564=EDGE_CURVE('',#561,#793,#11567,.T.);
#11565=LINE('',#792,#11568);
#11566=LINE('',#692,#11569);
#11567=LINE('',#560,#11570);
#11568=VECTOR('',#11571,1.0);
#11569=VECTOR('',#11572,1.0);
#11570=VECTOR('',#11573,1.0);
#11571=DIRECTION('',(0.5546961269558389,-0.8320530071697306,0));
#11572=DIRECTION('',(0.6027632283700923,0.7979201028454315,0));
#11573=DIRECTION('',(-0.6314661717620587,-0.7754034265594719,0));
#11574=FACE_SURFACE('',(#11579),#11575,.T.);
#11575=PLANE('',#11576);
#11576=AXIS2_PLACEMENT_3D('',#162,#11577,#11578);
#11577=DIRECTION('',(0,-0,1));
#11578=DIRECTION('',(0.6606885051355477,0.7506601755666511,0));
#11579=FACE_BOUND('',#11580,.T.);
#11580=EDGE_LOOP('',(#11581,#11582,#11583));
#11581=ORIENTED_EDGE('',*,*,#11584,.T.);
#11582=ORIENTED_EDGE('',*,*,#11585,.T.);
#11583=ORIENTED_EDGE('',*,*,#11586,.T.);
#11584=EDGE_CURVE('',#163,#561,#11587,.F.);
#11585=EDGE_CURVE('',#561,#131,#11588,.T.);
#11586=EDGE_CURVE('',#131,#163,#11589,.T.);
#11587=LINE('',#162,#11590);
#11588=LINE('',#560,#11591);
#11589=LINE('',#130,#11592);
#11590=VECTOR('',#11593,1.0);
#11591=VECTOR('',#11594,1.0);
#11592=VECTOR('',#11595,1.0);
#11593=DIRECTION('',(0.6606885051355477,0.7506601755666511,0));
#11594=DIRECTION('',(-0.6893952603850134,-0.7243853773777322,0));
#11595=DIRECTION('',(0.7517208413784489,-0.6594814452562535,0));
#11596=FACE_SURFACE('',(#11601),#11597,.T.);
#11597=PLANE('',#11598);
#11598=AXIS2_PLACEMENT_3D('',#802,#11599,#11600);
#11599=DIRECTION('',(0.4435123328421359,0.896268269335095,-0));
#11600=DIRECTION('',(0,0,1));
#11601=FACE_BOUND('',#11602,.T.);
#11602=EDGE_LOOP('',(#11603,#11604,#11605));
#11603=ORIENTED_EDGE('',*,*,#11606,.T.);
#11604=ORIENTED_EDGE('',*,*,#11607,.T.);
#11605=ORIENTED_EDGE('',*,*,#11608,.T.);
#11606=EDGE_CURVE('',#803,#577,#11609,.F.);
#11607=EDGE_CURVE('',#577,#571,#11610,.T.);
#11608=EDGE_CURVE('',#571,#803,#11611,.T.);
#11609=LINE('',#802,#11612);
#11610=LINE('',#576,#11613);
#11611=LINE('',#570,#11614);
#11612=VECTOR('',#11615,1.0);
#11613=VECTOR('',#11616,1.0);
#11614=VECTOR('',#11617,1.0);
#11615=DIRECTION('',(0,0,1));
#11616=DIRECTION('',(0.896268269335095,-0.443512332842136,0));
#11617=DIRECTION('',(-0.18960929546668692,0.09382688625512774,-0.9773662724323436));
#11618=FACE_SURFACE('',(#11623),#11619,.T.);
#11619=PLANE('',#11620);
#11620=AXIS2_PLACEMENT_3D('',#802,#11621,#11622);
#11621=DIRECTION('',(0.4435123328421359,0.896268269335095,0));
#11622=DIRECTION('',(0.18960929546668692,-0.09382688625512774,0.9773662724323436));
#11623=FACE_BOUND('',#11624,.T.);
#11624=EDGE_LOOP('',(#11625,#11626,#11627));
#11625=ORIENTED_EDGE('',*,*,#11628,.T.);
#11626=ORIENTED_EDGE('',*,*,#11629,.T.);
#11627=ORIENTED_EDGE('',*,*,#11630,.T.);
#11628=EDGE_CURVE('',#803,#571,#11631,.F.);
#11629=EDGE_CURVE('',#571,#799,#11632,.T.);
#11630=EDGE_CURVE('',#799,#803,#11633,.T.);
#11631=LINE('',#802,#11634);
#11632=LINE('',#570,#11635);
#11633=LINE('',#798,#11636);
#11634=VECTOR('',#11637,1.0);
#11635=VECTOR('',#11638,1.0);
#11636=VECTOR('',#11639,1.0);
#11637=DIRECTION('',(0.18960929546668692,-0.09382688625512774,0.9773662724323436));
#11638=DIRECTION('',(0,0,-1));
#11639=DIRECTION('',(-0.896268269335095,0.443512332842136,0));
#11640=FACE_SURFACE('',(#11645),#11641,.T.);
#11641=PLANE('',#11642);
#11642=AXIS2_PLACEMENT_3D('',#412,#11643,#11644);
#11643=DIRECTION('',(0,0,-1));
#11644=DIRECTION('',(-0.1202831279150084,0.9927396280692041,0));
#11645=FACE_BOUND('',#11646,.T.);
#11646=EDGE_LOOP('',(#11647,#11648,#11649));
#11647=ORIENTED_EDGE('',*,*,#11650,.T.);
#11648=ORIENTED_EDGE('',*,*,#11651,.T.);
#11649=ORIENTED_EDGE('',*,*,#11652,.T.);
#11650=EDGE_CURVE('',#413,#805,#11653,.F.);
#11651=EDGE_CURVE('',#805,#419,#11654,.T.);
#11652=EDGE_CURVE('',#419,#413,#11655,.T.);
#11653=LINE('',#412,#11656);
#11654=LINE('',#804,#11657);
#11655=LINE('',#418,#11658);
#11656=VECTOR('',#11659,1.0);
#11657=VECTOR('',#11660,1.0);
#11658=VECTOR('',#11661,1.0);
#11659=DIRECTION('',(-0.1202831279150084,0.9927396280692041,0));
#11660=DIRECTION('',(0.20310023043807157,-0.9791579527308157,0));
#11661=DIRECTION('',(-0.5547083346446026,-0.8320448686674365,0));
#11662=FACE_SURFACE('',(#11667),#11663,.T.);
#11663=PLANE('',#11664);
#11664=AXIS2_PLACEMENT_3D('',#612,#11665,#11666);
#11665=DIRECTION('',(-0.945866228923475,-0.3245567392338114,0));
#11666=DIRECTION('',(0,0,1));
#11667=FACE_BOUND('',#11668,.T.);
#11668=EDGE_LOOP('',(#11669,#11670,#11671));
#11669=ORIENTED_EDGE('',*,*,#11672,.T.);
#11670=ORIENTED_EDGE('',*,*,#11673,.T.);
#11671=ORIENTED_EDGE('',*,*,#11674,.T.);
#11672=EDGE_CURVE('',#613,#393,#11675,.F.);
#11673=EDGE_CURVE('',#393,#395,#11676,.T.);
#11674=EDGE_CURVE('',#395,#613,#11677,.T.);
#11675=LINE('',#612,#11678);
#11676=LINE('',#392,#11679);
#11677=LINE('',#394,#11680);
#11678=VECTOR('',#11681,1.0);
#11679=VECTOR('',#11682,1.0);
#11680=VECTOR('',#11683,1.0);
#11681=DIRECTION('',(0,0,1));
#11682=DIRECTION('',(-0.3245567392338114,0.945866228923475,0));
#11683=DIRECTION('',(0.06842629378766218,-0.19941696671262116,-0.97752274434185));
#11684=FACE_SURFACE('',(#11689),#11685,.T.);
#11685=PLANE('',#11686);
#11686=AXIS2_PLACEMENT_3D('',#612,#11687,#11688);
#11687=DIRECTION('',(-0.945866228923475,-0.3245567392338114,0));
#11688=DIRECTION('',(-0.06842629378766218,0.19941696671262116,0.97752274434185));
#11689=FACE_BOUND('',#11690,.T.);
#11690=EDGE_LOOP('',(#11691,#11692,#11693));
#11691=ORIENTED_EDGE('',*,*,#11694,.T.);
#11692=ORIENTED_EDGE('',*,*,#11695,.T.);
#11693=ORIENTED_EDGE('',*,*,#11696,.T.);
#11694=EDGE_CURVE('',#613,#395,#11697,.F.);
#11695=EDGE_CURVE('',#395,#801,#11698,.T.);
#11696=EDGE_CURVE('',#801,#613,#11699,.T.);
#11697=LINE('',#612,#11700);
#11698=LINE('',#394,#11701);
#11699=LINE('',#800,#11702);
#11700=VECTOR('',#11703,1.0);
#11701=VECTOR('',#11704,1.0);
#11702=VECTOR('',#11705,1.0);
#11703=DIRECTION('',(-0.06842629378766218,0.19941696671262116,0.97752274434185));
#11704=DIRECTION('',(0,0,-1));
#11705=DIRECTION('',(0.3245567392338114,-0.945866228923475,0));
#11706=FACE_SURFACE('',(#11711),#11707,.T.);
#11707=PLANE('',#11708);
#11708=AXIS2_PLACEMENT_3D('',#806,#11709,#11710);
#11709=DIRECTION('',(0.5568398976462725,0.8306198458917826,-0));
#11710=DIRECTION('',(0,0,1));
#11711=FACE_BOUND('',#11712,.T.);
#11712=EDGE_LOOP('',(#11713,#11714,#11715));
#11713=ORIENTED_EDGE('',*,*,#11716,.T.);
#11714=ORIENTED_EDGE('',*,*,#11717,.T.);
#11715=ORIENTED_EDGE('',*,*,#11718,.T.);
#11716=EDGE_CURVE('',#807,#575,#11719,.F.);
#11717=EDGE_CURVE('',#575,#577,#11720,.T.);
#11718=EDGE_CURVE('',#577,#807,#11721,.T.);
#11719=LINE('',#806,#11722);
#11720=LINE('',#574,#11723);
#11721=LINE('',#576,#11724);
#11722=VECTOR('',#11725,1.0);
#11723=VECTOR('',#11726,1.0);
#11724=VECTOR('',#11727,1.0);
#11725=DIRECTION('',(0,0,1));
#11726=DIRECTION('',(0.8306198458917827,-0.5568398976462725,0));
#11727=DIRECTION('',(-0.17498282747327448,0.11730687657175021,-0.9775582370367703));
#11728=FACE_SURFACE('',(#11733),#11729,.T.);
#11729=PLANE('',#11730);
#11730=AXIS2_PLACEMENT_3D('',#806,#11731,#11732);
#11731=DIRECTION('',(0.5568398976462725,0.8306198458917826,0));
#11732=DIRECTION('',(0.17498282747327448,-0.11730687657175021,0.9775582370367703));
#11733=FACE_BOUND('',#11734,.T.);
#11734=EDGE_LOOP('',(#11735,#11736,#11737));
#11735=ORIENTED_EDGE('',*,*,#11738,.T.);
#11736=ORIENTED_EDGE('',*,*,#11739,.T.);
#11737=ORIENTED_EDGE('',*,*,#11740,.T.);
#11738=EDGE_CURVE('',#807,#577,#11741,.F.);
#11739=EDGE_CURVE('',#577,#803,#11742,.T.);
#11740=EDGE_CURVE('',#803,#807,#11743,.T.);
#11741=LINE('',#806,#11744);
#11742=LINE('',#576,#11745);
#11743=LINE('',#802,#11746);
#11744=VECTOR('',#11747,1.0);
#11745=VECTOR('',#11748,1.0);
#11746=VECTOR('',#11749,1.0);
#11747=DIRECTION('',(0.17498282747327448,-0.11730687657175021,0.9775582370367703));
#11748=DIRECTION('',(0,0,-1));
#11749=DIRECTION('',(-0.8306198458917827,0.5568398976462725,0));
#11750=FACE_SURFACE('',(#11755),#11751,.T.);
#11751=PLANE('',#11752);
#11752=AXIS2_PLACEMENT_3D('',#612,#11753,#11754);
#11753=DIRECTION('',(-0.9809347973797589,-0.19433713821483328,0));
#11754=DIRECTION('',(0.04105204588262668,-0.2072140234224428,0.9774339251458045));
#11755=FACE_BOUND('',#11756,.T.);
#11756=EDGE_LOOP('',(#11757,#11758,#11759));
#11757=ORIENTED_EDGE('',*,*,#11760,.T.);
#11758=ORIENTED_EDGE('',*,*,#11761,.T.);
#11759=ORIENTED_EDGE('',*,*,#11762,.T.);
#11760=EDGE_CURVE('',#613,#105,#11763,.F.);
#11761=EDGE_CURVE('',#105,#393,#11764,.T.);
#11762=EDGE_CURVE('',#393,#613,#11765,.T.);
#11763=LINE('',#612,#11766);
#11764=LINE('',#104,#11767);
#11765=LINE('',#392,#11768);
#11766=VECTOR('',#11769,1.0);
#11767=VECTOR('',#11770,1.0);
#11768=VECTOR('',#11771,1.0);
#11769=DIRECTION('',(0.04105204588262668,-0.2072140234224428,0.9774339251458045));
#11770=DIRECTION('',(-0.1943371382148333,0.980934797379759,0));
#11771=DIRECTION('',(0,0,-1));
#11772=FACE_SURFACE('',(#11777),#11773,.T.);
#11773=PLANE('',#11774);
#11774=AXIS2_PLACEMENT_3D('',#422,#11775,#11776);
#11775=DIRECTION('',(0,0,-1));
#11776=DIRECTION('',(-0.3104493421672095,0.9505899252295634,0));
#11777=FACE_BOUND('',#11778,.T.);
#11778=EDGE_LOOP('',(#11779,#11780,#11781));
#11779=ORIENTED_EDGE('',*,*,#11782,.T.);
#11780=ORIENTED_EDGE('',*,*,#11783,.T.);
#11781=ORIENTED_EDGE('',*,*,#11784,.T.);
#11782=EDGE_CURVE('',#423,#805,#11785,.F.);
#11783=EDGE_CURVE('',#805,#443,#11786,.T.);
#11784=EDGE_CURVE('',#443,#423,#11787,.T.);
#11785=LINE('',#422,#11788);
#11786=LINE('',#804,#11789);
#11787=LINE('',#442,#11790);
#11788=VECTOR('',#11791,1.0);
#11789=VECTOR('',#11792,1.0);
#11790=VECTOR('',#11793,1.0);
#11791=DIRECTION('',(-0.3104493421672095,0.9505899252295634,0));
#11792=DIRECTION('',(0.4350712732628108,-0.9003960168622896,0));
#11793=DIRECTION('',(-0.7517107623898257,-0.6594929337811792,0));
#11794=FACE_SURFACE('',(#11799),#11795,.T.);
#11795=PLANE('',#11796);
#11796=AXIS2_PLACEMENT_3D('',#808,#11797,#11798);
#11797=DIRECTION('',(0.6594848682535297,0.7517178383839408,-0));
#11798=DIRECTION('',(0,0,1));
#11799=FACE_BOUND('',#11800,.T.);
#11800=EDGE_LOOP('',(#11801,#11802,#11803));
#11801=ORIENTED_EDGE('',*,*,#11804,.T.);
#11802=ORIENTED_EDGE('',*,*,#11805,.T.);
#11803=ORIENTED_EDGE('',*,*,#11806,.T.);
#11804=EDGE_CURVE('',#809,#593,#11807,.F.);
#11805=EDGE_CURVE('',#593,#575,#11808,.T.);
#11806=EDGE_CURVE('',#575,#809,#11809,.T.);
#11807=LINE('',#808,#11810);
#11808=LINE('',#592,#11811);
#11809=LINE('',#574,#11812);
#11810=VECTOR('',#11813,1.0);
#11811=VECTOR('',#11814,1.0);
#11812=VECTOR('',#11815,1.0);
#11813=DIRECTION('',(0,0,1));
#11814=DIRECTION('',(0.7517178383839409,-0.6594848682535297,0));
#11815=DIRECTION('',(-0.15929816461486634,0.13975287500149405,-0.9772887130623947));
#11816=FACE_SURFACE('',(#11821),#11817,.T.);
#11817=PLANE('',#11818);
#11818=AXIS2_PLACEMENT_3D('',#808,#11819,#11820);
#11819=DIRECTION('',(0.6594848682535297,0.7517178383839408,0));
#11820=DIRECTION('',(0.15929816461486634,-0.13975287500149405,0.9772887130623947));
#11821=FACE_BOUND('',#11822,.T.);
#11822=EDGE_LOOP('',(#11823,#11824,#11825));
#11823=ORIENTED_EDGE('',*,*,#11826,.T.);
#11824=ORIENTED_EDGE('',*,*,#11827,.T.);
#11825=ORIENTED_EDGE('',*,*,#11828,.T.);
#11826=EDGE_CURVE('',#809,#575,#11829,.F.);
#11827=EDGE_CURVE('',#575,#807,#11830,.T.);
#11828=EDGE_CURVE('',#807,#809,#11831,.T.);
#11829=LINE('',#808,#11832);
#11830=LINE('',#574,#11833);
#11831=LINE('',#806,#11834);
#11832=VECTOR('',#11835,1.0);
#11833=VECTOR('',#11836,1.0);
#11834=VECTOR('',#11837,1.0);
#11835=DIRECTION('',(0.15929816461486634,-0.13975287500149405,0.9772887130623947));
#11836=DIRECTION('',(0,0,-1));
#11837=DIRECTION('',(-0.7517178383839409,0.6594848682535297,0));
#11838=FACE_SURFACE('',(#11843),#11839,.T.);
#11839=PLANE('',#11840);
#11840=AXIS2_PLACEMENT_3D('',#450,#11841,#11842);
#11841=DIRECTION('',(-0,0,-1));
#11842=DIRECTION('',(-0.8306314521503602,-0.5568225845802091,0));
#11843=FACE_BOUND('',#11844,.T.);
#11844=EDGE_LOOP('',(#11845,#11846,#11847));
#11845=ORIENTED_EDGE('',*,*,#11848,.T.);
#11846=ORIENTED_EDGE('',*,*,#11849,.T.);
#11847=ORIENTED_EDGE('',*,*,#11850,.T.);
#11848=EDGE_CURVE('',#451,#443,#11851,.F.);
#11849=EDGE_CURVE('',#443,#805,#11852,.T.);
#11850=EDGE_CURVE('',#805,#451,#11853,.T.);
#11851=LINE('',#450,#11854);
#11852=LINE('',#442,#11855);
#11853=LINE('',#804,#11856);
#11854=VECTOR('',#11857,1.0);
#11855=VECTOR('',#11858,1.0);
#11856=VECTOR('',#11859,1.0);
#11857=DIRECTION('',(-0.8306314521503602,-0.5568225845802091,0));
#11858=DIRECTION('',(-0.4350712732628108,0.9003960168622896,0));
#11859=DIRECTION('',(0.560954570763649,-0.8278465857508687,0));
#11860=FACE_SURFACE('',(#11865),#11861,.T.);
#11861=PLANE('',#11862);
#11862=AXIS2_PLACEMENT_3D('',#102,#11863,#11864);
#11863=DIRECTION('',(0,-1,0));
#11864=DIRECTION('',(0,0,-1));
#11865=FACE_BOUND('',#11866,.T.);
#11866=EDGE_LOOP('',(#11867,#11868,#11869));
#11867=ORIENTED_EDGE('',*,*,#11870,.T.);
#11868=ORIENTED_EDGE('',*,*,#11871,.T.);
#11869=ORIENTED_EDGE('',*,*,#11872,.T.);
#11870=EDGE_CURVE('',#103,#169,#11873,.F.);
#11871=EDGE_CURVE('',#169,#499,#11874,.T.);
#11872=EDGE_CURVE('',#499,#103,#11875,.T.);
#11873=LINE('',#102,#11876);
#11874=LINE('',#168,#11877);
#11875=LINE('',#498,#11878);
#11876=VECTOR('',#11879,1.0);
#11877=VECTOR('',#11880,1.0);
#11878=VECTOR('',#11881,1.0);
#11879=DIRECTION('',(0,0,-1));
#11880=DIRECTION('',(1,0,0));
#11881=DIRECTION('',(-0.9987529612041245,0,0.049925168862934036));
#11882=FACE_SURFACE('',(#11887),#11883,.T.);
#11883=PLANE('',#11884);
#11884=AXIS2_PLACEMENT_3D('',#102,#11885,#11886);
#11885=DIRECTION('',(0,-1,0));
#11886=DIRECTION('',(0.9987529612041245,0,-0.049925168862934036));
#11887=FACE_BOUND('',#11888,.T.);
#11888=EDGE_LOOP('',(#11889,#11890,#11891));
#11889=ORIENTED_EDGE('',*,*,#11892,.T.);
#11890=ORIENTED_EDGE('',*,*,#11893,.T.);
#11891=ORIENTED_EDGE('',*,*,#11894,.T.);
#11892=EDGE_CURVE('',#103,#499,#11895,.F.);
#11893=EDGE_CURVE('',#499,#53,#11896,.T.);
#11894=EDGE_CURVE('',#53,#103,#11897,.T.);
#11895=LINE('',#102,#11898);
#11896=LINE('',#498,#11899);
#11897=LINE('',#52,#11900);
#11898=VECTOR('',#11901,1.0);
#11899=VECTOR('',#11902,1.0);
#11900=VECTOR('',#11903,1.0);
#11901=DIRECTION('',(0.9987529612041245,0,-0.049925168862934036));
#11902=DIRECTION('',(0,0,1));
#11903=DIRECTION('',(-1,0,0));
#11904=FACE_SURFACE('',(#11909),#11905,.T.);
#11905=PLANE('',#11906);
#11906=AXIS2_PLACEMENT_3D('',#810,#11907,#11908);
#11907=DIRECTION('',(0.7497029901059971,0.6617744529869125,-0));
#11908=DIRECTION('',(0,0,1));
#11909=FACE_BOUND('',#11910,.T.);
#11910=EDGE_LOOP('',(#11911,#11912,#11913));
#11911=ORIENTED_EDGE('',*,*,#11914,.T.);
#11912=ORIENTED_EDGE('',*,*,#11915,.T.);
#11913=ORIENTED_EDGE('',*,*,#11916,.T.);
#11914=EDGE_CURVE('',#811,#591,#11917,.F.);
#11915=EDGE_CURVE('',#591,#593,#11918,.T.);
#11916=EDGE_CURVE('',#593,#811,#11919,.T.);
#11917=LINE('',#810,#11920);
#11918=LINE('',#590,#11921);
#11919=LINE('',#592,#11922);
#11920=VECTOR('',#11923,1.0);
#11921=VECTOR('',#11924,1.0);
#11922=VECTOR('',#11925,1.0);
#11923=DIRECTION('',(0,0,1));
#11924=DIRECTION('',(0.6617744529869125,-0.7497029901059971,0));
#11925=DIRECTION('',(-0.13977366488217371,0.15834508876442163,-0.9774406148045993));
#11926=FACE_SURFACE('',(#11931),#11927,.T.);
#11927=PLANE('',#11928);
#11928=AXIS2_PLACEMENT_3D('',#810,#11929,#11930);
#11929=DIRECTION('',(0.7497029901059971,0.6617744529869125,0));
#11930=DIRECTION('',(0.13977366488217371,-0.15834508876442163,0.9774406148045993));
#11931=FACE_BOUND('',#11932,.T.);
#11932=EDGE_LOOP('',(#11933,#11934,#11935));
#11933=ORIENTED_EDGE('',*,*,#11936,.T.);
#11934=ORIENTED_EDGE('',*,*,#11937,.T.);
#11935=ORIENTED_EDGE('',*,*,#11938,.T.);
#11936=EDGE_CURVE('',#811,#593,#11939,.F.);
#11937=EDGE_CURVE('',#593,#809,#11940,.T.);
#11938=EDGE_CURVE('',#809,#811,#11941,.T.);
#11939=LINE('',#810,#11942);
#11940=LINE('',#592,#11943);
#11941=LINE('',#808,#11944);
#11942=VECTOR('',#11945,1.0);
#11943=VECTOR('',#11946,1.0);
#11944=VECTOR('',#11947,1.0);
#11945=DIRECTION('',(0.13977366488217371,-0.15834508876442163,0.9774406148045993));
#11946=DIRECTION('',(0,0,-1));
#11947=DIRECTION('',(-0.6617744529869125,0.7497029901059971,0));
#11948=FACE_SURFACE('',(#11953),#11949,.T.);
#11949=PLANE('',#11950);
#11950=AXIS2_PLACEMENT_3D('',#478,#11951,#11952);
#11951=DIRECTION('',(0,1,0));
#11952=DIRECTION('',(0,0,-1));
#11953=FACE_BOUND('',#11954,.T.);
#11954=EDGE_LOOP('',(#11955,#11956,#11957));
#11955=ORIENTED_EDGE('',*,*,#11958,.T.);
#11956=ORIENTED_EDGE('',*,*,#11959,.T.);
#11957=ORIENTED_EDGE('',*,*,#11960,.T.);
#11958=EDGE_CURVE('',#479,#177,#11961,.F.);
#11959=EDGE_CURVE('',#177,#705,#11962,.T.);
#11960=EDGE_CURVE('',#705,#479,#11963,.T.);
#11961=LINE('',#478,#11964);
#11962=LINE('',#176,#11965);
#11963=LINE('',#704,#11966);
#11964=VECTOR('',#11967,1.0);
#11965=VECTOR('',#11968,1.0);
#11966=VECTOR('',#11969,1.0);
#11967=DIRECTION('',(0,0,-1));
#11968=DIRECTION('',(-1,0,0));
#11969=DIRECTION('',(0.9987529612041245,0,0.049925168862934036));
#11970=FACE_SURFACE('',(#11975),#11971,.T.);
#11971=PLANE('',#11972);
#11972=AXIS2_PLACEMENT_3D('',#478,#11973,#11974);
#11973=DIRECTION('',(0,1,0));
#11974=DIRECTION('',(-0.9987529612041245,0,-0.049925168862934036));
#11975=FACE_BOUND('',#11976,.T.);
#11976=EDGE_LOOP('',(#11977,#11978,#11979));
#11977=ORIENTED_EDGE('',*,*,#11980,.T.);
#11978=ORIENTED_EDGE('',*,*,#11981,.T.);
#11979=ORIENTED_EDGE('',*,*,#11982,.T.);
#11980=EDGE_CURVE('',#479,#705,#11983,.F.);
#11981=EDGE_CURVE('',#705,#481,#11984,.T.);
#11982=EDGE_CURVE('',#481,#479,#11985,.T.);
#11983=LINE('',#478,#11986);
#11984=LINE('',#704,#11987);
#11985=LINE('',#480,#11988);
#11986=VECTOR('',#11989,1.0);
#11987=VECTOR('',#11990,1.0);
#11988=VECTOR('',#11991,1.0);
#11989=DIRECTION('',(-0.9987529612041245,0,-0.049925168862934036));
#11990=DIRECTION('',(0,0,1));
#11991=DIRECTION('',(1,0,0));
#11992=FACE_SURFACE('',(#11997),#11993,.T.);
#11993=PLANE('',#11994);
#11994=AXIS2_PLACEMENT_3D('',#460,#11995,#11996);
#11995=DIRECTION('',(0,-0,1));
#11996=DIRECTION('',(0.09598942396766943,0.9953823539154966,0));
#11997=FACE_BOUND('',#11998,.T.);
#11998=EDGE_LOOP('',(#11999,#12000,#12001));
#11999=ORIENTED_EDGE('',*,*,#12002,.T.);
#12000=ORIENTED_EDGE('',*,*,#12003,.T.);
#12001=ORIENTED_EDGE('',*,*,#12004,.T.);
#12002=EDGE_CURVE('',#461,#181,#12005,.F.);
#12003=EDGE_CURVE('',#181,#773,#12006,.T.);
#12004=EDGE_CURVE('',#773,#461,#12007,.T.);
#12005=LINE('',#460,#12008);
#12006=LINE('',#180,#12009);
#12007=LINE('',#772,#12010);
#12008=VECTOR('',#12011,1.0);
#12009=VECTOR('',#12012,1.0);
#12010=VECTOR('',#12013,1.0);
#12011=DIRECTION('',(0.09598942396766943,0.9953823539154966,0));
#12012=DIRECTION('',(-0.09918870396634977,-0.9950686413536887,0));
#12013=DIRECTION('',(0.8962673936458815,0.4435141024671238,0));
#12014=FACE_SURFACE('',(#12019),#12015,.T.);
#12015=PLANE('',#12016);
#12016=AXIS2_PLACEMENT_3D('',#450,#12017,#12018);
#12017=DIRECTION('',(0,0,-1));
#12018=DIRECTION('',(-0.560954570763649,0.8278465857508687,0));
#12019=FACE_BOUND('',#12020,.T.);
#12020=EDGE_LOOP('',(#12021,#12022,#12023));
#12021=ORIENTED_EDGE('',*,*,#12024,.T.);
#12022=ORIENTED_EDGE('',*,*,#12025,.T.);
#12023=ORIENTED_EDGE('',*,*,#12026,.T.);
#12024=EDGE_CURVE('',#451,#805,#12027,.F.);
#12025=EDGE_CURVE('',#805,#471,#12028,.T.);
#12026=EDGE_CURVE('',#471,#451,#12029,.T.);
#12027=LINE('',#450,#12030);
#12028=LINE('',#804,#12031);
#12029=LINE('',#470,#12032);
#12030=VECTOR('',#12033,1.0);
#12031=VECTOR('',#12034,1.0);
#12032=VECTOR('',#12035,1.0);
#12033=DIRECTION('',(-0.560954570763649,0.8278465857508687,0));
#12034=DIRECTION('',(0.6723458212258444,-0.7402371894738503,0));
#12035=DIRECTION('',(-0.8962665179548853,-0.4435158720869247,0));
#12036=FACE_SURFACE('',(#12041),#12037,.T.);
#12037=PLANE('',#12038);
#12038=AXIS2_PLACEMENT_3D('',#250,#12039,#12040);
#12039=DIRECTION('',(0,0,1));
#12040=DIRECTION('',(-0.8306137053899658,0.5568490571226201,0));
#12041=FACE_BOUND('',#12042,.T.);
#12042=EDGE_LOOP('',(#12043,#12044,#12045));
#12043=ORIENTED_EDGE('',*,*,#12046,.T.);
#12044=ORIENTED_EDGE('',*,*,#12047,.T.);
#12045=ORIENTED_EDGE('',*,*,#12048,.T.);
#12046=EDGE_CURVE('',#251,#447,#12049,.F.);
#12047=EDGE_CURVE('',#447,#181,#12050,.T.);
#12048=EDGE_CURVE('',#181,#251,#12051,.T.);
#12049=LINE('',#250,#12052);
#12050=LINE('',#446,#12053);
#12051=LINE('',#180,#12054);
#12052=VECTOR('',#12055,1.0);
#12053=VECTOR('',#12056,1.0);
#12054=VECTOR('',#12057,1.0);
#12055=DIRECTION('',(-0.8306137053899658,0.5568490571226201,0));
#12056=DIRECTION('',(0.2115875691401385,-0.9773590438448744,0));
#12057=DIRECTION('',(-0.20627062853026623,0.9784949809813686,0));
#12058=FACE_SURFACE('',(#12063),#12059,.T.);
#12059=PLANE('',#12060);
#12060=AXIS2_PLACEMENT_3D('',#598,#12061,#12062);
#12061=DIRECTION('',(-0.19433545580907408,0.9809351306867745,0));
#12062=DIRECTION('',(0.20721580767969422,0.04105203002372371,-0.9774335475512305));
#12063=FACE_BOUND('',#12064,.T.);
#12064=EDGE_LOOP('',(#12065,#12066,#12067));
#12065=ORIENTED_EDGE('',*,*,#12068,.T.);
#12066=ORIENTED_EDGE('',*,*,#12069,.T.);
#12067=ORIENTED_EDGE('',*,*,#12070,.T.);
#12068=EDGE_CURVE('',#599,#305,#12071,.F.);
#12069=EDGE_CURVE('',#305,#813,#12072,.T.);
#12070=EDGE_CURVE('',#813,#599,#12073,.T.);
#12071=LINE('',#598,#12074);
#12072=LINE('',#304,#12075);
#12073=LINE('',#812,#12076);
#12074=VECTOR('',#12077,1.0);
#12075=VECTOR('',#12078,1.0);
#12076=VECTOR('',#12079,1.0);
#12077=DIRECTION('',(0.20721580767969422,0.04105203002372371,-0.9774335475512305));
#12078=DIRECTION('',(-0.9809351306867745,-0.19433545580907408,0));
#12079=DIRECTION('',(0,0,1));
#12080=FACE_SURFACE('',(#12085),#12081,.T.);
#12081=PLANE('',#12082);
#12082=AXIS2_PLACEMENT_3D('',#476,#12083,#12084);
#12083=DIRECTION('',(-0,0,-1));
#12084=DIRECTION('',(-0.9477515347235277,-0.3190094488086488,0));
#12085=FACE_BOUND('',#12086,.T.);
#12086=EDGE_LOOP('',(#12087,#12088,#12089));
#12087=ORIENTED_EDGE('',*,*,#12090,.T.);
#12088=ORIENTED_EDGE('',*,*,#12091,.T.);
#12089=ORIENTED_EDGE('',*,*,#12092,.T.);
#12090=EDGE_CURVE('',#477,#471,#12093,.F.);
#12091=EDGE_CURVE('',#471,#805,#12094,.T.);
#12092=EDGE_CURVE('',#805,#477,#12095,.T.);
#12093=LINE('',#476,#12096);
#12094=LINE('',#470,#12097);
#12095=LINE('',#804,#12098);
#12096=VECTOR('',#12099,1.0);
#12097=VECTOR('',#12100,1.0);
#12098=VECTOR('',#12101,1.0);
#12099=DIRECTION('',(-0.9477515347235277,-0.3190094488086488,0));
#12100=DIRECTION('',(-0.6723458212258444,0.7402371894738503,0));
#12101=DIRECTION('',(0.7580315549226363,-0.652217879041636,0));
#12102=FACE_SURFACE('',(#12107),#12103,.T.);
#12103=PLANE('',#12104);
#12104=AXIS2_PLACEMENT_3D('',#84,#12105,#12106);
#12105=DIRECTION('',(0,1,0));
#12106=DIRECTION('',(-1,0,0));
#12107=FACE_BOUND('',#12108,.T.);
#12108=EDGE_LOOP('',(#12109,#12110,#12111));
#12109=ORIENTED_EDGE('',*,*,#12112,.T.);
#12110=ORIENTED_EDGE('',*,*,#12113,.T.);
#12111=ORIENTED_EDGE('',*,*,#12114,.T.);
#12112=EDGE_CURVE('',#85,#137,#12115,.F.);
#12113=EDGE_CURVE('',#137,#561,#12116,.T.);
#12114=EDGE_CURVE('',#561,#85,#12117,.T.);
#12115=LINE('',#84,#12118);
#12116=LINE('',#136,#12119);
#12117=LINE('',#560,#12120);
#12118=VECTOR('',#12121,1.0);
#12119=VECTOR('',#12122,1.0);
#12120=VECTOR('',#12123,1.0);
#12121=DIRECTION('',(-1,0,0));
#12122=DIRECTION('',(0,0,1));
#12123=DIRECTION('',(0.9998347817418842,0,-0.01817716202157563));
#12124=FACE_SURFACE('',(#12129),#12125,.T.);
#12125=PLANE('',#12126);
#12126=AXIS2_PLACEMENT_3D('',#464,#12127,#12128);
#12127=DIRECTION('',(0,0,1));
#12128=DIRECTION('',(-0.554699178911613,0.8320509725460227,0));
#12129=FACE_BOUND('',#12130,.T.);
#12130=EDGE_LOOP('',(#12131,#12132,#12133));
#12131=ORIENTED_EDGE('',*,*,#12134,.T.);
#12132=ORIENTED_EDGE('',*,*,#12135,.T.);
#12133=ORIENTED_EDGE('',*,*,#12136,.T.);
#12134=EDGE_CURVE('',#465,#553,#12137,.F.);
#12135=EDGE_CURVE('',#553,#181,#12138,.T.);
#12136=EDGE_CURVE('',#181,#465,#12139,.T.);
#12137=LINE('',#464,#12140);
#12138=LINE('',#552,#12141);
#12139=LINE('',#180,#12142);
#12140=VECTOR('',#12143,1.0);
#12141=VECTOR('',#12144,1.0);
#12142=VECTOR('',#12145,1.0);
#12143=DIRECTION('',(-0.554699178911613,0.8320509725460227,0));
#12144=DIRECTION('',(0.22243708517654837,-0.9749470463251638,0));
#12145=DIRECTION('',(-0.21975921429303974,0.975554143927084,0));
#12146=FACE_SURFACE('',(#12151),#12147,.T.);
#12147=PLANE('',#12148);
#12148=AXIS2_PLACEMENT_3D('',#168,#12149,#12150);
#12149=DIRECTION('',(1,0,-0));
#12150=DIRECTION('',(0,0,1));
#12151=FACE_BOUND('',#12152,.T.);
#12152=EDGE_LOOP('',(#12153,#12154,#12155));
#12153=ORIENTED_EDGE('',*,*,#12156,.T.);
#12154=ORIENTED_EDGE('',*,*,#12157,.T.);
#12155=ORIENTED_EDGE('',*,*,#12158,.T.);
#12156=EDGE_CURVE('',#169,#103,#12159,.F.);
#12157=EDGE_CURVE('',#103,#481,#12160,.T.);
#12158=EDGE_CURVE('',#481,#169,#12161,.T.);
#12159=LINE('',#168,#12162);
#12160=LINE('',#102,#12163);
#12161=LINE('',#480,#12164);
#12162=VECTOR('',#12165,1.0);
#12163=VECTOR('',#12166,1.0);
#12164=VECTOR('',#12167,1.0);
#12165=DIRECTION('',(0,0,1));
#12166=DIRECTION('',(0,-1,0));
#12167=DIRECTION('',(0,0.9987529609667748,-0.04992517361111529));
#12168=FACE_SURFACE('',(#12173),#12169,.T.);
#12169=PLANE('',#12170);
#12170=AXIS2_PLACEMENT_3D('',#168,#12171,#12172);
#12171=DIRECTION('',(1,0,0));
#12172=DIRECTION('',(0,-0.9987529609667748,0.04992517361111529));
#12173=FACE_BOUND('',#12174,.T.);
#12174=EDGE_LOOP('',(#12175,#12176,#12177));
#12175=ORIENTED_EDGE('',*,*,#12178,.T.);
#12176=ORIENTED_EDGE('',*,*,#12179,.T.);
#12177=ORIENTED_EDGE('',*,*,#12180,.T.);
#12178=EDGE_CURVE('',#169,#481,#12181,.F.);
#12179=EDGE_CURVE('',#481,#705,#12182,.T.);
#12180=EDGE_CURVE('',#705,#169,#12183,.T.);
#12181=LINE('',#168,#12184);
#12182=LINE('',#480,#12185);
#12183=LINE('',#704,#12186);
#12184=VECTOR('',#12187,1.0);
#12185=VECTOR('',#12188,1.0);
#12186=VECTOR('',#12189,1.0);
#12187=DIRECTION('',(0,-0.9987529609667748,0.04992517361111529));
#12188=DIRECTION('',(0,0,-1));
#12189=DIRECTION('',(0,1,0));
#12190=FACE_SURFACE('',(#12195),#12191,.T.);
#12191=PLANE('',#12192);
#12192=AXIS2_PLACEMENT_3D('',#476,#12193,#12194);
#12193=DIRECTION('',(0,0,-1));
#12194=DIRECTION('',(-0.7580315549226363,0.652217879041636,0));
#12195=FACE_BOUND('',#12196,.T.);
#12196=EDGE_LOOP('',(#12197,#12198,#12199));
#12197=ORIENTED_EDGE('',*,*,#12200,.T.);
#12198=ORIENTED_EDGE('',*,*,#12201,.T.);
#12199=ORIENTED_EDGE('',*,*,#12202,.T.);
#12200=EDGE_CURVE('',#477,#805,#12203,.F.);
#12201=EDGE_CURVE('',#805,#491,#12204,.T.);
#12202=EDGE_CURVE('',#491,#477,#12205,.T.);
#12203=LINE('',#476,#12206);
#12204=LINE('',#804,#12207);
#12205=LINE('',#490,#12208);
#12206=VECTOR('',#12209,1.0);
#12207=VECTOR('',#12210,1.0);
#12208=VECTOR('',#12211,1.0);
#12209=DIRECTION('',(-0.7580315549226363,0.652217879041636,0));
#12210=DIRECTION('',(0.8175985878668754,-0.5757886323279499,0));
#12211=DIRECTION('',(-0.9809361305558842,-0.1943304087631403,0));
#12212=FACE_SURFACE('',(#12217),#12213,.T.);
#12213=PLANE('',#12214);
#12214=AXIS2_PLACEMENT_3D('',#598,#12215,#12216);
#12215=DIRECTION('',(-0.06927930334134713,0.9975973025868392,0));
#12216=DIRECTION('',(0,0,-1));
#12217=FACE_BOUND('',#12218,.T.);
#12218=EDGE_LOOP('',(#12219,#12220,#12221));
#12219=ORIENTED_EDGE('',*,*,#12222,.T.);
#12220=ORIENTED_EDGE('',*,*,#12223,.T.);
#12221=ORIENTED_EDGE('',*,*,#12224,.T.);
#12222=EDGE_CURVE('',#599,#813,#12225,.F.);
#12223=EDGE_CURVE('',#813,#787,#12226,.T.);
#12224=EDGE_CURVE('',#787,#599,#12227,.T.);
#12225=LINE('',#598,#12228);
#12226=LINE('',#812,#12229);
#12227=LINE('',#786,#12230);
#12228=VECTOR('',#12231,1.0);
#12229=VECTOR('',#12232,1.0);
#12230=VECTOR('',#12233,1.0);
#12231=DIRECTION('',(0,0,-1));
#12232=DIRECTION('',(-0.9975973025868392,-0.06927930334134713,0));
#12233=DIRECTION('',(0.2111078233799889,0.01466062798661253,0.9773528292765115));
#12234=FACE_SURFACE('',(#12239),#12235,.T.);
#12235=PLANE('',#12236);
#12236=AXIS2_PLACEMENT_3D('',#598,#12237,#12238);
#12237=DIRECTION('',(-0.06927930334134713,0.9975973025868392,0));
#12238=DIRECTION('',(-0.2111078233799889,-0.01466062798661253,-0.9773528292765115));
#12239=FACE_BOUND('',#12240,.T.);
#12240=EDGE_LOOP('',(#12241,#12242,#12243));
#12241=ORIENTED_EDGE('',*,*,#12244,.T.);
#12242=ORIENTED_EDGE('',*,*,#12245,.T.);
#12243=ORIENTED_EDGE('',*,*,#12246,.T.);
#12244=EDGE_CURVE('',#599,#787,#12247,.F.);
#12245=EDGE_CURVE('',#787,#597,#12248,.T.);
#12246=EDGE_CURVE('',#597,#599,#12249,.T.);
#12247=LINE('',#598,#12250);
#12248=LINE('',#786,#12251);
#12249=LINE('',#596,#12252);
#12250=VECTOR('',#12253,1.0);
#12251=VECTOR('',#12254,1.0);
#12252=VECTOR('',#12255,1.0);
#12253=DIRECTION('',(-0.2111078233799889,-0.01466062798661253,-0.9773528292765115));
#12254=DIRECTION('',(0,0,1));
#12255=DIRECTION('',(0.9975973025868392,0.06927930334134713,0));
#12256=FACE_SURFACE('',(#12261),#12257,.T.);
#12257=PLANE('',#12258);
#12258=AXIS2_PLACEMENT_3D('',#552,#12259,#12260);
#12259=DIRECTION('',(0,0,1));
#12260=DIRECTION('',(0,-1,0));
#12261=FACE_BOUND('',#12262,.T.);
#12262=EDGE_LOOP('',(#12263,#12264,#12265));
#12263=ORIENTED_EDGE('',*,*,#12266,.T.);
#12264=ORIENTED_EDGE('',*,*,#12267,.T.);
#12265=ORIENTED_EDGE('',*,*,#12268,.T.);
#12266=EDGE_CURVE('',#553,#625,#12269,.F.);
#12267=EDGE_CURVE('',#625,#181,#12270,.T.);
#12268=EDGE_CURVE('',#181,#553,#12271,.T.);
#12269=LINE('',#552,#12272);
#12270=LINE('',#624,#12273);
#12271=LINE('',#180,#12274);
#12272=VECTOR('',#12275,1.0);
#12273=VECTOR('',#12276,1.0);
#12274=VECTOR('',#12277,1.0);
#12275=DIRECTION('',(0,-1,0));
#12276=DIRECTION('',(0.10850432205189453,0.994095977306044,0));
#12277=DIRECTION('',(-0.22243708517654837,0.9749470463251638,0));
#12278=FACE_SURFACE('',(#12283),#12279,.T.);
#12279=PLANE('',#12280);
#12280=AXIS2_PLACEMENT_3D('',#180,#12281,#12282);
#12281=DIRECTION('',(0,-1,0));
#12282=DIRECTION('',(0,0,-1));
#12283=FACE_BOUND('',#12284,.T.);
#12284=EDGE_LOOP('',(#12285,#12286,#12287));
#12285=ORIENTED_EDGE('',*,*,#12288,.T.);
#12286=ORIENTED_EDGE('',*,*,#12289,.T.);
#12287=ORIENTED_EDGE('',*,*,#12290,.T.);
#12288=EDGE_CURVE('',#181,#143,#12291,.F.);
#12289=EDGE_CURVE('',#143,#175,#12292,.T.);
#12290=EDGE_CURVE('',#175,#181,#12293,.T.);
#12291=LINE('',#180,#12294);
#12292=LINE('',#142,#12295);
#12293=LINE('',#174,#12296);
#12294=VECTOR('',#12297,1.0);
#12295=VECTOR('',#12298,1.0);
#12296=VECTOR('',#12299,1.0);
#12297=DIRECTION('',(0,0,-1));
#12298=DIRECTION('',(1,0,0));
#12299=DIRECTION('',(-0.9998347817418842,0,0.01817716202157563));
#12300=FACE_SURFACE('',(#12305),#12301,.T.);
#12301=PLANE('',#12302);
#12302=AXIS2_PLACEMENT_3D('',#590,#12303,#12304);
#12303=DIRECTION('',(0.8320509725460228,0.554699178911613,0));
#12304=DIRECTION('',(0,0,-1));
#12305=FACE_BOUND('',#12306,.T.);
#12306=EDGE_LOOP('',(#12307,#12308,#12309));
#12307=ORIENTED_EDGE('',*,*,#12310,.T.);
#12308=ORIENTED_EDGE('',*,*,#12311,.T.);
#12309=ORIENTED_EDGE('',*,*,#12312,.T.);
#12310=EDGE_CURVE('',#591,#811,#12313,.F.);
#12311=EDGE_CURVE('',#811,#607,#12314,.T.);
#12312=EDGE_CURVE('',#607,#591,#12315,.T.);
#12313=LINE('',#590,#12316);
#12314=LINE('',#810,#12317);
#12315=LINE('',#606,#12318);
#12316=VECTOR('',#12319,1.0);
#12317=VECTOR('',#12320,1.0);
#12318=VECTOR('',#12321,1.0);
#12319=DIRECTION('',(0,0,-1));
#12320=DIRECTION('',(-0.1172867515084327,0.17593059331877087,0.9773905280158511));
#12321=DIRECTION('',(0.554699178911613,-0.8320509725460227,0));
#12322=FACE_SURFACE('',(#12327),#12323,.T.);
#12323=PLANE('',#12324);
#12324=AXIS2_PLACEMENT_3D('',#814,#12325,#12326);
#12325=DIRECTION('',(0.8320509725460228,0.554699178911613,-0));
#12326=DIRECTION('',(0,0,1));
#12327=FACE_BOUND('',#12328,.T.);
#12328=EDGE_LOOP('',(#12329,#12330,#12331));
#12329=ORIENTED_EDGE('',*,*,#12332,.T.);
#12330=ORIENTED_EDGE('',*,*,#12333,.T.);
#12331=ORIENTED_EDGE('',*,*,#12334,.T.);
#12332=EDGE_CURVE('',#815,#607,#12335,.F.);
#12333=EDGE_CURVE('',#607,#811,#12336,.T.);
#12334=EDGE_CURVE('',#811,#815,#12337,.T.);
#12335=LINE('',#814,#12338);
#12336=LINE('',#606,#12339);
#12337=LINE('',#810,#12340);
#12338=VECTOR('',#12341,1.0);
#12339=VECTOR('',#12342,1.0);
#12340=VECTOR('',#12343,1.0);
#12341=DIRECTION('',(0,0,1));
#12342=DIRECTION('',(0.1172867515084327,-0.17593059331877087,-0.9773905280158511));
#12343=DIRECTION('',(-0.554699178911613,0.8320509725460227,0));
#12344=FACE_SURFACE('',(#12349),#12345,.T.);
#12345=PLANE('',#12346);
#12346=AXIS2_PLACEMENT_3D('',#774,#12347,#12348);
#12347=DIRECTION('',(0,-0,1));
#12348=DIRECTION('',(0.10207267120920711,0.9947769447429997,0));
#12349=FACE_BOUND('',#12350,.T.);
#12350=EDGE_LOOP('',(#12351,#12352,#12353));
#12351=ORIENTED_EDGE('',*,*,#12354,.T.);
#12352=ORIENTED_EDGE('',*,*,#12355,.T.);
#12353=ORIENTED_EDGE('',*,*,#12356,.T.);
#12354=EDGE_CURVE('',#775,#181,#12357,.F.);
#12355=EDGE_CURVE('',#181,#761,#12358,.T.);
#12356=EDGE_CURVE('',#761,#775,#12359,.T.);
#12357=LINE('',#774,#12360);
#12358=LINE('',#180,#12361);
#12359=LINE('',#760,#12362);
#12360=VECTOR('',#12363,1.0);
#12361=VECTOR('',#12364,1.0);
#12362=VECTOR('',#12365,1.0);
#12363=DIRECTION('',(0.10207267120920711,0.9947769447429997,0));
#12364=DIRECTION('',(-0.10462503422761073,-0.9945117406108746,0));
#12365=DIRECTION('',(0.7517189285608283,0.6594836256067017,0));
#12366=FACE_SURFACE('',(#12371),#12367,.T.);
#12367=PLANE('',#12368);
#12368=AXIS2_PLACEMENT_3D('',#142,#12369,#12370);
#12369=DIRECTION('',(1,0,-0));
#12370=DIRECTION('',(0,0,1));
#12371=FACE_BOUND('',#12372,.T.);
#12372=EDGE_LOOP('',(#12373,#12374,#12375));
#12373=ORIENTED_EDGE('',*,*,#12376,.T.);
#12374=ORIENTED_EDGE('',*,*,#12377,.T.);
#12375=ORIENTED_EDGE('',*,*,#12378,.T.);
#12376=EDGE_CURVE('',#143,#181,#12379,.F.);
#12377=EDGE_CURVE('',#181,#561,#12380,.T.);
#12378=EDGE_CURVE('',#561,#143,#12381,.T.);
#12379=LINE('',#142,#12382);
#12380=LINE('',#180,#12383);
#12381=LINE('',#560,#12384);
#12382=VECTOR('',#12385,1.0);
#12383=VECTOR('',#12386,1.0);
#12384=VECTOR('',#12387,1.0);
#12385=DIRECTION('',(0,0,1));
#12386=DIRECTION('',(0,-1,0));
#12387=DIRECTION('',(0,0.9998220817751866,-0.018862788625548313));
#12388=FACE_SURFACE('',(#12393),#12389,.T.);
#12389=PLANE('',#12390);
#12390=AXIS2_PLACEMENT_3D('',#142,#12391,#12392);
#12391=DIRECTION('',(1,0,0));
#12392=DIRECTION('',(0,-0.9998220817751866,0.018862788625548313));
#12393=FACE_BOUND('',#12394,.T.);
#12394=EDGE_LOOP('',(#12395,#12396,#12397));
#12395=ORIENTED_EDGE('',*,*,#12398,.T.);
#12396=ORIENTED_EDGE('',*,*,#12399,.T.);
#12397=ORIENTED_EDGE('',*,*,#12400,.T.);
#12398=EDGE_CURVE('',#143,#561,#12401,.F.);
#12399=EDGE_CURVE('',#561,#137,#12402,.T.);
#12400=EDGE_CURVE('',#137,#143,#12403,.T.);
#12401=LINE('',#142,#12404);
#12402=LINE('',#560,#12405);
#12403=LINE('',#136,#12406);
#12404=VECTOR('',#12407,1.0);
#12405=VECTOR('',#12408,1.0);
#12406=VECTOR('',#12409,1.0);
#12407=DIRECTION('',(0,-0.9998220817751866,0.018862788625548313));
#12408=DIRECTION('',(0,0,-1));
#12409=DIRECTION('',(0,1,0));
#12410=FACE_SURFACE('',(#12415),#12411,.T.);
#12411=PLANE('',#12412);
#12412=AXIS2_PLACEMENT_3D('',#816,#12413,#12414);
#12413=DIRECTION('',(0.898098902354228,0.4397935442797345,-0));
#12414=DIRECTION('',(0,0,1));
#12415=FACE_BOUND('',#12416,.T.);
#12416=EDGE_LOOP('',(#12417,#12418,#12419));
#12417=ORIENTED_EDGE('',*,*,#12420,.T.);
#12418=ORIENTED_EDGE('',*,*,#12421,.T.);
#12419=ORIENTED_EDGE('',*,*,#12422,.T.);
#12420=EDGE_CURVE('',#817,#619,#12423,.F.);
#12421=EDGE_CURVE('',#619,#607,#12424,.T.);
#12422=EDGE_CURVE('',#607,#817,#12425,.T.);
#12423=LINE('',#816,#12426);
#12424=LINE('',#618,#12427);
#12425=LINE('',#606,#12428);
#12426=VECTOR('',#12429,1.0);
#12427=VECTOR('',#12430,1.0);
#12428=VECTOR('',#12431,1.0);
#12429=DIRECTION('',(0,0,1));
#12430=DIRECTION('',(0.4397935442797345,-0.8980989023542281,0));
#12431=DIRECTION('',(-0.09285854011279739,0.1896256869484072,-0.9774555695158039));
#12432=FACE_SURFACE('',(#12437),#12433,.T.);
#12433=PLANE('',#12434);
#12434=AXIS2_PLACEMENT_3D('',#816,#12435,#12436);
#12435=DIRECTION('',(0.898098902354228,0.4397935442797345,0));
#12436=DIRECTION('',(0.09285854011279739,-0.1896256869484072,0.9774555695158039));
#12437=FACE_BOUND('',#12438,.T.);
#12438=EDGE_LOOP('',(#12439,#12440,#12441));
#12439=ORIENTED_EDGE('',*,*,#12442,.T.);
#12440=ORIENTED_EDGE('',*,*,#12443,.T.);
#12441=ORIENTED_EDGE('',*,*,#12444,.T.);
#12442=EDGE_CURVE('',#817,#607,#12445,.F.);
#12443=EDGE_CURVE('',#607,#815,#12446,.T.);
#12444=EDGE_CURVE('',#815,#817,#12447,.T.);
#12445=LINE('',#816,#12448);
#12446=LINE('',#606,#12449);
#12447=LINE('',#814,#12450);
#12448=VECTOR('',#12451,1.0);
#12449=VECTOR('',#12452,1.0);
#12450=VECTOR('',#12453,1.0);
#12451=DIRECTION('',(0.09285854011279739,-0.1896256869484072,0.9774555695158039));
#12452=DIRECTION('',(0,0,-1));
#12453=DIRECTION('',(-0.4397935442797345,0.8980989023542281,0));
#12454=FACE_SURFACE('',(#12459),#12455,.T.);
#12455=PLANE('',#12456);
#12456=AXIS2_PLACEMENT_3D('',#176,#12457,#12458);
#12457=DIRECTION('',(-1,0,0));
#12458=DIRECTION('',(0,0,1));
#12459=FACE_BOUND('',#12460,.T.);
#12460=EDGE_LOOP('',(#12461,#12462,#12463));
#12461=ORIENTED_EDGE('',*,*,#12464,.T.);
#12462=ORIENTED_EDGE('',*,*,#12465,.T.);
#12463=ORIENTED_EDGE('',*,*,#12466,.T.);
#12464=EDGE_CURVE('',#177,#479,#12467,.F.);
#12465=EDGE_CURVE('',#479,#53,#12468,.T.);
#12466=EDGE_CURVE('',#53,#177,#12469,.T.);
#12467=LINE('',#176,#12470);
#12468=LINE('',#478,#12471);
#12469=LINE('',#52,#12472);
#12470=VECTOR('',#12473,1.0);
#12471=VECTOR('',#12474,1.0);
#12472=VECTOR('',#12475,1.0);
#12473=DIRECTION('',(0,0,1));
#12474=DIRECTION('',(0,1,0));
#12475=DIRECTION('',(0,-0.9987529609667748,-0.04992517361111529));
#12476=FACE_SURFACE('',(#12481),#12477,.T.);
#12477=PLANE('',#12478);
#12478=AXIS2_PLACEMENT_3D('',#176,#12479,#12480);
#12479=DIRECTION('',(-1,0,0));
#12480=DIRECTION('',(0,0.9987529609667748,0.04992517361111529));
#12481=FACE_BOUND('',#12482,.T.);
#12482=EDGE_LOOP('',(#12483,#12484,#12485));
#12483=ORIENTED_EDGE('',*,*,#12486,.T.);
#12484=ORIENTED_EDGE('',*,*,#12487,.T.);
#12485=ORIENTED_EDGE('',*,*,#12488,.T.);
#12486=EDGE_CURVE('',#177,#53,#12489,.F.);
#12487=EDGE_CURVE('',#53,#499,#12490,.T.);
#12488=EDGE_CURVE('',#499,#177,#12491,.T.);
#12489=LINE('',#176,#12492);
#12490=LINE('',#52,#12493);
#12491=LINE('',#498,#12494);
#12492=VECTOR('',#12495,1.0);
#12493=VECTOR('',#12496,1.0);
#12494=VECTOR('',#12497,1.0);
#12495=DIRECTION('',(0,0.9987529609667748,0.04992517361111529));
#12496=DIRECTION('',(0,0,-1));
#12497=DIRECTION('',(0,-1,0));
#12498=FACE_SURFACE('',(#12503),#12499,.T.);
#12499=PLANE('',#12500);
#12500=AXIS2_PLACEMENT_3D('',#546,#12501,#12502);
#12501=DIRECTION('',(0,0,-1));
#12502=DIRECTION('',(0.9325307958200739,0.36109045244533916,0));
#12503=FACE_BOUND('',#12504,.T.);
#12504=EDGE_LOOP('',(#12505,#12506,#12507));
#12505=ORIENTED_EDGE('',*,*,#12508,.T.);
#12506=ORIENTED_EDGE('',*,*,#12509,.T.);
#12507=ORIENTED_EDGE('',*,*,#12510,.T.);
#12508=EDGE_CURVE('',#547,#39,#12511,.F.);
#12509=EDGE_CURVE('',#39,#549,#12512,.T.);
#12510=EDGE_CURVE('',#549,#547,#12513,.T.);
#12511=LINE('',#546,#12514);
#12512=LINE('',#38,#12515);
#12513=LINE('',#548,#12516);
#12514=VECTOR('',#12517,1.0);
#12515=VECTOR('',#12518,1.0);
#12516=VECTOR('',#12519,1.0);
#12517=DIRECTION('',(0.9325307958200739,0.36109045244533916,0));
#12518=DIRECTION('',(-0.913226844040813,-0.40745150794083024,0));
#12519=DIRECTION('',(-0.9477551241768418,0.31899878463175874,0));
#12520=FACE_SURFACE('',(#12525),#12521,.T.);
#12521=PLANE('',#12522);
#12522=AXIS2_PLACEMENT_3D('',#228,#12523,#12524);
#12523=DIRECTION('',(0,0,1));
#12524=DIRECTION('',(-0.9477542268472612,0.31900145061292456,0));
#12525=FACE_BOUND('',#12526,.T.);
#12526=EDGE_LOOP('',(#12527,#12528,#12529));
#12527=ORIENTED_EDGE('',*,*,#12530,.T.);
#12528=ORIENTED_EDGE('',*,*,#12531,.T.);
#12529=ORIENTED_EDGE('',*,*,#12532,.T.);
#12530=EDGE_CURVE('',#229,#417,#12533,.F.);
#12531=EDGE_CURVE('',#417,#181,#12534,.T.);
#12532=EDGE_CURVE('',#181,#229,#12535,.T.);
#12533=LINE('',#228,#12536);
#12534=LINE('',#416,#12537);
#12535=LINE('',#180,#12538);
#12536=VECTOR('',#12539,1.0);
#12537=VECTOR('',#12540,1.0);
#12538=VECTOR('',#12541,1.0);
#12539=DIRECTION('',(-0.9477542268472612,0.31900145061292456,0));
#12540=DIRECTION('',(0.20018902252194518,-0.9797572940589461,0));
#12541=DIRECTION('',(-0.19346348435382474,0.9811074763865972,0));
#12542=FACE_SURFACE('',(#12547),#12543,.T.);
#12543=PLANE('',#12544);
#12544=AXIS2_PLACEMENT_3D('',#218,#12545,#12546);
#12545=DIRECTION('',(0,-0,1));
#12546=DIRECTION('',(0.08891731279698863,0.9960390110256538,0));
#12547=FACE_BOUND('',#12548,.T.);
#12548=EDGE_LOOP('',(#12549,#12550,#12551));
#12549=ORIENTED_EDGE('',*,*,#12552,.T.);
#12550=ORIENTED_EDGE('',*,*,#12553,.T.);
#12551=ORIENTED_EDGE('',*,*,#12554,.T.);
#12552=EDGE_CURVE('',#219,#181,#12555,.F.);
#12553=EDGE_CURVE('',#181,#459,#12556,.T.);
#12554=EDGE_CURVE('',#459,#219,#12557,.T.);
#12555=LINE('',#218,#12558);
#12556=LINE('',#180,#12559);
#12557=LINE('',#458,#12560);
#12558=VECTOR('',#12561,1.0);
#12559=VECTOR('',#12562,1.0);
#12560=VECTOR('',#12563,1.0);
#12561=DIRECTION('',(0.08891731279698863,0.9960390110256538,0));
#12562=DIRECTION('',(-0.09254125386099694,-0.9957088511878532,0));
#12563=DIRECTION('',(0.9809347100867873,0.1943375788337149,0));
#12564=FACE_SURFACE('',(#12569),#12565,.T.);
#12565=PLANE('',#12566);
#12566=AXIS2_PLACEMENT_3D('',#180,#12567,#12568);
#12567=DIRECTION('',(0,-1,0));
#12568=DIRECTION('',(0.9998347817418842,0,-0.01817716202157563));
#12569=FACE_BOUND('',#12570,.T.);
#12570=EDGE_LOOP('',(#12571,#12572,#12573));
#12571=ORIENTED_EDGE('',*,*,#12574,.T.);
#12572=ORIENTED_EDGE('',*,*,#12575,.T.);
#12573=ORIENTED_EDGE('',*,*,#12576,.T.);
#12574=EDGE_CURVE('',#181,#175,#12577,.F.);
#12575=EDGE_CURVE('',#175,#439,#12578,.T.);
#12576=EDGE_CURVE('',#439,#181,#12579,.T.);
#12577=LINE('',#180,#12580);
#12578=LINE('',#174,#12581);
#12579=LINE('',#438,#12582);
#12580=VECTOR('',#12583,1.0);
#12581=VECTOR('',#12584,1.0);
#12582=VECTOR('',#12585,1.0);
#12583=DIRECTION('',(0.9998347817418842,0,-0.01817716202157563));
#12584=DIRECTION('',(0,0,1));
#12585=DIRECTION('',(-1,0,0));
#12586=FACE_SURFACE('',(#12591),#12587,.T.);
#12587=PLANE('',#12588);
#12588=AXIS2_PLACEMENT_3D('',#818,#12589,#12590);
#12589=DIRECTION('',(0.9458652973625161,0.3245594540994282,-0));
#12590=DIRECTION('',(0,0,1));
#12591=FACE_BOUND('',#12592,.T.);
#12592=EDGE_LOOP('',(#12593,#12594,#12595));
#12593=ORIENTED_EDGE('',*,*,#12596,.T.);
#12594=ORIENTED_EDGE('',*,*,#12597,.T.);
#12595=ORIENTED_EDGE('',*,*,#12598,.T.);
#12596=EDGE_CURVE('',#819,#629,#12599,.F.);
#12597=EDGE_CURVE('',#629,#619,#12600,.T.);
#12598=EDGE_CURVE('',#619,#819,#12601,.T.);
#12599=LINE('',#818,#12602);
#12600=LINE('',#628,#12603);
#12601=LINE('',#618,#12604);
#12602=VECTOR('',#12605,1.0);
#12603=VECTOR('',#12606,1.0);
#12604=VECTOR('',#12607,1.0);
#12605=DIRECTION('',(0,0,1));
#12606=DIRECTION('',(0.3245594540994282,-0.9458652973625161,0));
#12607=DIRECTION('',(-0.06842631922902018,0.1994151763798325,-0.9775231077914058));
#12608=FACE_SURFACE('',(#12613),#12609,.T.);
#12609=PLANE('',#12610);
#12610=AXIS2_PLACEMENT_3D('',#818,#12611,#12612);
#12611=DIRECTION('',(0.9458652973625161,0.3245594540994282,0));
#12612=DIRECTION('',(0.06842631922902018,-0.1994151763798325,0.9775231077914058));
#12613=FACE_BOUND('',#12614,.T.);
#12614=EDGE_LOOP('',(#12615,#12616,#12617));
#12615=ORIENTED_EDGE('',*,*,#12618,.T.);
#12616=ORIENTED_EDGE('',*,*,#12619,.T.);
#12617=ORIENTED_EDGE('',*,*,#12620,.T.);
#12618=EDGE_CURVE('',#819,#619,#12621,.F.);
#12619=EDGE_CURVE('',#619,#817,#12622,.T.);
#12620=EDGE_CURVE('',#817,#819,#12623,.T.);
#12621=LINE('',#818,#12624);
#12622=LINE('',#618,#12625);
#12623=LINE('',#816,#12626);
#12624=VECTOR('',#12627,1.0);
#12625=VECTOR('',#12628,1.0);
#12626=VECTOR('',#12629,1.0);
#12627=DIRECTION('',(0.06842631922902018,-0.1994151763798325,0.9775231077914058));
#12628=DIRECTION('',(0,0,-1));
#12629=DIRECTION('',(-0.3245594540994282,0.9458652973625161,0));
#12630=FACE_SURFACE('',(#12635),#12631,.T.);
#12631=PLANE('',#12632);
#12632=AXIS2_PLACEMENT_3D('',#178,#12633,#12634);
#12633=DIRECTION('',(0,1,0));
#12634=DIRECTION('',(0,0,-1));
#12635=FACE_BOUND('',#12636,.T.);
#12636=EDGE_LOOP('',(#12637,#12638,#12639));
#12637=ORIENTED_EDGE('',*,*,#12640,.T.);
#12638=ORIENTED_EDGE('',*,*,#12641,.T.);
#12639=ORIENTED_EDGE('',*,*,#12642,.T.);
#12640=EDGE_CURVE('',#179,#85,#12643,.F.);
#12641=EDGE_CURVE('',#85,#561,#12644,.T.);
#12642=EDGE_CURVE('',#561,#179,#12645,.T.);
#12643=LINE('',#178,#12646);
#12644=LINE('',#84,#12647);
#12645=LINE('',#560,#12648);
#12646=VECTOR('',#12649,1.0);
#12647=VECTOR('',#12650,1.0);
#12648=VECTOR('',#12651,1.0);
#12649=DIRECTION('',(0,0,-1));
#12650=DIRECTION('',(-0.9998347817418842,0,0.01817716202157563));
#12651=DIRECTION('',(1,0,0));
#12652=FACE_SURFACE('',(#12657),#12653,.T.);
#12653=PLANE('',#12654);
#12654=AXIS2_PLACEMENT_3D('',#820,#12655,#12656);
#12655=DIRECTION('',(0.9809342894825661,0.19433970185562485,-0));
#12656=DIRECTION('',(0,0,1));
#12657=FACE_BOUND('',#12658,.T.);
#12658=EDGE_LOOP('',(#12659,#12660,#12661));
#12659=ORIENTED_EDGE('',*,*,#12662,.T.);
#12660=ORIENTED_EDGE('',*,*,#12663,.T.);
#12661=ORIENTED_EDGE('',*,*,#12664,.T.);
#12662=EDGE_CURVE('',#821,#623,#12665,.F.);
#12663=EDGE_CURVE('',#623,#629,#12666,.T.);
#12664=EDGE_CURVE('',#629,#821,#12667,.T.);
#12665=LINE('',#820,#12668);
#12666=LINE('',#622,#12669);
#12667=LINE('',#628,#12670);
#12668=VECTOR('',#12671,1.0);
#12669=VECTOR('',#12672,1.0);
#12670=VECTOR('',#12673,1.0);
#12671=DIRECTION('',(0,0,1));
#12672=DIRECTION('',(0.19433970185562485,-0.9809342894825661,0));
#12673=DIRECTION('',(-0.04105296060601142,0.20721579975012208,-0.9774335101475694));
#12674=FACE_SURFACE('',(#12679),#12675,.T.);
#12675=PLANE('',#12676);
#12676=AXIS2_PLACEMENT_3D('',#820,#12677,#12678);
#12677=DIRECTION('',(0.9809342894825661,0.19433970185562485,0));
#12678=DIRECTION('',(0.04105296060601142,-0.20721579975012208,0.9774335101475694));
#12679=FACE_BOUND('',#12680,.T.);
#12680=EDGE_LOOP('',(#12681,#12682,#12683));
#12681=ORIENTED_EDGE('',*,*,#12684,.T.);
#12682=ORIENTED_EDGE('',*,*,#12685,.T.);
#12683=ORIENTED_EDGE('',*,*,#12686,.T.);
#12684=EDGE_CURVE('',#821,#629,#12687,.F.);
#12685=EDGE_CURVE('',#629,#819,#12688,.T.);
#12686=EDGE_CURVE('',#819,#821,#12689,.T.);
#12687=LINE('',#820,#12690);
#12688=LINE('',#628,#12691);
#12689=LINE('',#818,#12692);
#12690=VECTOR('',#12693,1.0);
#12691=VECTOR('',#12694,1.0);
#12692=VECTOR('',#12695,1.0);
#12693=DIRECTION('',(0.04105296060601142,-0.20721579975012208,0.9774335101475694));
#12694=DIRECTION('',(0,0,-1));
#12695=DIRECTION('',(-0.19433970185562485,0.9809342894825661,0));
#12696=FACE_SURFACE('',(#12701),#12697,.T.);
#12697=PLANE('',#12698);
#12698=AXIS2_PLACEMENT_3D('',#84,#12699,#12700);
#12699=DIRECTION('',(-1,0,0));
#12700=DIRECTION('',(0,0,1));
#12701=FACE_BOUND('',#12702,.T.);
#12702=EDGE_LOOP('',(#12703,#12704,#12705));
#12703=ORIENTED_EDGE('',*,*,#12706,.T.);
#12704=ORIENTED_EDGE('',*,*,#12707,.T.);
#12705=ORIENTED_EDGE('',*,*,#12708,.T.);
#12706=EDGE_CURVE('',#85,#179,#12709,.F.);
#12707=EDGE_CURVE('',#179,#439,#12710,.T.);
#12708=EDGE_CURVE('',#439,#85,#12711,.T.);
#12709=LINE('',#84,#12712);
#12710=LINE('',#178,#12713);
#12711=LINE('',#438,#12714);
#12712=VECTOR('',#12715,1.0);
#12713=VECTOR('',#12716,1.0);
#12714=VECTOR('',#12717,1.0);
#12715=DIRECTION('',(0,0,1));
#12716=DIRECTION('',(0,1,0));
#12717=DIRECTION('',(0,-0.9998220817751866,-0.018862788625548313));
#12718=FACE_SURFACE('',(#12723),#12719,.T.);
#12719=PLANE('',#12720);
#12720=AXIS2_PLACEMENT_3D('',#84,#12721,#12722);
#12721=DIRECTION('',(-1,0,0));
#12722=DIRECTION('',(0,0.9998220817751866,0.018862788625548313));
#12723=FACE_BOUND('',#12724,.T.);
#12724=EDGE_LOOP('',(#12725,#12726,#12727));
#12725=ORIENTED_EDGE('',*,*,#12728,.T.);
#12726=ORIENTED_EDGE('',*,*,#12729,.T.);
#12727=ORIENTED_EDGE('',*,*,#12730,.T.);
#12728=EDGE_CURVE('',#85,#439,#12731,.F.);
#12729=EDGE_CURVE('',#439,#175,#12732,.T.);
#12730=EDGE_CURVE('',#175,#85,#12733,.T.);
#12731=LINE('',#84,#12734);
#12732=LINE('',#438,#12735);
#12733=LINE('',#174,#12736);
#12734=VECTOR('',#12737,1.0);
#12735=VECTOR('',#12738,1.0);
#12736=VECTOR('',#12739,1.0);
#12737=DIRECTION('',(0,0.9998220817751866,0.018862788625548313));
#12738=DIRECTION('',(0,0,-1));
#12739=DIRECTION('',(0,-1,0));
#12740=FACE_SURFACE('',(#12745),#12741,.T.);
#12741=PLANE('',#12742);
#12742=AXIS2_PLACEMENT_3D('',#558,#12743,#12744);
#12743=DIRECTION('',(0,0,-1));
#12744=DIRECTION('',(0.8854876542728368,0.4646629037596921,0));
#12745=FACE_BOUND('',#12746,.T.);
#12746=EDGE_LOOP('',(#12747,#12748,#12749));
#12747=ORIENTED_EDGE('',*,*,#12750,.T.);
#12748=ORIENTED_EDGE('',*,*,#12751,.T.);
#12749=ORIENTED_EDGE('',*,*,#12752,.T.);
#12750=EDGE_CURVE('',#559,#39,#12753,.F.);
#12751=EDGE_CURVE('',#39,#563,#12754,.T.);
#12752=EDGE_CURVE('',#563,#559,#12755,.T.);
#12753=LINE('',#558,#12756);
#12754=LINE('',#38,#12757);
#12755=LINE('',#562,#12758);
#12756=VECTOR('',#12759,1.0);
#12757=VECTOR('',#12760,1.0);
#12758=VECTOR('',#12761,1.0);
#12759=DIRECTION('',(0.8854876542728368,0.4646629037596921,0));
#12760=DIRECTION('',(-0.848176297676437,-0.529714043668744,0));
#12761=DIRECTION('',(-0.8306314521503602,0.5568225845802091,0));
#12762=FACE_SURFACE('',(#12767),#12763,.T.);
#12763=PLANE('',#12764);
#12764=AXIS2_PLACEMENT_3D('',#60,#12765,#12766);
#12765=DIRECTION('',(0,0,1));
#12766=DIRECTION('',(0.0019310401838640951,-0.9999981355401661,0));
#12767=FACE_BOUND('',#12768,.T.);
#12768=EDGE_LOOP('',(#12769,#12770,#12771));
#12769=ORIENTED_EDGE('',*,*,#12772,.T.);
#12770=ORIENTED_EDGE('',*,*,#12773,.T.);
#12771=ORIENTED_EDGE('',*,*,#12774,.T.);
#12772=EDGE_CURVE('',#61,#625,#12775,.F.);
#12773=EDGE_CURVE('',#625,#345,#12776,.T.);
#12774=EDGE_CURVE('',#345,#61,#12777,.T.);
#12775=LINE('',#60,#12778);
#12776=LINE('',#624,#12779);
#12777=LINE('',#344,#12780);
#12778=VECTOR('',#12781,1.0);
#12779=VECTOR('',#12782,1.0);
#12780=VECTOR('',#12783,1.0);
#12781=DIRECTION('',(0.0019310401838640951,-0.9999981355401661,0));
#12782=DIRECTION('',(-0.001114476493500502,0.99999937897088,0));
#12783=DIRECTION('',(-0.32456759895275417,0.9458625025393723,0));
#12784=FACE_SURFACE('',(#12789),#12785,.T.);
#12785=PLANE('',#12786);
#12786=AXIS2_PLACEMENT_3D('',#344,#12787,#12788);
#12787=DIRECTION('',(0,0,1));
#12788=DIRECTION('',(0.001114476493500502,-0.99999937897088,0));
#12789=FACE_BOUND('',#12790,.T.);
#12790=EDGE_LOOP('',(#12791,#12792,#12793));
#12791=ORIENTED_EDGE('',*,*,#12794,.T.);
#12792=ORIENTED_EDGE('',*,*,#12795,.T.);
#12793=ORIENTED_EDGE('',*,*,#12796,.T.);
#12794=EDGE_CURVE('',#345,#625,#12797,.F.);
#12795=EDGE_CURVE('',#625,#553,#12798,.T.);
#12796=EDGE_CURVE('',#553,#345,#12799,.T.);
#12797=LINE('',#344,#12800);
#12798=LINE('',#624,#12801);
#12799=LINE('',#552,#12802);
#12800=VECTOR('',#12803,1.0);
#12801=VECTOR('',#12804,1.0);
#12802=VECTOR('',#12805,1.0);
#12803=DIRECTION('',(0.001114476493500502,-0.99999937897088,0));
#12804=DIRECTION('',(0,1,0));
#12805=DIRECTION('',(-0.4397918004840003,0.898099756278244,0));
#12806=FACE_SURFACE('',(#12811),#12807,.T.);
#12807=PLANE('',#12808);
#12808=AXIS2_PLACEMENT_3D('',#306,#12809,#12810);
#12809=DIRECTION('',(0,0,-1));
#12810=DIRECTION('',(0.43979536147012105,0.898098012484921,0));
#12811=FACE_BOUND('',#12812,.T.);
#12812=EDGE_LOOP('',(#12813,#12814,#12815));
#12813=ORIENTED_EDGE('',*,*,#12816,.T.);
#12814=ORIENTED_EDGE('',*,*,#12817,.T.);
#12815=ORIENTED_EDGE('',*,*,#12818,.T.);
#12816=EDGE_CURVE('',#307,#267,#12819,.F.);
#12817=EDGE_CURVE('',#267,#767,#12820,.T.);
#12818=EDGE_CURVE('',#767,#307,#12821,.T.);
#12819=LINE('',#306,#12822);
#12820=LINE('',#266,#12823);
#12821=LINE('',#766,#12824);
#12822=VECTOR('',#12825,1.0);
#12823=VECTOR('',#12826,1.0);
#12824=VECTOR('',#12827,1.0);
#12825=DIRECTION('',(0.43979536147012105,0.898098012484921,0));
#12826=DIRECTION('',(0,-1,0));
#12827=DIRECTION('',(-0.0011144876875590676,0.9999993789584043,0));
#12828=FACE_SURFACE('',(#12833),#12829,.T.);
#12829=PLANE('',#12830);
#12830=AXIS2_PLACEMENT_3D('',#174,#12831,#12832);
#12831=DIRECTION('',(0,0,-1));
#12832=DIRECTION('',(0.22243708517654837,0.9749470463251638,0));
#12833=FACE_BOUND('',#12834,.T.);
#12834=EDGE_LOOP('',(#12835,#12836,#12837));
#12835=ORIENTED_EDGE('',*,*,#12838,.T.);
#12836=ORIENTED_EDGE('',*,*,#12839,.T.);
#12837=ORIENTED_EDGE('',*,*,#12840,.T.);
#12838=EDGE_CURVE('',#175,#307,#12841,.F.);
#12839=EDGE_CURVE('',#307,#767,#12842,.T.);
#12840=EDGE_CURVE('',#767,#175,#12843,.T.);
#12841=LINE('',#174,#12844);
#12842=LINE('',#306,#12845);
#12843=LINE('',#766,#12846);
#12844=VECTOR('',#12847,1.0);
#12845=VECTOR('',#12848,1.0);
#12846=VECTOR('',#12849,1.0);
#12847=DIRECTION('',(0.22243708517654837,0.9749470463251638,0));
#12848=DIRECTION('',(0.0011144876875590676,-0.9999993789584043,0));
#12849=DIRECTION('',(-0.10976056182823234,0.9939580569959433,0));
#12850=FACE_SURFACE('',(#12855),#12851,.T.);
#12851=PLANE('',#12852);
#12852=AXIS2_PLACEMENT_3D('',#566,#12853,#12854);
#12853=DIRECTION('',(0,0,-1));
#12854=DIRECTION('',(-0.7516954590791891,0.6595103765671372,0));
#12855=FACE_BOUND('',#12856,.T.);
#12856=EDGE_LOOP('',(#12857,#12858,#12859));
#12857=ORIENTED_EDGE('',*,*,#12860,.T.);
#12858=ORIENTED_EDGE('',*,*,#12861,.T.);
#12859=ORIENTED_EDGE('',*,*,#12862,.T.);
#12860=EDGE_CURVE('',#567,#563,#12863,.F.);
#12861=EDGE_CURVE('',#563,#39,#12864,.T.);
#12862=EDGE_CURVE('',#39,#567,#12865,.T.);
#12863=LINE('',#566,#12866);
#12864=LINE('',#562,#12867);
#12865=LINE('',#38,#12868);
#12866=VECTOR('',#12869,1.0);
#12867=VECTOR('',#12870,1.0);
#12868=VECTOR('',#12871,1.0);
#12869=DIRECTION('',(-0.7516954590791891,0.6595103765671372,0));
#12870=DIRECTION('',(0.848176297676437,0.529714043668744,0));
#12871=DIRECTION('',(-0.8007269473749218,-0.5990295115832268,0));
#12872=FACE_SURFACE('',(#12877),#12873,.T.);
#12873=PLANE('',#12874);
#12874=AXIS2_PLACEMENT_3D('',#622,#12875,#12876);
#12875=DIRECTION('',(0.9979061253641285,0.06467893753574257,0));
#12876=DIRECTION('',(0,0,-1));
#12877=FACE_BOUND('',#12878,.T.);
#12878=EDGE_LOOP('',(#12879,#12880,#12881));
#12879=ORIENTED_EDGE('',*,*,#12882,.T.);
#12880=ORIENTED_EDGE('',*,*,#12883,.T.);
#12881=ORIENTED_EDGE('',*,*,#12884,.T.);
#12882=EDGE_CURVE('',#623,#821,#12885,.F.);
#12883=EDGE_CURVE('',#821,#823,#12886,.T.);
#12884=EDGE_CURVE('',#823,#623,#12887,.T.);
#12885=LINE('',#622,#12888);
#12886=LINE('',#820,#12889);
#12887=LINE('',#822,#12890);
#12888=VECTOR('',#12891,1.0);
#12889=VECTOR('',#12892,1.0);
#12890=VECTOR('',#12893,1.0);
#12891=DIRECTION('',(0,0,-1));
#12892=DIRECTION('',(-0.06467893753574257,0.9979061253641285,0));
#12893=DIRECTION('',(0.01368306955644896,-0.21111074863618787,0.9773663721541588));
#12894=FACE_SURFACE('',(#12899),#12895,.T.);
#12895=PLANE('',#12896);
#12896=AXIS2_PLACEMENT_3D('',#622,#12897,#12898);
#12897=DIRECTION('',(0.9979061253641285,0.06467893753574257,0));
#12898=DIRECTION('',(-0.01368306955644896,0.21111074863618787,-0.9773663721541588));
#12899=FACE_BOUND('',#12900,.T.);
#12900=EDGE_LOOP('',(#12901,#12902,#12903));
#12901=ORIENTED_EDGE('',*,*,#12904,.T.);
#12902=ORIENTED_EDGE('',*,*,#12905,.T.);
#12903=ORIENTED_EDGE('',*,*,#12906,.T.);
#12904=EDGE_CURVE('',#623,#823,#12907,.F.);
#12905=EDGE_CURVE('',#823,#621,#12908,.T.);
#12906=EDGE_CURVE('',#621,#623,#12909,.T.);
#12907=LINE('',#622,#12910);
#12908=LINE('',#822,#12911);
#12909=LINE('',#620,#12912);
#12910=VECTOR('',#12913,1.0);
#12911=VECTOR('',#12914,1.0);
#12912=VECTOR('',#12915,1.0);
#12913=DIRECTION('',(-0.01368306955644896,0.21111074863618787,-0.9773663721541588));
#12914=DIRECTION('',(0,0,1));
#12915=DIRECTION('',(0.06467893753574257,-0.9979061253641285,0));
#12916=FACE_SURFACE('',(#12921),#12917,.T.);
#12917=PLANE('',#12918);
#12918=AXIS2_PLACEMENT_3D('',#824,#12919,#12920);
#12919=DIRECTION('',(0,0,-1));
#12920=DIRECTION('',(-0.19433545580907408,0.9809351306867745,0));
#12921=FACE_BOUND('',#12922,.T.);
#12922=EDGE_LOOP('',(#12923,#12924,#12925));
#12923=ORIENTED_EDGE('',*,*,#12926,.T.);
#12924=ORIENTED_EDGE('',*,*,#12927,.T.);
#12925=ORIENTED_EDGE('',*,*,#12928,.T.);
#12926=EDGE_CURVE('',#825,#827,#12929,.F.);
#12927=EDGE_CURVE('',#827,#37,#12930,.T.);
#12928=EDGE_CURVE('',#37,#825,#12931,.T.);
#12929=LINE('',#824,#12932);
#12930=LINE('',#826,#12933);
#12931=LINE('',#36,#12934);
#12932=VECTOR('',#12935,1.0);
#12933=VECTOR('',#12936,1.0);
#12934=VECTOR('',#12937,1.0);
#12935=DIRECTION('',(-0.19433545580907408,0.9809351306867745,0));
#12936=DIRECTION('',(0.4504596061396919,-0.8927968096025398,0));
#12937=DIRECTION('',(-0.4663700032410711,0.8845897467622623,0));
#12938=FACE_SURFACE('',(#12943),#12939,.T.);
#12939=PLANE('',#12940);
#12940=AXIS2_PLACEMENT_3D('',#828,#12941,#12942);
#12941=DIRECTION('',(0.9979061437955873,-0.06467865316331728,0));
#12942=DIRECTION('',(0,0,1));
#12943=FACE_BOUND('',#12944,.T.);
#12944=EDGE_LOOP('',(#12945,#12946,#12947));
#12945=ORIENTED_EDGE('',*,*,#12948,.T.);
#12946=ORIENTED_EDGE('',*,*,#12949,.T.);
#12947=ORIENTED_EDGE('',*,*,#12950,.T.);
#12948=EDGE_CURVE('',#829,#627,#12951,.F.);
#12949=EDGE_CURVE('',#627,#621,#12952,.T.);
#12950=EDGE_CURVE('',#621,#829,#12953,.T.);
#12951=LINE('',#828,#12954);
#12952=LINE('',#626,#12955);
#12953=LINE('',#620,#12956);
#12954=VECTOR('',#12957,1.0);
#12955=VECTOR('',#12958,1.0);
#12956=VECTOR('',#12959,1.0);
#12957=DIRECTION('',(0,0,1));
#12958=DIRECTION('',(-0.06467865316331728,-0.9979061437955873,0));
#12959=DIRECTION('',(0.013683066863970797,0.21111163918401482,-0.9773661798334514));
#12960=FACE_SURFACE('',(#12965),#12961,.T.);
#12961=PLANE('',#12962);
#12962=AXIS2_PLACEMENT_3D('',#828,#12963,#12964);
#12963=DIRECTION('',(0.9979061437955873,-0.06467865316331728,0));
#12964=DIRECTION('',(-0.013683066863970797,-0.21111163918401482,0.9773661798334514));
#12965=FACE_BOUND('',#12966,.T.);
#12966=EDGE_LOOP('',(#12967,#12968,#12969));
#12967=ORIENTED_EDGE('',*,*,#12970,.T.);
#12968=ORIENTED_EDGE('',*,*,#12971,.T.);
#12969=ORIENTED_EDGE('',*,*,#12972,.T.);
#12970=EDGE_CURVE('',#829,#621,#12973,.F.);
#12971=EDGE_CURVE('',#621,#823,#12974,.T.);
#12972=EDGE_CURVE('',#823,#829,#12975,.T.);
#12973=LINE('',#828,#12976);
#12974=LINE('',#620,#12977);
#12975=LINE('',#822,#12978);
#12976=VECTOR('',#12979,1.0);
#12977=VECTOR('',#12980,1.0);
#12978=VECTOR('',#12981,1.0);
#12979=DIRECTION('',(-0.013683066863970797,-0.21111163918401482,0.9773661798334514));
#12980=DIRECTION('',(0,0,-1));
#12981=DIRECTION('',(0.06467865316331728,0.9979061437955873,0));
#12982=FACE_SURFACE('',(#12987),#12983,.T.);
#12983=PLANE('',#12984);
#12984=AXIS2_PLACEMENT_3D('',#200,#12985,#12986);
#12985=DIRECTION('',(0.9809342894825661,-0.19433970185562485,0));
#12986=DIRECTION('',(0,0,1));
#12987=FACE_BOUND('',#12988,.T.);
#12988=EDGE_LOOP('',(#12989,#12990,#12991));
#12989=ORIENTED_EDGE('',*,*,#12992,.T.);
#12990=ORIENTED_EDGE('',*,*,#12993,.T.);
#12991=ORIENTED_EDGE('',*,*,#12994,.T.);
#12992=EDGE_CURVE('',#201,#635,#12995,.F.);
#12993=EDGE_CURVE('',#635,#627,#12996,.T.);
#12994=EDGE_CURVE('',#627,#201,#12997,.T.);
#12995=LINE('',#200,#12998);
#12996=LINE('',#634,#12999);
#12997=LINE('',#626,#13000);
#12998=VECTOR('',#13001,1.0);
#12999=VECTOR('',#13002,1.0);
#13000=VECTOR('',#13003,1.0);
#13001=DIRECTION('',(0,0,1));
#13002=DIRECTION('',(-0.19433970185562485,-0.9809342894825661,0));
#13003=DIRECTION('',(0.04105296060601142,0.20721579975012208,-0.9774335101475694));
#13004=FACE_SURFACE('',(#13009),#13005,.T.);
#13005=PLANE('',#13006);
#13006=AXIS2_PLACEMENT_3D('',#200,#13007,#13008);
#13007=DIRECTION('',(0.9809342894825661,-0.19433970185562485,0));
#13008=DIRECTION('',(-0.04105296060601142,-0.20721579975012208,0.9774335101475694));
#13009=FACE_BOUND('',#13010,.T.);
#13010=EDGE_LOOP('',(#13011,#13012,#13013));
#13011=ORIENTED_EDGE('',*,*,#13014,.T.);
#13012=ORIENTED_EDGE('',*,*,#13015,.T.);
#13013=ORIENTED_EDGE('',*,*,#13016,.T.);
#13014=EDGE_CURVE('',#201,#627,#13017,.F.);
#13015=EDGE_CURVE('',#627,#829,#13018,.T.);
#13016=EDGE_CURVE('',#829,#201,#13019,.T.);
#13017=LINE('',#200,#13020);
#13018=LINE('',#626,#13021);
#13019=LINE('',#828,#13022);
#13020=VECTOR('',#13023,1.0);
#13021=VECTOR('',#13024,1.0);
#13022=VECTOR('',#13025,1.0);
#13023=DIRECTION('',(-0.04105296060601142,-0.20721579975012208,0.9774335101475694));
#13024=DIRECTION('',(0,0,-1));
#13025=DIRECTION('',(0.19433970185562485,0.9809342894825661,0));
#13026=FACE_SURFACE('',(#13031),#13027,.T.);
#13027=PLANE('',#13028);
#13028=AXIS2_PLACEMENT_3D('',#352,#13029,#13030);
#13029=DIRECTION('',(0,0,-1));
#13030=DIRECTION('',(-0.19433545580907408,0.9809351306867745,0));
#13031=FACE_BOUND('',#13032,.T.);
#13032=EDGE_LOOP('',(#13033,#13034,#13035));
#13033=ORIENTED_EDGE('',*,*,#13036,.T.);
#13034=ORIENTED_EDGE('',*,*,#13037,.T.);
#13035=ORIENTED_EDGE('',*,*,#13038,.T.);
#13036=EDGE_CURVE('',#353,#831,#13039,.F.);
#13037=EDGE_CURVE('',#831,#265,#13040,.T.);
#13038=EDGE_CURVE('',#265,#353,#13041,.T.);
#13039=LINE('',#352,#13042);
#13040=LINE('',#830,#13043);
#13041=LINE('',#264,#13044);
#13042=VECTOR('',#13045,1.0);
#13043=VECTOR('',#13046,1.0);
#13044=VECTOR('',#13047,1.0);
#13045=DIRECTION('',(-0.19433545580907408,0.9809351306867745,0));
#13046=DIRECTION('',(0.9987479170142909,-0.05002597584870611,0));
#13047=DIRECTION('',(-0.9989126993745349,0.04661994238821213,0));
#13048=FACE_SURFACE('',(#13053),#13049,.T.);
#13049=PLANE('',#13050);
#13050=AXIS2_PLACEMENT_3D('',#830,#13051,#13052);
#13051=DIRECTION('',(0,0,-1));
#13052=DIRECTION('',(-0.32456013282251134,0.9458650644686237,0));
#13053=FACE_BOUND('',#13054,.T.);
#13054=EDGE_LOOP('',(#13055,#13056,#13057));
#13055=ORIENTED_EDGE('',*,*,#13058,.T.);
#13056=ORIENTED_EDGE('',*,*,#13059,.T.);
#13057=ORIENTED_EDGE('',*,*,#13060,.T.);
#13058=EDGE_CURVE('',#831,#323,#13061,.F.);
#13059=EDGE_CURVE('',#323,#265,#13062,.T.);
#13060=EDGE_CURVE('',#265,#831,#13063,.T.);
#13061=LINE('',#830,#13064);
#13062=LINE('',#322,#13065);
#13063=LINE('',#264,#13066);
#13064=VECTOR('',#13067,1.0);
#13065=VECTOR('',#13068,1.0);
#13066=VECTOR('',#13069,1.0);
#13067=DIRECTION('',(-0.32456013282251134,0.9458650644686237,0));
#13068=DIRECTION('',(0.9985800447890528,-0.05327188891989228,0));
#13069=DIRECTION('',(-0.9987479170142909,0.05002597584870611,0));
#13070=FACE_SURFACE('',(#13075),#13071,.T.);
#13071=PLANE('',#13072);
#13072=AXIS2_PLACEMENT_3D('',#640,#13073,#13074);
#13073=DIRECTION('',(0,-0,-1));
#13074=DIRECTION('',(0.8724731018452788,-0.4886621394751979,0));
#13075=FACE_BOUND('',#13076,.T.);
#13076=EDGE_LOOP('',(#13077,#13078,#13079));
#13077=ORIENTED_EDGE('',*,*,#13080,.T.);
#13078=ORIENTED_EDGE('',*,*,#13081,.T.);
#13079=ORIENTED_EDGE('',*,*,#13082,.T.);
#13080=EDGE_CURVE('',#641,#169,#13083,.F.);
#13081=EDGE_CURVE('',#169,#647,#13084,.T.);
#13082=EDGE_CURVE('',#647,#641,#13085,.T.);
#13083=LINE('',#640,#13086);
#13084=LINE('',#168,#13087);
#13085=LINE('',#646,#13088);
#13086=VECTOR('',#13089,1.0);
#13087=VECTOR('',#13090,1.0);
#13088=VECTOR('',#13091,1.0);
#13089=DIRECTION('',(0.8724731018452788,-0.4886621394751979,0));
#13090=DIRECTION('',(-0.8817140922909963,0.47178412378487744,0));
#13091=DIRECTION('',(0.6617678840819772,0.749708788529028,0));
#13092=FACE_SURFACE('',(#13097),#13093,.T.);
#13093=PLANE('',#13094);
#13094=AXIS2_PLACEMENT_3D('',#636,#13095,#13096);
#13095=DIRECTION('',(0,-0,-1));
#13096=DIRECTION('',(0.8626468291419832,-0.5058067300573234,0));
#13097=FACE_BOUND('',#13098,.T.);
#13098=EDGE_LOOP('',(#13099,#13100,#13101));
#13099=ORIENTED_EDGE('',*,*,#13102,.T.);
#13100=ORIENTED_EDGE('',*,*,#13103,.T.);
#13101=ORIENTED_EDGE('',*,*,#13104,.T.);
#13102=EDGE_CURVE('',#637,#169,#13105,.F.);
#13103=EDGE_CURVE('',#169,#641,#13106,.T.);
#13104=EDGE_CURVE('',#641,#637,#13107,.T.);
#13105=LINE('',#636,#13108);
#13106=LINE('',#168,#13109);
#13107=LINE('',#640,#13110);
#13108=VECTOR('',#13111,1.0);
#13109=VECTOR('',#13112,1.0);
#13110=VECTOR('',#13113,1.0);
#13111=DIRECTION('',(0.8626468291419832,-0.5058067300573234,0));
#13112=DIRECTION('',(-0.8724731018452788,0.4886621394751979,0));
#13113=DIRECTION('',(0.5546961269558389,0.8320530071697306,0));
#13114=FACE_SURFACE('',(#13119),#13115,.T.);
#13115=PLANE('',#13116);
#13116=AXIS2_PLACEMENT_3D('',#632,#13117,#13118);
#13117=DIRECTION('',(0,0,-1));
#13118=DIRECTION('',(0.32456759895275417,0.9458625025393723,0));
#13119=FACE_BOUND('',#13120,.T.);
#13120=EDGE_LOOP('',(#13121,#13122,#13123));
#13121=ORIENTED_EDGE('',*,*,#13124,.T.);
#13122=ORIENTED_EDGE('',*,*,#13125,.T.);
#13123=ORIENTED_EDGE('',*,*,#13126,.T.);
#13124=EDGE_CURVE('',#633,#631,#13127,.F.);
#13125=EDGE_CURVE('',#631,#169,#13128,.T.);
#13126=EDGE_CURVE('',#169,#633,#13129,.T.);
#13127=LINE('',#632,#13130);
#13128=LINE('',#630,#13131);
#13129=LINE('',#168,#13132);
#13130=VECTOR('',#13133,1.0);
#13131=VECTOR('',#13134,1.0);
#13132=VECTOR('',#13135,1.0);
#13133=DIRECTION('',(0.32456759895275417,0.9458625025393723,0));
#13134=DIRECTION('',(0.8423392319172125,-0.5389476953964277,0));
#13135=DIRECTION('',(-0.852514300452575,0.5227039004291595,0));
#13136=FACE_SURFACE('',(#13141),#13137,.T.);
#13137=PLANE('',#13138);
#13138=AXIS2_PLACEMENT_3D('',#630,#13139,#13140);
#13139=DIRECTION('',(0,0,-1));
#13140=DIRECTION('',(0.1943304087631403,0.9809361305558842,0));
#13141=FACE_BOUND('',#13142,.T.);
#13142=EDGE_LOOP('',(#13143,#13144,#13145));
#13143=ORIENTED_EDGE('',*,*,#13146,.T.);
#13144=ORIENTED_EDGE('',*,*,#13147,.T.);
#13145=ORIENTED_EDGE('',*,*,#13148,.T.);
#13146=EDGE_CURVE('',#631,#165,#13149,.F.);
#13147=EDGE_CURVE('',#165,#169,#13150,.T.);
#13148=EDGE_CURVE('',#169,#631,#13151,.T.);
#13149=LINE('',#630,#13152);
#13150=LINE('',#164,#13153);
#13151=LINE('',#168,#13154);
#13152=VECTOR('',#13155,1.0);
#13153=VECTOR('',#13156,1.0);
#13154=VECTOR('',#13157,1.0);
#13155=DIRECTION('',(0.1943304087631403,0.9809361305558842,0));
#13156=DIRECTION('',(0.8323975923546147,-0.5541788955222317,0));
#13157=DIRECTION('',(-0.8423392319172125,0.5389476953964277,0));
#13158=FACE_SURFACE('',(#13163),#13159,.T.);
#13159=PLANE('',#13160);
#13160=AXIS2_PLACEMENT_3D('',#166,#13161,#13162);
#13161=DIRECTION('',(0,0,-1));
#13162=DIRECTION('',(-0.06467780006101326,0.9979061990885053,0));
#13163=FACE_BOUND('',#13164,.T.);
#13164=EDGE_LOOP('',(#13165,#13166,#13167));
#13165=ORIENTED_EDGE('',*,*,#13168,.T.);
#13166=ORIENTED_EDGE('',*,*,#13169,.T.);
#13167=ORIENTED_EDGE('',*,*,#13170,.T.);
#13168=EDGE_CURVE('',#167,#615,#13171,.F.);
#13169=EDGE_CURVE('',#615,#169,#13172,.T.);
#13170=EDGE_CURVE('',#169,#167,#13173,.T.);
#13171=LINE('',#166,#13174);
#13172=LINE('',#614,#13175);
#13173=LINE('',#168,#13176);
#13174=VECTOR('',#13177,1.0);
#13175=VECTOR('',#13178,1.0);
#13176=VECTOR('',#13179,1.0);
#13177=DIRECTION('',(-0.06467780006101326,0.9979061990885053,0));
#13178=DIRECTION('',(0.8143542492430595,-0.5803681217466833,0));
#13179=DIRECTION('',(-0.8229775854466901,0.5680738454218219,0));
#13180=FACE_SURFACE('',(#13185),#13181,.T.);
#13181=PLANE('',#13182);
#13182=AXIS2_PLACEMENT_3D('',#614,#13183,#13184);
#13183=DIRECTION('',(0,0,-1));
#13184=DIRECTION('',(-0.1943371382148333,0.980934797379759,0));
#13185=FACE_BOUND('',#13186,.T.);
#13186=EDGE_LOOP('',(#13187,#13188,#13189));
#13187=ORIENTED_EDGE('',*,*,#13190,.T.);
#13188=ORIENTED_EDGE('',*,*,#13191,.T.);
#13189=ORIENTED_EDGE('',*,*,#13192,.T.);
#13190=EDGE_CURVE('',#615,#613,#13193,.F.);
#13191=EDGE_CURVE('',#613,#169,#13194,.T.);
#13192=EDGE_CURVE('',#169,#615,#13195,.T.);
#13193=LINE('',#614,#13196);
#13194=LINE('',#612,#13197);
#13195=LINE('',#168,#13198);
#13196=VECTOR('',#13199,1.0);
#13197=VECTOR('',#13200,1.0);
#13198=VECTOR('',#13201,1.0);
#13199=DIRECTION('',(-0.1943371382148333,0.980934797379759,0));
#13200=DIRECTION('',(0.806781822618697,-0.5908494653395678,0));
#13201=DIRECTION('',(-0.8143542492430595,0.5803681217466833,0));
#13202=FACE_SURFACE('',(#13207),#13203,.T.);
#13203=PLANE('',#13204);
#13204=AXIS2_PLACEMENT_3D('',#498,#13205,#13206);
#13205=DIRECTION('',(0,0,-1));
#13206=DIRECTION('',(-1,0,0));
#13207=FACE_BOUND('',#13208,.T.);
#13208=EDGE_LOOP('',(#13209,#13210,#13211));
#13209=ORIENTED_EDGE('',*,*,#13212,.T.);
#13210=ORIENTED_EDGE('',*,*,#13213,.T.);
#13211=ORIENTED_EDGE('',*,*,#13214,.T.);
#13212=EDGE_CURVE('',#499,#169,#13215,.F.);
#13213=EDGE_CURVE('',#169,#613,#13216,.T.);
#13214=EDGE_CURVE('',#613,#499,#13217,.T.);
#13215=LINE('',#498,#13218);
#13216=LINE('',#168,#13219);
#13217=LINE('',#612,#13220);
#13218=VECTOR('',#13221,1.0);
#13219=VECTOR('',#13222,1.0);
#13220=VECTOR('',#13223,1.0);
#13221=DIRECTION('',(-1,0,0));
#13222=DIRECTION('',(-0.806781822618697,0.5908494653395678,0));
#13223=DIRECTION('',(0.9742185977788931,-0.22560612523095946,0));
#13224=FACE_SURFACE('',(#13229),#13225,.T.);
#13225=PLANE('',#13226);
#13226=AXIS2_PLACEMENT_3D('',#796,#13227,#13228);
#13227=DIRECTION('',(0,0,-1));
#13228=DIRECTION('',(-0.5546961269558389,0.8320530071697306,0));
#13229=FACE_BOUND('',#13230,.T.);
#13230=EDGE_LOOP('',(#13231,#13232,#13233));
#13231=ORIENTED_EDGE('',*,*,#13234,.T.);
#13232=ORIENTED_EDGE('',*,*,#13235,.T.);
#13233=ORIENTED_EDGE('',*,*,#13236,.T.);
#13234=EDGE_CURVE('',#797,#791,#13237,.F.);
#13235=EDGE_CURVE('',#791,#499,#13238,.T.);
#13236=EDGE_CURVE('',#499,#797,#13239,.T.);
#13237=LINE('',#796,#13240);
#13238=LINE('',#790,#13241);
#13239=LINE('',#498,#13242);
#13240=VECTOR('',#13243,1.0);
#13241=VECTOR('',#13244,1.0);
#13242=VECTOR('',#13245,1.0);
#13243=DIRECTION('',(-0.5546961269558389,0.8320530071697306,0));
#13244=DIRECTION('',(0.9703912161917764,-0.24153858395263708,0));
#13245=DIRECTION('',(-0.9715419956196357,0.23686736952863682,0));
#13246=FACE_SURFACE('',(#13251),#13247,.T.);
#13247=PLANE('',#13248);
#13248=AXIS2_PLACEMENT_3D('',#568,#13249,#13250);
#13249=DIRECTION('',(0,0,-1));
#13250=DIRECTION('',(-0.6618002843023393,0.7496801876115862,0));
#13251=FACE_BOUND('',#13252,.T.);
#13252=EDGE_LOOP('',(#13253,#13254,#13255));
#13253=ORIENTED_EDGE('',*,*,#13256,.T.);
#13254=ORIENTED_EDGE('',*,*,#13257,.T.);
#13255=ORIENTED_EDGE('',*,*,#13258,.T.);
#13256=EDGE_CURVE('',#569,#567,#13259,.F.);
#13257=EDGE_CURVE('',#567,#39,#13260,.T.);
#13258=EDGE_CURVE('',#39,#569,#13261,.T.);
#13259=LINE('',#568,#13262);
#13260=LINE('',#566,#13263);
#13261=LINE('',#38,#13264);
#13262=VECTOR('',#13265,1.0);
#13263=VECTOR('',#13266,1.0);
#13264=VECTOR('',#13267,1.0);
#13265=DIRECTION('',(-0.6618002843023393,0.7496801876115862,0));
#13266=DIRECTION('',(0.8007269473749218,0.5990295115832268,0));
#13267=DIRECTION('',(-0.7453474671209673,-0.6666761982074646,0));
#13268=FACE_SURFACE('',(#13273),#13269,.T.);
#13269=PLANE('',#13270);
#13270=AXIS2_PLACEMENT_3D('',#202,#13271,#13272);
#13271=DIRECTION('',(0.9458650644686237,-0.32456013282251134,0));
#13272=DIRECTION('',(0,0,1));
#13273=FACE_BOUND('',#13274,.T.);
#13274=EDGE_LOOP('',(#13275,#13276,#13277));
#13275=ORIENTED_EDGE('',*,*,#13278,.T.);
#13276=ORIENTED_EDGE('',*,*,#13279,.T.);
#13277=ORIENTED_EDGE('',*,*,#13280,.T.);
#13278=EDGE_CURVE('',#203,#639,#13281,.F.);
#13279=EDGE_CURVE('',#639,#635,#13282,.T.);
#13280=EDGE_CURVE('',#635,#203,#13283,.T.);
#13281=LINE('',#202,#13284);
#13282=LINE('',#638,#13285);
#13283=LINE('',#634,#13286);
#13284=VECTOR('',#13287,1.0);
#13285=VECTOR('',#13288,1.0);
#13286=VECTOR('',#13289,1.0);
#13287=DIRECTION('',(0,0,1));
#13288=DIRECTION('',(-0.32456013282251134,-0.9458650644686237,0));
#13289=DIRECTION('',(0.06842632558932694,0.19941472879632333,-0.9775231986533273));
#13290=FACE_SURFACE('',(#13295),#13291,.T.);
#13291=PLANE('',#13292);
#13292=AXIS2_PLACEMENT_3D('',#202,#13293,#13294);
#13293=DIRECTION('',(0.9458650644686237,-0.32456013282251134,0));
#13294=DIRECTION('',(-0.06842632558932694,-0.19941472879632333,0.9775231986533273));
#13295=FACE_BOUND('',#13296,.T.);
#13296=EDGE_LOOP('',(#13297,#13298,#13299));
#13297=ORIENTED_EDGE('',*,*,#13300,.T.);
#13298=ORIENTED_EDGE('',*,*,#13301,.T.);
#13299=ORIENTED_EDGE('',*,*,#13302,.T.);
#13300=EDGE_CURVE('',#203,#635,#13303,.F.);
#13301=EDGE_CURVE('',#635,#201,#13304,.T.);
#13302=EDGE_CURVE('',#201,#203,#13305,.T.);
#13303=LINE('',#202,#13306);
#13304=LINE('',#634,#13307);
#13305=LINE('',#200,#13308);
#13306=VECTOR('',#13309,1.0);
#13307=VECTOR('',#13310,1.0);
#13308=VECTOR('',#13311,1.0);
#13309=DIRECTION('',(-0.06842632558932694,-0.19941472879632333,0.9775231986533273));
#13310=DIRECTION('',(0,0,-1));
#13311=DIRECTION('',(0.32456013282251134,0.9458650644686237,0));
#13312=FACE_SURFACE('',(#13317),#13313,.T.);
#13313=PLANE('',#13314);
#13314=AXIS2_PLACEMENT_3D('',#176,#13315,#13316);
#13315=DIRECTION('',(0,0,-1));
#13316=DIRECTION('',(0,1,0));
#13317=FACE_BOUND('',#13318,.T.);
#13318=EDGE_LOOP('',(#13319,#13320,#13321));
#13319=ORIENTED_EDGE('',*,*,#13322,.T.);
#13320=ORIENTED_EDGE('',*,*,#13323,.T.);
#13321=ORIENTED_EDGE('',*,*,#13324,.T.);
#13322=EDGE_CURVE('',#177,#499,#13325,.F.);
#13323=EDGE_CURVE('',#499,#175,#13326,.T.);
#13324=EDGE_CURVE('',#175,#177,#13327,.T.);
#13325=LINE('',#176,#13328);
#13326=LINE('',#498,#13329);
#13327=LINE('',#174,#13330);
#13328=VECTOR('',#13331,1.0);
#13329=VECTOR('',#13332,1.0);
#13330=VECTOR('',#13333,1.0);
#13331=DIRECTION('',(0,1,0));
#13332=DIRECTION('',(0.7966912709023963,-0.6043864813742317,0));
#13333=DIRECTION('',(-0.997642113680872,0.06863099161721525,0));
#13334=FACE_SURFACE('',(#13339),#13335,.T.);
#13335=PLANE('',#13336);
#13336=AXIS2_PLACEMENT_3D('',#804,#13337,#13338);
#13337=DIRECTION('',(0,-0,-1));
#13338=DIRECTION('',(0.1202831279150084,-0.9927396280692041,0));
#13339=FACE_BOUND('',#13340,.T.);
#13340=EDGE_LOOP('',(#13341,#13342,#13343));
#13341=ORIENTED_EDGE('',*,*,#13344,.T.);
#13342=ORIENTED_EDGE('',*,*,#13345,.T.);
#13343=ORIENTED_EDGE('',*,*,#13346,.T.);
#13344=EDGE_CURVE('',#805,#413,#13347,.F.);
#13345=EDGE_CURVE('',#413,#499,#13348,.T.);
#13346=EDGE_CURVE('',#499,#805,#13349,.T.);
#13347=LINE('',#804,#13350);
#13348=LINE('',#412,#13351);
#13349=LINE('',#498,#13352);
#13350=VECTOR('',#13353,1.0);
#13351=VECTOR('',#13354,1.0);
#13352=VECTOR('',#13355,1.0);
#13353=DIRECTION('',(0.1202831279150084,-0.9927396280692041,0));
#13354=DIRECTION('',(-0.9763815367931818,-0.21605345312997076,0));
#13355=DIRECTION('',(0.9631005842511928,0.26914171845890267,0));
#13356=FACE_SURFACE('',(#13361),#13357,.T.);
#13357=PLANE('',#13358);
#13358=AXIS2_PLACEMENT_3D('',#220,#13359,#13360);
#13359=DIRECTION('',(0.8980993293175056,-0.43979267238034603,0));
#13360=DIRECTION('',(0,0,1));
#13361=FACE_BOUND('',#13362,.T.);
#13362=EDGE_LOOP('',(#13363,#13364,#13365));
#13363=ORIENTED_EDGE('',*,*,#13366,.T.);
#13364=ORIENTED_EDGE('',*,*,#13367,.T.);
#13365=ORIENTED_EDGE('',*,*,#13368,.T.);
#13366=EDGE_CURVE('',#221,#625,#13369,.F.);
#13367=EDGE_CURVE('',#625,#639,#13370,.T.);
#13368=EDGE_CURVE('',#639,#221,#13371,.T.);
#13369=LINE('',#220,#13372);
#13370=LINE('',#624,#13373);
#13371=LINE('',#638,#13374);
#13372=VECTOR('',#13375,1.0);
#13373=VECTOR('',#13376,1.0);
#13374=VECTOR('',#13377,1.0);
#13375=DIRECTION('',(0,0,1));
#13376=DIRECTION('',(-0.4397926723803461,-0.8980993293175057,0));
#13377=DIRECTION('',(0.09285853190575623,0.18962613627596853,-0.9774554831261398));
#13378=FACE_SURFACE('',(#13383),#13379,.T.);
#13379=PLANE('',#13380);
#13380=AXIS2_PLACEMENT_3D('',#220,#13381,#13382);
#13381=DIRECTION('',(0.8980993293175056,-0.43979267238034603,0));
#13382=DIRECTION('',(-0.09285853190575623,-0.18962613627596853,0.9774554831261398));
#13383=FACE_BOUND('',#13384,.T.);
#13384=EDGE_LOOP('',(#13385,#13386,#13387));
#13385=ORIENTED_EDGE('',*,*,#13388,.T.);
#13386=ORIENTED_EDGE('',*,*,#13389,.T.);
#13387=ORIENTED_EDGE('',*,*,#13390,.T.);
#13388=EDGE_CURVE('',#221,#639,#13391,.F.);
#13389=EDGE_CURVE('',#639,#203,#13392,.T.);
#13390=EDGE_CURVE('',#203,#221,#13393,.T.);
#13391=LINE('',#220,#13394);
#13392=LINE('',#638,#13395);
#13393=LINE('',#202,#13396);
#13394=VECTOR('',#13397,1.0);
#13395=VECTOR('',#13398,1.0);
#13396=VECTOR('',#13399,1.0);
#13397=DIRECTION('',(-0.09285853190575623,-0.18962613627596853,0.9774554831261398));
#13398=DIRECTION('',(0,0,-1));
#13399=DIRECTION('',(0.4397926723803461,0.8980993293175057,0));
#13400=FACE_SURFACE('',(#13405),#13401,.T.);
#13401=PLANE('',#13402);
#13402=AXIS2_PLACEMENT_3D('',#226,#13403,#13404);
#13403=DIRECTION('',(0,0,-1));
#13404=DIRECTION('',(-0.1943371382148333,0.980934797379759,0));
#13405=FACE_BOUND('',#13406,.T.);
#13406=EDGE_LOOP('',(#13407,#13408,#13409));
#13407=ORIENTED_EDGE('',*,*,#13410,.T.);
#13408=ORIENTED_EDGE('',*,*,#13411,.T.);
#13409=ORIENTED_EDGE('',*,*,#13412,.T.);
#13410=EDGE_CURVE('',#227,#225,#13413,.F.);
#13411=EDGE_CURVE('',#225,#39,#13414,.T.);
#13412=EDGE_CURVE('',#39,#227,#13415,.T.);
#13413=LINE('',#226,#13416);
#13414=LINE('',#224,#13417);
#13415=LINE('',#38,#13418);
#13416=VECTOR('',#13419,1.0);
#13417=VECTOR('',#13420,1.0);
#13418=VECTOR('',#13421,1.0);
#13419=DIRECTION('',(-0.1943371382148333,0.980934797379759,0));
#13420=DIRECTION('',(0.5728683538686092,0.8196473931733511,0));
#13421=DIRECTION('',(-0.5274243788482663,-0.8496019801039311,0));
#13422=FACE_SURFACE('',(#13427),#13423,.T.);
#13423=PLANE('',#13424);
#13424=AXIS2_PLACEMENT_3D('',#594,#13425,#13426);
#13425=DIRECTION('',(0,0,-1));
#13426=DIRECTION('',(0.6267185520050351,0.779245697179466,0));
#13427=FACE_BOUND('',#13428,.T.);
#13428=EDGE_LOOP('',(#13429,#13430,#13431));
#13429=ORIENTED_EDGE('',*,*,#13432,.T.);
#13430=ORIENTED_EDGE('',*,*,#13433,.T.);
#13431=ORIENTED_EDGE('',*,*,#13434,.T.);
#13432=EDGE_CURVE('',#595,#39,#13435,.F.);
#13433=EDGE_CURVE('',#39,#225,#13436,.T.);
#13434=EDGE_CURVE('',#225,#595,#13437,.T.);
#13435=LINE('',#594,#13438);
#13436=LINE('',#38,#13439);
#13437=LINE('',#224,#13440);
#13438=VECTOR('',#13441,1.0);
#13439=VECTOR('',#13442,1.0);
#13440=VECTOR('',#13443,1.0);
#13441=DIRECTION('',(0.6267185520050351,0.779245697179466,0));
#13442=DIRECTION('',(-0.5728683538686092,-0.8196473931733511,0));
#13443=DIRECTION('',(-0.3245567392338114,0.945866228923475,0));
#13444=FACE_SURFACE('',(#13449),#13445,.T.);
#13445=PLANE('',#13446);
#13446=AXIS2_PLACEMENT_3D('',#832,#13447,#13448);
#13447=DIRECTION('',(0,-0,-1));
#13448=DIRECTION('',(0.5728683538686092,-0.8196473931733511,0));
#13449=FACE_BOUND('',#13450,.T.);
#13450=EDGE_LOOP('',(#13451,#13452,#13453));
#13451=ORIENTED_EDGE('',*,*,#13454,.T.);
#13452=ORIENTED_EDGE('',*,*,#13455,.T.);
#13453=ORIENTED_EDGE('',*,*,#13456,.T.);
#13454=EDGE_CURVE('',#833,#37,#13457,.F.);
#13455=EDGE_CURVE('',#37,#835,#13458,.T.);
#13456=EDGE_CURVE('',#835,#833,#13459,.T.);
#13457=LINE('',#832,#13460);
#13458=LINE('',#36,#13461);
#13459=LINE('',#834,#13462);
#13460=VECTOR('',#13463,1.0);
#13461=VECTOR('',#13464,1.0);
#13462=VECTOR('',#13465,1.0);
#13463=DIRECTION('',(0.5728683538686092,-0.8196473931733511,0));
#13464=DIRECTION('',(-0.6267181923131713,0.7792459864662192,0));
#13465=DIRECTION('',(0.3245594540994282,0.9458652973625161,0));
#13466=FACE_SURFACE('',(#13471),#13467,.T.);
#13467=PLANE('',#13468);
#13468=AXIS2_PLACEMENT_3D('',#234,#13469,#13470);
#13469=DIRECTION('',(0.8320509725460228,-0.554699178911613,0));
#13470=DIRECTION('',(0,0,1));
#13471=FACE_BOUND('',#13472,.T.);
#13472=EDGE_LOOP('',(#13473,#13474,#13475));
#13473=ORIENTED_EDGE('',*,*,#13476,.T.);
#13474=ORIENTED_EDGE('',*,*,#13477,.T.);
#13475=ORIENTED_EDGE('',*,*,#13478,.T.);
#13476=EDGE_CURVE('',#235,#653,#13479,.F.);
#13477=EDGE_CURVE('',#653,#625,#13480,.T.);
#13478=EDGE_CURVE('',#625,#235,#13481,.T.);
#13479=LINE('',#234,#13482);
#13480=LINE('',#652,#13483);
#13481=LINE('',#624,#13484);
#13482=VECTOR('',#13485,1.0);
#13483=VECTOR('',#13486,1.0);
#13484=VECTOR('',#13487,1.0);
#13485=DIRECTION('',(0,0,1));
#13486=DIRECTION('',(-0.554699178911613,-0.8320509725460227,0));
#13487=DIRECTION('',(0.1172867515084327,0.17593059331877087,-0.9773905280158511));
#13488=FACE_SURFACE('',(#13493),#13489,.T.);
#13489=PLANE('',#13490);
#13490=AXIS2_PLACEMENT_3D('',#234,#13491,#13492);
#13491=DIRECTION('',(0.8320509725460228,-0.554699178911613,0));
#13492=DIRECTION('',(-0.1172867515084327,-0.17593059331877087,0.9773905280158511));
#13493=FACE_BOUND('',#13494,.T.);
#13494=EDGE_LOOP('',(#13495,#13496,#13497));
#13495=ORIENTED_EDGE('',*,*,#13498,.T.);
#13496=ORIENTED_EDGE('',*,*,#13499,.T.);
#13497=ORIENTED_EDGE('',*,*,#13500,.T.);
#13498=EDGE_CURVE('',#235,#625,#13501,.F.);
#13499=EDGE_CURVE('',#625,#221,#13502,.T.);
#13500=EDGE_CURVE('',#221,#235,#13503,.T.);
#13501=LINE('',#234,#13504);
#13502=LINE('',#624,#13505);
#13503=LINE('',#220,#13506);
#13504=VECTOR('',#13507,1.0);
#13505=VECTOR('',#13508,1.0);
#13506=VECTOR('',#13509,1.0);
#13507=DIRECTION('',(-0.1172867515084327,-0.17593059331877087,0.9773905280158511));
#13508=DIRECTION('',(0,0,-1));
#13509=DIRECTION('',(0.554699178911613,0.8320509725460227,0));
#13510=FACE_SURFACE('',(#13515),#13511,.T.);
#13511=PLANE('',#13512);
#13512=AXIS2_PLACEMENT_3D('',#836,#13513,#13514);
#13513=DIRECTION('',(0,-0,-1));
#13514=DIRECTION('',(0.685638941292801,-0.7279417848859118,0));
#13515=FACE_BOUND('',#13516,.T.);
#13516=EDGE_LOOP('',(#13517,#13518,#13519));
#13517=ORIENTED_EDGE('',*,*,#13520,.T.);
#13518=ORIENTED_EDGE('',*,*,#13521,.T.);
#13519=ORIENTED_EDGE('',*,*,#13522,.T.);
#13520=EDGE_CURVE('',#837,#37,#13523,.F.);
#13521=EDGE_CURVE('',#37,#67,#13524,.T.);
#13522=EDGE_CURVE('',#67,#837,#13525,.T.);
#13523=LINE('',#836,#13526);
#13524=LINE('',#36,#13527);
#13525=LINE('',#66,#13528);
#13526=VECTOR('',#13529,1.0);
#13527=VECTOR('',#13530,1.0);
#13528=VECTOR('',#13531,1.0);
#13529=DIRECTION('',(0.685638941292801,-0.7279417848859118,0));
#13530=DIRECTION('',(-0.7453468906083398,0.6666768427510285,0));
#13531=DIRECTION('',(0.5546839189088518,0.83206114565212,0));
#13532=FACE_SURFACE('',(#13537),#13533,.T.);
#13533=PLANE('',#13534);
#13534=AXIS2_PLACEMENT_3D('',#234,#13535,#13536);
#13535=DIRECTION('',(0.7497029901059971,-0.6617744529869125,0));
#13536=DIRECTION('',(0.13977366488217371,0.15834508876442163,0.9774406148045993));
#13537=FACE_BOUND('',#13538,.T.);
#13538=EDGE_LOOP('',(#13539,#13540,#13541));
#13539=ORIENTED_EDGE('',*,*,#13542,.T.);
#13540=ORIENTED_EDGE('',*,*,#13543,.T.);
#13541=ORIENTED_EDGE('',*,*,#13544,.T.);
#13542=EDGE_CURVE('',#235,#761,#13545,.F.);
#13543=EDGE_CURVE('',#761,#653,#13546,.T.);
#13544=EDGE_CURVE('',#653,#235,#13547,.T.);
#13545=LINE('',#234,#13548);
#13546=LINE('',#760,#13549);
#13547=LINE('',#652,#13550);
#13548=VECTOR('',#13551,1.0);
#13549=VECTOR('',#13552,1.0);
#13550=VECTOR('',#13553,1.0);
#13551=DIRECTION('',(0.13977366488217371,0.15834508876442163,0.9774406148045993));
#13552=DIRECTION('',(-0.6617744529869125,-0.7497029901059971,0));
#13553=DIRECTION('',(0,0,-1));
#13554=FACE_SURFACE('',(#13559),#13555,.T.);
#13555=PLANE('',#13556);
#13556=AXIS2_PLACEMENT_3D('',#586,#13557,#13558);
#13557=DIRECTION('',(0,0,-1));
#13558=DIRECTION('',(-0.5546839189088518,0.83206114565212,0));
#13559=FACE_BOUND('',#13560,.T.);
#13560=EDGE_LOOP('',(#13561,#13562,#13563));
#13561=ORIENTED_EDGE('',*,*,#13564,.T.);
#13562=ORIENTED_EDGE('',*,*,#13565,.T.);
#13563=ORIENTED_EDGE('',*,*,#13566,.T.);
#13564=EDGE_CURVE('',#587,#569,#13567,.F.);
#13565=EDGE_CURVE('',#569,#39,#13568,.T.);
#13566=EDGE_CURVE('',#39,#587,#13569,.T.);
#13567=LINE('',#586,#13570);
#13568=LINE('',#568,#13571);
#13569=LINE('',#38,#13572);
#13570=VECTOR('',#13573,1.0);
#13571=VECTOR('',#13574,1.0);
#13572=VECTOR('',#13575,1.0);
#13573=DIRECTION('',(-0.5546839189088518,0.83206114565212,0));
#13574=DIRECTION('',(0.7453474671209673,0.6666761982074646,0));
#13575=DIRECTION('',(-0.6856395111754009,-0.7279412481204491,0));
#13576=FACE_SURFACE('',(#13581),#13577,.T.);
#13577=PLANE('',#13578);
#13578=AXIS2_PLACEMENT_3D('',#548,#13579,#13580);
#13579=DIRECTION('',(0,0,-1));
#13580=DIRECTION('',(0.913226844040813,0.40745150794083024,0));
#13581=FACE_BOUND('',#13582,.T.);
#13582=EDGE_LOOP('',(#13583,#13584,#13585));
#13583=ORIENTED_EDGE('',*,*,#13586,.T.);
#13584=ORIENTED_EDGE('',*,*,#13587,.T.);
#13585=ORIENTED_EDGE('',*,*,#13588,.T.);
#13586=EDGE_CURVE('',#549,#39,#13589,.F.);
#13587=EDGE_CURVE('',#39,#559,#13590,.T.);
#13588=EDGE_CURVE('',#559,#549,#13591,.T.);
#13589=LINE('',#548,#13592);
#13590=LINE('',#38,#13593);
#13591=LINE('',#558,#13594);
#13592=VECTOR('',#13595,1.0);
#13593=VECTOR('',#13596,1.0);
#13594=VECTOR('',#13597,1.0);
#13595=DIRECTION('',(0.913226844040813,0.40745150794083024,0));
#13596=DIRECTION('',(-0.8854876542728368,-0.4646629037596921,0));
#13597=DIRECTION('',(-0.8962665179548853,0.4435158720869247,0));
#13598=FACE_SURFACE('',(#13603),#13599,.T.);
#13599=PLANE('',#13600);
#13600=AXIS2_PLACEMENT_3D('',#38,#13601,#13602);
#13601=DIRECTION('',(0,0,-1));
#13602=DIRECTION('',(-0.9325307958200739,-0.36109045244533916,0));
#13603=FACE_BOUND('',#13604,.T.);
#13604=EDGE_LOOP('',(#13605,#13606,#13607));
#13605=ORIENTED_EDGE('',*,*,#13608,.T.);
#13606=ORIENTED_EDGE('',*,*,#13609,.T.);
#13607=ORIENTED_EDGE('',*,*,#13610,.T.);
#13608=EDGE_CURVE('',#39,#547,#13611,.F.);
#13609=EDGE_CURVE('',#547,#495,#13612,.T.);
#13610=EDGE_CURVE('',#495,#39,#13613,.T.);
#13611=LINE('',#38,#13614);
#13612=LINE('',#546,#13615);
#13613=LINE('',#494,#13616);
#13614=VECTOR('',#13617,1.0);
#13615=VECTOR('',#13618,1.0);
#13616=VECTOR('',#13619,1.0);
#13617=DIRECTION('',(-0.9325307958200739,-0.36109045244533916,0));
#13618=DIRECTION('',(-0.980934797379759,0.1943371382148333,0));
#13619=DIRECTION('',(0.945345417969087,0.3260706069624369,0));
#13620=FACE_SURFACE('',(#13625),#13621,.T.);
#13621=PLANE('',#13622);
#13622=AXIS2_PLACEMENT_3D('',#492,#13623,#13624);
#13623=DIRECTION('',(0,0,-1));
#13624=DIRECTION('',(-0.8563018238479957,0.5164757365787828,0));
#13625=FACE_BOUND('',#13626,.T.);
#13626=EDGE_LOOP('',(#13627,#13628,#13629));
#13627=ORIENTED_EDGE('',*,*,#13630,.T.);
#13628=ORIENTED_EDGE('',*,*,#13631,.T.);
#13629=ORIENTED_EDGE('',*,*,#13632,.T.);
#13630=EDGE_CURVE('',#493,#805,#13633,.F.);
#13631=EDGE_CURVE('',#805,#495,#13634,.T.);
#13632=EDGE_CURVE('',#495,#493,#13635,.T.);
#13633=LINE('',#492,#13636);
#13634=LINE('',#804,#13637);
#13635=LINE('',#494,#13638);
#13636=VECTOR('',#13639,1.0);
#13637=VECTOR('',#13640,1.0);
#13638=VECTOR('',#13641,1.0);
#13639=DIRECTION('',(-0.8563018238479957,0.5164757365787828,0));
#13640=DIRECTION('',(0.8792593166583638,-0.47634342030668086,0));
#13641=DIRECTION('',(-0.9975753866098133,0.06959416663975349,0));
#13642=FACE_SURFACE('',(#13647),#13643,.T.);
#13643=PLANE('',#13644);
#13644=AXIS2_PLACEMENT_3D('',#490,#13645,#13646);
#13645=DIRECTION('',(0,0,-1));
#13646=DIRECTION('',(-0.8175985878668754,0.5757886323279499,0));
#13647=FACE_BOUND('',#13648,.T.);
#13648=EDGE_LOOP('',(#13649,#13650,#13651));
#13649=ORIENTED_EDGE('',*,*,#13652,.T.);
#13650=ORIENTED_EDGE('',*,*,#13653,.T.);
#13651=ORIENTED_EDGE('',*,*,#13654,.T.);
#13652=EDGE_CURVE('',#491,#805,#13655,.F.);
#13653=EDGE_CURVE('',#805,#493,#13656,.T.);
#13654=EDGE_CURVE('',#493,#491,#13657,.T.);
#13655=LINE('',#490,#13658);
#13656=LINE('',#804,#13659);
#13657=LINE('',#492,#13660);
#13658=VECTOR('',#13661,1.0);
#13659=VECTOR('',#13662,1.0);
#13660=VECTOR('',#13663,1.0);
#13661=DIRECTION('',(-0.8175985878668754,0.5757886323279499,0));
#13662=DIRECTION('',(0.8563018238479957,-0.5164757365787828,0));
#13663=DIRECTION('',(-0.9975975224364684,-0.0692761375122778,0));
#13664=FACE_SURFACE('',(#13669),#13665,.T.);
#13665=PLANE('',#13666);
#13666=AXIS2_PLACEMENT_3D('',#38,#13667,#13668);
#13667=DIRECTION('',(-0,0,-1));
#13668=DIRECTION('',(-0.945345417969087,-0.3260706069624369,0));
#13669=FACE_BOUND('',#13670,.T.);
#13670=EDGE_LOOP('',(#13671,#13672,#13673));
#13671=ORIENTED_EDGE('',*,*,#13674,.T.);
#13672=ORIENTED_EDGE('',*,*,#13675,.T.);
#13673=ORIENTED_EDGE('',*,*,#13676,.T.);
#13674=EDGE_CURVE('',#39,#495,#13677,.F.);
#13675=EDGE_CURVE('',#495,#805,#13678,.T.);
#13676=EDGE_CURVE('',#805,#39,#13679,.T.);
#13677=LINE('',#38,#13680);
#13678=LINE('',#494,#13681);
#13679=LINE('',#804,#13682);
#13680=VECTOR('',#13683,1.0);
#13681=VECTOR('',#13684,1.0);
#13682=VECTOR('',#13685,1.0);
#13683=DIRECTION('',(-0.945345417969087,-0.3260706069624369,0));
#13684=DIRECTION('',(-0.8792593166583638,0.47634342030668086,0));
#13685=DIRECTION('',(1,0,0));
#13686=FACE_SURFACE('',(#13691),#13687,.T.);
#13687=PLANE('',#13688);
#13688=AXIS2_PLACEMENT_3D('',#672,#13689,#13690);
#13689=DIRECTION('',(-0.8320530071697307,0.5546961269558389,0));
#13690=DIRECTION('',(-0.11728583221834402,-0.17593061255220718,-0.9773906348680939));
#13691=FACE_BOUND('',#13692,.T.);
#13692=EDGE_LOOP('',(#13693,#13694,#13695));
#13693=ORIENTED_EDGE('',*,*,#13696,.T.);
#13694=ORIENTED_EDGE('',*,*,#13697,.T.);
#13695=ORIENTED_EDGE('',*,*,#13698,.T.);
#13696=EDGE_CURVE('',#673,#263,#13699,.F.);
#13697=EDGE_CURVE('',#263,#675,#13700,.T.);
#13698=EDGE_CURVE('',#675,#673,#13701,.T.);
#13699=LINE('',#672,#13702);
#13700=LINE('',#262,#13703);
#13701=LINE('',#674,#13704);
#13702=VECTOR('',#13705,1.0);
#13703=VECTOR('',#13706,1.0);
#13704=VECTOR('',#13707,1.0);
#13705=DIRECTION('',(-0.11728583221834402,-0.17593061255220718,-0.9773906348680939));
#13706=DIRECTION('',(0,0,1));
#13707=DIRECTION('',(0.5546961269558389,0.8320530071697306,0));
#13708=FACE_SURFACE('',(#13713),#13709,.T.);
#13709=PLANE('',#13710);
#13710=AXIS2_PLACEMENT_3D('',#422,#13711,#13712);
#13711=DIRECTION('',(-0,0,-1));
#13712=DIRECTION('',(-0.6617804401769383,-0.7496977050779987,0));
#13713=FACE_BOUND('',#13714,.T.);
#13714=EDGE_LOOP('',(#13715,#13716,#13717));
#13715=ORIENTED_EDGE('',*,*,#13718,.T.);
#13716=ORIENTED_EDGE('',*,*,#13719,.T.);
#13717=ORIENTED_EDGE('',*,*,#13720,.T.);
#13718=EDGE_CURVE('',#423,#419,#13721,.F.);
#13719=EDGE_CURVE('',#419,#805,#13722,.T.);
#13720=EDGE_CURVE('',#805,#423,#13723,.T.);
#13721=LINE('',#422,#13724);
#13722=LINE('',#418,#13725);
#13723=LINE('',#804,#13726);
#13724=VECTOR('',#13727,1.0);
#13725=VECTOR('',#13728,1.0);
#13726=VECTOR('',#13729,1.0);
#13727=DIRECTION('',(-0.6617804401769383,-0.7496977050779987,0));
#13728=DIRECTION('',(-0.20310023043807157,0.9791579527308157,0));
#13729=DIRECTION('',(0.3104493421672095,-0.9505899252295634,0));
#13730=FACE_SURFACE('',(#13735),#13731,.T.);
#13731=PLANE('',#13732);
#13732=AXIS2_PLACEMENT_3D('',#398,#13733,#13734);
#13733=DIRECTION('',(-0,0,-1));
#13734=DIRECTION('',(-0.9774723510017237,-0.21106350472585986,0));
#13735=FACE_BOUND('',#13736,.T.);
#13736=EDGE_LOOP('',(#13737,#13738,#13739));
#13737=ORIENTED_EDGE('',*,*,#13740,.T.);
#13738=ORIENTED_EDGE('',*,*,#13741,.T.);
#13739=ORIENTED_EDGE('',*,*,#13742,.T.);
#13740=EDGE_CURVE('',#399,#499,#13743,.F.);
#13741=EDGE_CURVE('',#499,#413,#13744,.T.);
#13742=EDGE_CURVE('',#413,#399,#13745,.T.);
#13743=LINE('',#398,#13746);
#13744=LINE('',#498,#13747);
#13745=LINE('',#412,#13748);
#13746=VECTOR('',#13749,1.0);
#13747=VECTOR('',#13750,1.0);
#13748=VECTOR('',#13751,1.0);
#13749=DIRECTION('',(-0.9774723510017237,-0.21106350472585986,0));
#13750=DIRECTION('',(0.9763815367931818,0.21605345312997076,0));
#13751=DIRECTION('',(-0.43979536147012105,-0.898098012484921,0));
#13752=FACE_SURFACE('',(#13757),#13753,.T.);
#13753=PLANE('',#13754);
#13754=AXIS2_PLACEMENT_3D('',#698,#13755,#13756);
#13755=DIRECTION('',(-0,0,-1));
#13756=DIRECTION('',(-0.43979623337014073,-0.8980975855180977,0));
#13757=FACE_BOUND('',#13758,.T.);
#13758=EDGE_LOOP('',(#13759,#13760,#13761));
#13759=ORIENTED_EDGE('',*,*,#13762,.T.);
#13760=ORIENTED_EDGE('',*,*,#13763,.T.);
#13761=ORIENTED_EDGE('',*,*,#13764,.T.);
#13762=EDGE_CURVE('',#699,#689,#13765,.F.);
#13763=EDGE_CURVE('',#689,#85,#13766,.T.);
#13764=EDGE_CURVE('',#85,#699,#13767,.T.);
#13765=LINE('',#698,#13768);
#13766=LINE('',#688,#13769);
#13767=LINE('',#84,#13770);
#13768=VECTOR('',#13771,1.0);
#13769=VECTOR('',#13772,1.0);
#13770=VECTOR('',#13773,1.0);
#13771=DIRECTION('',(-0.43979623337014073,-0.8980975855180977,0));
#13772=DIRECTION('',(-0.5757638422155652,0.81761604558446,0));
#13773=DIRECTION('',(0.6027632283700923,-0.7979201028454315,0));
#13774=FACE_SURFACE('',(#13779),#13775,.T.);
#13775=PLANE('',#13776);
#13776=AXIS2_PLACEMENT_3D('',#682,#13777,#13778);
#13777=DIRECTION('',(0,0,-1));
#13778=DIRECTION('',(-0.9961366332010643,0.08781690039421941,0));
#13779=FACE_BOUND('',#13780,.T.);
#13780=EDGE_LOOP('',(#13781,#13782,#13783));
#13781=ORIENTED_EDGE('',*,*,#13784,.T.);
#13782=ORIENTED_EDGE('',*,*,#13785,.T.);
#13783=ORIENTED_EDGE('',*,*,#13786,.T.);
#13784=EDGE_CURVE('',#683,#137,#13787,.F.);
#13785=EDGE_CURVE('',#137,#839,#13788,.T.);
#13786=EDGE_CURVE('',#839,#683,#13789,.T.);
#13787=LINE('',#682,#13790);
#13788=LINE('',#136,#13791);
#13789=LINE('',#838,#13792);
#13790=VECTOR('',#13793,1.0);
#13791=VECTOR('',#13794,1.0);
#13792=VECTOR('',#13795,1.0);
#13793=DIRECTION('',(-0.9961366332010643,0.08781690039421941,0));
#13794=DIRECTION('',(0.9964526568849229,-0.08415522911250388,0));
#13795=DIRECTION('',(-0.19433545580907408,-0.9809351306867745,0));
#13796=FACE_SURFACE('',(#13801),#13797,.T.);
#13797=PLANE('',#13798);
#13798=AXIS2_PLACEMENT_3D('',#688,#13799,#13800);
#13799=DIRECTION('',(-0,0,-1));
#13800=DIRECTION('',(-0.32456013282251134,-0.9458650644686237,0));
#13801=FACE_BOUND('',#13802,.T.);
#13802=EDGE_LOOP('',(#13803,#13804,#13805));
#13803=ORIENTED_EDGE('',*,*,#13806,.T.);
#13804=ORIENTED_EDGE('',*,*,#13807,.T.);
#13805=ORIENTED_EDGE('',*,*,#13808,.T.);
#13806=EDGE_CURVE('',#689,#839,#13809,.F.);
#13807=EDGE_CURVE('',#839,#137,#13810,.T.);
#13808=EDGE_CURVE('',#137,#689,#13811,.T.);
#13809=LINE('',#688,#13812);
#13810=LINE('',#838,#13813);
#13811=LINE('',#136,#13814);
#13812=VECTOR('',#13815,1.0);
#13813=VECTOR('',#13816,1.0);
#13814=VECTOR('',#13817,1.0);
#13815=DIRECTION('',(-0.32456013282251134,-0.9458650644686237,0));
#13816=DIRECTION('',(-0.9964526568849229,0.08415522911250388,0));
#13817=DIRECTION('',(0.9967471045572407,-0.08059286293932671,0));
#13818=FACE_SURFACE('',(#13823),#13819,.T.);
#13819=PLANE('',#13820);
#13820=AXIS2_PLACEMENT_3D('',#680,#13821,#13822);
#13821=DIRECTION('',(-0,-0,-1));
#13822=DIRECTION('',(0.06467893753574257,-0.9979061253641285,0));
#13823=FACE_BOUND('',#13824,.T.);
#13824=EDGE_LOOP('',(#13825,#13826,#13827));
#13825=ORIENTED_EDGE('',*,*,#13828,.T.);
#13826=ORIENTED_EDGE('',*,*,#13829,.T.);
#13827=ORIENTED_EDGE('',*,*,#13830,.T.);
#13828=EDGE_CURVE('',#681,#667,#13831,.F.);
#13829=EDGE_CURVE('',#667,#137,#13832,.T.);
#13830=EDGE_CURVE('',#137,#681,#13833,.T.);
#13831=LINE('',#680,#13834);
#13832=LINE('',#666,#13835);
#13833=LINE('',#136,#13836);
#13834=VECTOR('',#13837,1.0);
#13835=VECTOR('',#13838,1.0);
#13836=VECTOR('',#13839,1.0);
#13837=DIRECTION('',(0.06467893753574257,-0.9979061253641285,0));
#13838=DIRECTION('',(-0.9954634446155847,0.0951447866888926,0));
#13839=DIRECTION('',(0.9958046599504359,-0.09150453115008422,0));
#13840=FACE_SURFACE('',(#13845),#13841,.T.);
#13841=PLANE('',#13842);
#13842=AXIS2_PLACEMENT_3D('',#840,#13843,#13844);
#13843=DIRECTION('',(0,-0,-1));
#13844=DIRECTION('',(0.1943304087631403,-0.9809361305558842,0));
#13845=FACE_BOUND('',#13846,.T.);
#13846=EDGE_LOOP('',(#13847,#13848,#13849));
#13847=ORIENTED_EDGE('',*,*,#13850,.T.);
#13848=ORIENTED_EDGE('',*,*,#13851,.T.);
#13849=ORIENTED_EDGE('',*,*,#13852,.T.);
#13850=EDGE_CURVE('',#841,#525,#13853,.F.);
#13851=EDGE_CURVE('',#525,#499,#13854,.T.);
#13852=EDGE_CURVE('',#499,#841,#13855,.T.);
#13853=LINE('',#840,#13856);
#13854=LINE('',#524,#13857);
#13855=LINE('',#498,#13858);
#13856=VECTOR('',#13859,1.0);
#13857=VECTOR('',#13860,1.0);
#13858=VECTOR('',#13861,1.0);
#13859=DIRECTION('',(0.1943304087631403,-0.9809361305558842,0));
#13860=DIRECTION('',(-0.9835723768704601,-0.18051420846402597,0));
#13861=DIRECTION('',(0.9823612256896717,0.18699310752400983,0));
#13862=FACE_SURFACE('',(#13867),#13863,.T.);
#13863=PLANE('',#13864);
#13864=AXIS2_PLACEMENT_3D('',#700,#13865,#13866);
#13865=DIRECTION('',(0,-0,-1));
#13866=DIRECTION('',(0.06468007505039758,-0.9979060516358615,0));
#13867=FACE_BOUND('',#13868,.T.);
#13868=EDGE_LOOP('',(#13869,#13870,#13871));
#13869=ORIENTED_EDGE('',*,*,#13872,.T.);
#13870=ORIENTED_EDGE('',*,*,#13873,.T.);
#13871=ORIENTED_EDGE('',*,*,#13874,.T.);
#13872=EDGE_CURVE('',#701,#841,#13875,.F.);
#13873=EDGE_CURVE('',#841,#499,#13876,.T.);
#13874=EDGE_CURVE('',#499,#701,#13877,.T.);
#13875=LINE('',#700,#13878);
#13876=LINE('',#840,#13879);
#13877=LINE('',#498,#13880);
#13878=VECTOR('',#13881,1.0);
#13879=VECTOR('',#13882,1.0);
#13880=VECTOR('',#13883,1.0);
#13881=DIRECTION('',(0.06468007505039758,-0.9979060516358615,0));
#13882=DIRECTION('',(-0.9823612256896717,-0.18699310752400983,0));
#13883=DIRECTION('',(0.9811161275370113,0.19341960677960995,0));
#13884=FACE_SURFACE('',(#13889),#13885,.T.);
#13885=PLANE('',#13886);
#13886=AXIS2_PLACEMENT_3D('',#674,#13887,#13888);
#13887=DIRECTION('',(-0.7497029901059971,0.6617744529869125,0));
#13888=DIRECTION('',(0,0,-1));
#13889=FACE_BOUND('',#13890,.T.);
#13890=EDGE_LOOP('',(#13891,#13892,#13893));
#13891=ORIENTED_EDGE('',*,*,#13894,.T.);
#13892=ORIENTED_EDGE('',*,*,#13895,.T.);
#13893=ORIENTED_EDGE('',*,*,#13896,.T.);
#13894=EDGE_CURVE('',#675,#263,#13897,.F.);
#13895=EDGE_CURVE('',#263,#261,#13898,.T.);
#13896=EDGE_CURVE('',#261,#675,#13899,.T.);
#13897=LINE('',#674,#13900);
#13898=LINE('',#262,#13901);
#13899=LINE('',#260,#13902);
#13900=VECTOR('',#13903,1.0);
#13901=VECTOR('',#13904,1.0);
#13902=VECTOR('',#13905,1.0);
#13903=DIRECTION('',(0,0,-1));
#13904=DIRECTION('',(-0.6617744529869125,-0.7497029901059971,0));
#13905=DIRECTION('',(0.13977366488217371,0.15834508876442163,0.9774406148045993));
#13906=FACE_SURFACE('',(#13911),#13907,.T.);
#13907=PLANE('',#13908);
#13908=AXIS2_PLACEMENT_3D('',#674,#13909,#13910);
#13909=DIRECTION('',(-0.7497029901059971,0.6617744529869125,0));
#13910=DIRECTION('',(-0.13977366488217371,-0.15834508876442163,-0.9774406148045993));
#13911=FACE_BOUND('',#13912,.T.);
#13912=EDGE_LOOP('',(#13913,#13914,#13915));
#13913=ORIENTED_EDGE('',*,*,#13916,.T.);
#13914=ORIENTED_EDGE('',*,*,#13917,.T.);
#13915=ORIENTED_EDGE('',*,*,#13918,.T.);
#13916=EDGE_CURVE('',#675,#261,#13919,.F.);
#13917=EDGE_CURVE('',#261,#671,#13920,.T.);
#13918=EDGE_CURVE('',#671,#675,#13921,.T.);
#13919=LINE('',#674,#13922);
#13920=LINE('',#260,#13923);
#13921=LINE('',#670,#13924);
#13922=VECTOR('',#13925,1.0);
#13923=VECTOR('',#13926,1.0);
#13924=VECTOR('',#13927,1.0);
#13925=DIRECTION('',(-0.13977366488217371,-0.15834508876442163,-0.9774406148045993));
#13926=DIRECTION('',(0,0,1));
#13927=DIRECTION('',(0.6617744529869125,0.7497029901059971,0));
#13928=FACE_SURFACE('',(#13933),#13929,.T.);
#13929=PLANE('',#13930);
#13930=AXIS2_PLACEMENT_3D('',#670,#13931,#13932);
#13931=DIRECTION('',(-0.6594826879052971,0.7517197512059959,0));
#13932=DIRECTION('',(0,0,-1));
#13933=FACE_BOUND('',#13934,.T.);
#13934=EDGE_LOOP('',(#13935,#13936,#13937));
#13935=ORIENTED_EDGE('',*,*,#13938,.T.);
#13936=ORIENTED_EDGE('',*,*,#13939,.T.);
#13937=ORIENTED_EDGE('',*,*,#13940,.T.);
#13938=EDGE_CURVE('',#671,#261,#13941,.F.);
#13939=EDGE_CURVE('',#261,#287,#13942,.T.);
#13940=EDGE_CURVE('',#287,#671,#13943,.T.);
#13941=LINE('',#670,#13944);
#13942=LINE('',#260,#13945);
#13943=LINE('',#286,#13946);
#13944=VECTOR('',#13947,1.0);
#13945=VECTOR('',#13948,1.0);
#13946=VECTOR('',#13949,1.0);
#13947=DIRECTION('',(0,0,-1));
#13948=DIRECTION('',(-0.751719751205996,-0.6594826879052971,0));
#13949=DIRECTION('',(0.15929907297908139,0.13975285425256592,0.9772885679656067));
#13950=FACE_SURFACE('',(#13955),#13951,.T.);
#13951=PLANE('',#13952);
#13952=AXIS2_PLACEMENT_3D('',#670,#13953,#13954);
#13953=DIRECTION('',(-0.6594826879052971,0.7517197512059959,0));
#13954=DIRECTION('',(-0.15929907297908139,-0.13975285425256592,-0.9772885679656067));
#13955=FACE_BOUND('',#13956,.T.);
#13956=EDGE_LOOP('',(#13957,#13958,#13959));
#13957=ORIENTED_EDGE('',*,*,#13960,.T.);
#13958=ORIENTED_EDGE('',*,*,#13961,.T.);
#13959=ORIENTED_EDGE('',*,*,#13962,.T.);
#13960=EDGE_CURVE('',#671,#287,#13963,.F.);
#13961=EDGE_CURVE('',#287,#669,#13964,.T.);
#13962=EDGE_CURVE('',#669,#671,#13965,.T.);
#13963=LINE('',#670,#13966);
#13964=LINE('',#286,#13967);
#13965=LINE('',#668,#13968);
#13966=VECTOR('',#13969,1.0);
#13967=VECTOR('',#13970,1.0);
#13968=VECTOR('',#13971,1.0);
#13969=DIRECTION('',(-0.15929907297908139,-0.13975285425256592,-0.9772885679656067));
#13970=DIRECTION('',(0,0,1));
#13971=DIRECTION('',(0.751719751205996,0.6594826879052971,0));
#13972=FACE_SURFACE('',(#13977),#13973,.T.);
#13973=PLANE('',#13974);
#13974=AXIS2_PLACEMENT_3D('',#522,#13975,#13976);
#13975=DIRECTION('',(0,-0,-1));
#13976=DIRECTION('',(0.5547083346446026,-0.8320448686674365,0));
#13977=FACE_BOUND('',#13978,.T.);
#13978=EDGE_LOOP('',(#13979,#13980,#13981));
#13979=ORIENTED_EDGE('',*,*,#13982,.T.);
#13980=ORIENTED_EDGE('',*,*,#13983,.T.);
#13981=ORIENTED_EDGE('',*,*,#13984,.T.);
#13982=EDGE_CURVE('',#523,#497,#13985,.F.);
#13983=EDGE_CURVE('',#497,#499,#13986,.T.);
#13984=EDGE_CURVE('',#499,#523,#13987,.T.);
#13985=LINE('',#522,#13988);
#13986=LINE('',#496,#13989);
#13987=LINE('',#498,#13990);
#13988=VECTOR('',#13991,1.0);
#13989=VECTOR('',#13992,1.0);
#13990=VECTOR('',#13993,1.0);
#13991=DIRECTION('',(0.5547083346446026,-0.8320448686674365,0));
#13992=DIRECTION('',(-0.9867926234581579,-0.161988636294544,0));
#13993=DIRECTION('',(0.9858041278809105,0.16789943851293015,0));
#13994=FACE_SURFACE('',(#13999),#13995,.T.);
#13995=PLANE('',#13996);
#13996=AXIS2_PLACEMENT_3D('',#174,#13997,#13998);
#13997=DIRECTION('',(0,0,-1));
#13998=DIRECTION('',(-0.7966912709023963,0.6043864813742317,0));
#13999=FACE_BOUND('',#14000,.T.);
#14000=EDGE_LOOP('',(#14001,#14002,#14003));
#14001=ORIENTED_EDGE('',*,*,#14004,.T.);
#14002=ORIENTED_EDGE('',*,*,#14005,.T.);
#14003=ORIENTED_EDGE('',*,*,#14006,.T.);
#14004=EDGE_CURVE('',#175,#499,#14007,.F.);
#14005=EDGE_CURVE('',#499,#445,#14008,.T.);
#14006=EDGE_CURVE('',#445,#175,#14009,.T.);
#14007=LINE('',#174,#14010);
#14008=LINE('',#498,#14011);
#14009=LINE('',#444,#14012);
#14010=VECTOR('',#14013,1.0);
#14011=VECTOR('',#14014,1.0);
#14012=VECTOR('',#14015,1.0);
#14013=DIRECTION('',(-0.7966912709023963,0.6043864813742317,0));
#14014=DIRECTION('',(0.9876736002631313,0.15652750347227892,0));
#14015=DIRECTION('',(-0.13413856590963152,-0.9909625851341247,0));
#14016=FACE_SURFACE('',(#14021),#14017,.T.);
#14017=PLANE('',#14018);
#14018=AXIS2_PLACEMENT_3D('',#842,#14019,#14020);
#14019=DIRECTION('',(0,0,-1));
#14020=DIRECTION('',(-0.08519031011146706,0.9963646978205881,0));
#14021=FACE_BOUND('',#14022,.T.);
#14022=EDGE_LOOP('',(#14023,#14024,#14025));
#14023=ORIENTED_EDGE('',*,*,#14026,.T.);
#14024=ORIENTED_EDGE('',*,*,#14027,.T.);
#14025=ORIENTED_EDGE('',*,*,#14028,.T.);
#14026=EDGE_CURVE('',#843,#175,#14029,.F.);
#14027=EDGE_CURVE('',#175,#845,#14030,.T.);
#14028=EDGE_CURVE('',#845,#843,#14031,.T.);
#14029=LINE('',#842,#14032);
#14030=LINE('',#174,#14033);
#14031=LINE('',#844,#14034);
#14032=VECTOR('',#14035,1.0);
#14033=VECTOR('',#14036,1.0);
#14034=VECTOR('',#14037,1.0);
#14035=DIRECTION('',(-0.08519031011146706,0.9963646978205881,0));
#14036=DIRECTION('',(0.08891737926171121,-0.996039005092285,0));
#14037=DIRECTION('',(-0.9978867494900021,0.0649771897843992,0));
#14038=FACE_SURFACE('',(#14043),#14039,.T.);
#14039=PLANE('',#14040);
#14040=AXIS2_PLACEMENT_3D('',#844,#14041,#14042);
#14041=DIRECTION('',(0,0,-1));
#14042=DIRECTION('',(-0.08891737926171121,0.996039005092285,0));
#14043=FACE_BOUND('',#14044,.T.);
#14044=EDGE_LOOP('',(#14045,#14046,#14047));
#14045=ORIENTED_EDGE('',*,*,#14048,.T.);
#14046=ORIENTED_EDGE('',*,*,#14049,.T.);
#14047=ORIENTED_EDGE('',*,*,#14050,.T.);
#14048=EDGE_CURVE('',#845,#175,#14051,.F.);
#14049=EDGE_CURVE('',#175,#717,#14052,.T.);
#14050=EDGE_CURVE('',#717,#845,#14053,.T.);
#14051=LINE('',#844,#14054);
#14052=LINE('',#174,#14055);
#14053=LINE('',#716,#14056);
#14054=VECTOR('',#14057,1.0);
#14055=VECTOR('',#14058,1.0);
#14056=VECTOR('',#14059,1.0);
#14057=DIRECTION('',(-0.08891737926171121,0.996039005092285,0));
#14058=DIRECTION('',(0.09254128703575489,-0.9957088481045883,0));
#14059=DIRECTION('',(-0.9809343767726323,0.19433926125641088,0));
#14060=FACE_SURFACE('',(#14065),#14061,.T.);
#14061=PLANE('',#14062);
#14062=AXIS2_PLACEMENT_3D('',#718,#14063,#14064);
#14063=DIRECTION('',(0,0,-1));
#14064=DIRECTION('',(-0.09598949017145325,0.9953823475311507,0));
#14065=FACE_BOUND('',#14066,.T.);
#14066=EDGE_LOOP('',(#14067,#14068,#14069));
#14067=ORIENTED_EDGE('',*,*,#14070,.T.);
#14068=ORIENTED_EDGE('',*,*,#14071,.T.);
#14069=ORIENTED_EDGE('',*,*,#14072,.T.);
#14070=EDGE_CURVE('',#719,#175,#14073,.F.);
#14071=EDGE_CURVE('',#175,#847,#14074,.T.);
#14072=EDGE_CURVE('',#847,#719,#14075,.T.);
#14073=LINE('',#718,#14076);
#14074=LINE('',#174,#14077);
#14075=LINE('',#846,#14078);
#14076=VECTOR('',#14079,1.0);
#14077=VECTOR('',#14080,1.0);
#14078=VECTOR('',#14081,1.0);
#14079=DIRECTION('',(-0.09598949017145325,0.9953823475311507,0));
#14080=DIRECTION('',(0.09918876999600877,-0.9950686347718326,0));
#14081=DIRECTION('',(-0.8962673936458815,0.4435141024671238,0));
#14082=FACE_SURFACE('',(#14087),#14083,.T.);
#14083=PLANE('',#14084);
#14084=AXIS2_PLACEMENT_3D('',#846,#14085,#14086);
#14085=DIRECTION('',(0,0,-1));
#14086=DIRECTION('',(-0.09918876999600877,0.9950686347718326,0));
#14087=FACE_BOUND('',#14088,.T.);
#14088=EDGE_LOOP('',(#14089,#14090,#14091));
#14089=ORIENTED_EDGE('',*,*,#14092,.T.);
#14090=ORIENTED_EDGE('',*,*,#14093,.T.);
#14091=ORIENTED_EDGE('',*,*,#14094,.T.);
#14092=EDGE_CURVE('',#847,#175,#14095,.F.);
#14093=EDGE_CURVE('',#175,#849,#14096,.T.);
#14094=EDGE_CURVE('',#849,#847,#14097,.T.);
#14095=LINE('',#846,#14098);
#14096=LINE('',#174,#14099);
#14097=LINE('',#848,#14100);
#14098=VECTOR('',#14101,1.0);
#14099=VECTOR('',#14102,1.0);
#14100=VECTOR('',#14103,1.0);
#14101=DIRECTION('',(-0.09918876999600877,0.9950686347718326,0));
#14102=DIRECTION('',(0.1020727535002351,-0.9947769362992289,0));
#14103=DIRECTION('',(-0.8306212180617042,0.5568378508198693,0));
#14104=FACE_SURFACE('',(#14109),#14105,.T.);
#14105=PLANE('',#14106);
#14106=AXIS2_PLACEMENT_3D('',#848,#14107,#14108);
#14107=DIRECTION('',(0,0,-1));
#14108=DIRECTION('',(-0.1020727535002351,0.9947769362992289,0));
#14109=FACE_BOUND('',#14110,.T.);
#14110=EDGE_LOOP('',(#14111,#14112,#14113));
#14111=ORIENTED_EDGE('',*,*,#14114,.T.);
#14112=ORIENTED_EDGE('',*,*,#14115,.T.);
#14113=ORIENTED_EDGE('',*,*,#14116,.T.);
#14114=EDGE_CURVE('',#849,#175,#14117,.F.);
#14115=EDGE_CURVE('',#175,#755,#14118,.T.);
#14116=EDGE_CURVE('',#755,#849,#14119,.T.);
#14117=LINE('',#848,#14120);
#14118=LINE('',#174,#14121);
#14119=LINE('',#754,#14122);
#14120=VECTOR('',#14123,1.0);
#14121=VECTOR('',#14124,1.0);
#14122=VECTOR('',#14125,1.0);
#14123=DIRECTION('',(-0.1020727535002351,0.9947769362992289,0));
#14124=DIRECTION('',(0.10462501782368791,-0.9945117423366066,0));
#14125=DIRECTION('',(-0.7517074512566793,0.6594967078956402,0));
#14126=FACE_SURFACE('',(#14131),#14127,.T.);
#14127=PLANE('',#14128);
#14128=AXIS2_PLACEMENT_3D('',#330,#14129,#14130);
#14129=DIRECTION('',(0,-0,-1));
#14130=DIRECTION('',(0.9477515347235277,-0.3190094488086488,0));
#14131=FACE_BOUND('',#14132,.T.);
#14132=EDGE_LOOP('',(#14133,#14134,#14135));
#14133=ORIENTED_EDGE('',*,*,#14136,.T.);
#14134=ORIENTED_EDGE('',*,*,#14137,.T.);
#14135=ORIENTED_EDGE('',*,*,#14138,.T.);
#14136=EDGE_CURVE('',#331,#273,#14139,.F.);
#14137=EDGE_CURVE('',#273,#175,#14140,.T.);
#14138=EDGE_CURVE('',#175,#331,#14141,.T.);
#14139=LINE('',#330,#14142);
#14140=LINE('',#272,#14143);
#14141=LINE('',#174,#14144);
#14142=VECTOR('',#14145,1.0);
#14143=VECTOR('',#14146,1.0);
#14144=VECTOR('',#14147,1.0);
#14145=DIRECTION('',(0.9477515347235277,-0.3190094488086488,0));
#14146=DIRECTION('',(-0.16301719381874455,-0.9866232282484848,0));
#14147=DIRECTION('',(0.15525338367516217,0.9878746817574651,0));
#14148=FACE_SURFACE('',(#14153),#14149,.T.);
#14149=PLANE('',#14150);
#14150=AXIS2_PLACEMENT_3D('',#288,#14151,#14152);
#14151=DIRECTION('',(0,0,-1));
#14152=DIRECTION('',(-0.0814005549949941,0.9966814684975872,0));
#14153=FACE_BOUND('',#14154,.T.);
#14154=EDGE_LOOP('',(#14155,#14156,#14157));
#14155=ORIENTED_EDGE('',*,*,#14158,.T.);
#14156=ORIENTED_EDGE('',*,*,#14159,.T.);
#14157=ORIENTED_EDGE('',*,*,#14160,.T.);
#14158=EDGE_CURVE('',#289,#175,#14161,.F.);
#14159=EDGE_CURVE('',#175,#843,#14162,.T.);
#14160=EDGE_CURVE('',#843,#289,#14163,.T.);
#14161=LINE('',#288,#14164);
#14162=LINE('',#174,#14165);
#14163=LINE('',#842,#14166);
#14164=VECTOR('',#14167,1.0);
#14165=VECTOR('',#14168,1.0);
#14166=VECTOR('',#14169,1.0);
#14167=DIRECTION('',(-0.0814005549949941,0.9966814684975872,0));
#14168=DIRECTION('',(0.08519031011146706,-0.9963646978205881,0));
#14169=DIRECTION('',(-0.9979060516358615,-0.06468007505039758,0));
#14170=FACE_SURFACE('',(#14175),#14171,.T.);
#14171=PLANE('',#14172);
#14172=AXIS2_PLACEMENT_3D('',#274,#14173,#14174);
#14173=DIRECTION('',(0,-0,-1));
#14174=DIRECTION('',(0.9979060516358615,-0.06468007505039758,0));
#14175=FACE_BOUND('',#14176,.T.);
#14176=EDGE_LOOP('',(#14177,#14178,#14179));
#14177=ORIENTED_EDGE('',*,*,#14180,.T.);
#14178=ORIENTED_EDGE('',*,*,#14181,.T.);
#14179=ORIENTED_EDGE('',*,*,#14182,.T.);
#14180=EDGE_CURVE('',#275,#209,#14183,.F.);
#14181=EDGE_CURVE('',#209,#175,#14184,.T.);
#14182=EDGE_CURVE('',#175,#275,#14185,.T.);
#14183=LINE('',#274,#14186);
#14184=LINE('',#208,#14187);
#14185=LINE('',#174,#14188);
#14186=VECTOR('',#14189,1.0);
#14187=VECTOR('',#14190,1.0);
#14188=VECTOR('',#14191,1.0);
#14189=DIRECTION('',(0.9979060516358615,-0.06468007505039758,0));
#14190=DIRECTION('',(-0.17868432759845312,-0.9839064544308511,0));
#14191=DIRECTION('',(0.17087424660320694,0.9852928457305403,0));
#14192=FACE_SURFACE('',(#14197),#14193,.T.);
#14193=PLANE('',#14194);
#14194=AXIS2_PLACEMENT_3D('',#174,#14195,#14196);
#14195=DIRECTION('',(0,0,-1));
#14196=DIRECTION('',(0.0814005549949941,-0.9966814684975872,0));
#14197=FACE_BOUND('',#14198,.T.);
#14198=EDGE_LOOP('',(#14199,#14200,#14201));
#14199=ORIENTED_EDGE('',*,*,#14202,.T.);
#14200=ORIENTED_EDGE('',*,*,#14203,.T.);
#14201=ORIENTED_EDGE('',*,*,#14204,.T.);
#14202=EDGE_CURVE('',#175,#289,#14205,.F.);
#14203=EDGE_CURVE('',#289,#85,#14206,.T.);
#14204=EDGE_CURVE('',#85,#175,#14207,.T.);
#14205=LINE('',#174,#14208);
#14206=LINE('',#288,#14209);
#14207=LINE('',#84,#14210);
#14208=VECTOR('',#14211,1.0);
#14209=VECTOR('',#14212,1.0);
#14210=VECTOR('',#14213,1.0);
#14211=DIRECTION('',(0.0814005549949941,-0.9966814684975872,0));
#14212=DIRECTION('',(-0.78050727874763,0.6251466930424964,0));
#14213=DIRECTION('',(0,1,0));
#14214=FACE_SURFACE('',(#14219),#14215,.T.);
#14215=PLANE('',#14216);
#14216=AXIS2_PLACEMENT_3D('',#668,#14217,#14218);
#14217=DIRECTION('',(-0.5568398976462725,0.8306198458917826,0));
#14218=DIRECTION('',(0,0,-1));
#14219=FACE_BOUND('',#14220,.T.);
#14220=EDGE_LOOP('',(#14221,#14222,#14223));
#14221=ORIENTED_EDGE('',*,*,#14224,.T.);
#14222=ORIENTED_EDGE('',*,*,#14225,.T.);
#14223=ORIENTED_EDGE('',*,*,#14226,.T.);
#14224=EDGE_CURVE('',#669,#287,#14227,.F.);
#14225=EDGE_CURVE('',#287,#285,#14228,.T.);
#14226=EDGE_CURVE('',#285,#669,#14229,.T.);
#14227=LINE('',#668,#14230);
#14228=LINE('',#286,#14231);
#14229=LINE('',#284,#14232);
#14230=VECTOR('',#14233,1.0);
#14231=VECTOR('',#14234,1.0);
#14232=VECTOR('',#14235,1.0);
#14233=DIRECTION('',(0,0,-1));
#14234=DIRECTION('',(-0.8306198458917827,-0.5568398976462725,0));
#14235=DIRECTION('',(0.17498282747327448,0.11730687657175021,0.9775582370367703));
#14236=FACE_SURFACE('',(#14241),#14237,.T.);
#14237=PLANE('',#14238);
#14238=AXIS2_PLACEMENT_3D('',#668,#14239,#14240);
#14239=DIRECTION('',(-0.5568398976462725,0.8306198458917826,0));
#14240=DIRECTION('',(-0.17498282747327448,-0.11730687657175021,-0.9775582370367703));
#14241=FACE_BOUND('',#14242,.T.);
#14242=EDGE_LOOP('',(#14243,#14244,#14245));
#14243=ORIENTED_EDGE('',*,*,#14246,.T.);
#14244=ORIENTED_EDGE('',*,*,#14247,.T.);
#14245=ORIENTED_EDGE('',*,*,#14248,.T.);
#14246=EDGE_CURVE('',#669,#285,#14249,.F.);
#14247=EDGE_CURVE('',#285,#679,#14250,.T.);
#14248=EDGE_CURVE('',#679,#669,#14251,.T.);
#14249=LINE('',#668,#14252);
#14250=LINE('',#284,#14253);
#14251=LINE('',#678,#14254);
#14252=VECTOR('',#14255,1.0);
#14253=VECTOR('',#14256,1.0);
#14254=VECTOR('',#14257,1.0);
#14255=DIRECTION('',(-0.17498282747327448,-0.11730687657175021,-0.9775582370367703));
#14256=DIRECTION('',(0,0,1));
#14257=DIRECTION('',(0.8306198458917827,0.5568398976462725,0));
#14258=FACE_SURFACE('',(#14263),#14259,.T.);
#14259=PLANE('',#14260);
#14260=AXIS2_PLACEMENT_3D('',#46,#14261,#14262);
#14261=DIRECTION('',(0,0,-1));
#14262=DIRECTION('',(0.9453798008355996,0.32597090694115943,0));
#14263=FACE_BOUND('',#14264,.T.);
#14264=EDGE_LOOP('',(#14265,#14266,#14267));
#14265=ORIENTED_EDGE('',*,*,#14268,.T.);
#14266=ORIENTED_EDGE('',*,*,#14269,.T.);
#14267=ORIENTED_EDGE('',*,*,#14270,.T.);
#14268=EDGE_CURVE('',#47,#785,#14271,.F.);
#14269=EDGE_CURVE('',#785,#787,#14272,.T.);
#14270=EDGE_CURVE('',#787,#47,#14273,.T.);
#14271=LINE('',#46,#14274);
#14272=LINE('',#784,#14275);
#14273=LINE('',#786,#14276);
#14274=VECTOR('',#14277,1.0);
#14275=VECTOR('',#14278,1.0);
#14276=VECTOR('',#14279,1.0);
#14277=DIRECTION('',(0.9453798008355996,0.32597090694115943,0));
#14278=DIRECTION('',(0.9975749936649281,-0.06959979895386728,0));
#14279=DIRECTION('',(-0.9533857815107144,-0.30175412443445476,0));
#14280=FACE_SURFACE('',(#14285),#14281,.T.);
#14281=PLANE('',#14282);
#14282=AXIS2_PLACEMENT_3D('',#264,#14283,#14284);
#14283=DIRECTION('',(0,0,-1));
#14284=DIRECTION('',(-1,0,0));
#14285=FACE_BOUND('',#14286,.T.);
#14286=EDGE_LOOP('',(#14287,#14288,#14289));
#14287=ORIENTED_EDGE('',*,*,#14290,.T.);
#14288=ORIENTED_EDGE('',*,*,#14291,.T.);
#14289=ORIENTED_EDGE('',*,*,#14292,.T.);
#14290=EDGE_CURVE('',#265,#47,#14293,.F.);
#14291=EDGE_CURVE('',#47,#813,#14294,.T.);
#14292=EDGE_CURVE('',#813,#265,#14295,.T.);
#14293=LINE('',#264,#14296);
#14294=LINE('',#46,#14297);
#14295=LINE('',#812,#14298);
#14296=VECTOR('',#14299,1.0);
#14297=VECTOR('',#14300,1.0);
#14298=VECTOR('',#14301,1.0);
#14299=DIRECTION('',(-1,0,0));
#14300=DIRECTION('',(0.9576538172666097,0.2879221531502761,0));
#14301=DIRECTION('',(0.9998703164584865,-0.016104355473164675,0));
#14302=FACE_SURFACE('',(#14307),#14303,.T.);
#14303=PLANE('',#14304);
#14304=AXIS2_PLACEMENT_3D('',#812,#14305,#14306);
#14305=DIRECTION('',(0,0,-1));
#14306=DIRECTION('',(0.9809351306867745,0.19433545580907408,0));
#14307=FACE_BOUND('',#14308,.T.);
#14308=EDGE_LOOP('',(#14309,#14310,#14311));
#14309=ORIENTED_EDGE('',*,*,#14312,.T.);
#14310=ORIENTED_EDGE('',*,*,#14313,.T.);
#14311=ORIENTED_EDGE('',*,*,#14314,.T.);
#14312=EDGE_CURVE('',#813,#305,#14315,.F.);
#14313=EDGE_CURVE('',#305,#265,#14316,.T.);
#14314=EDGE_CURVE('',#265,#813,#14317,.T.);
#14315=LINE('',#812,#14318);
#14316=LINE('',#304,#14319);
#14317=LINE('',#264,#14320);
#14318=VECTOR('',#14321,1.0);
#14319=VECTOR('',#14322,1.0);
#14320=VECTOR('',#14323,1.0);
#14321=DIRECTION('',(0.9809351306867745,0.19433545580907408,0));
#14322=DIRECTION('',(0.999858377333839,-0.016829298123880766,0));
#14323=DIRECTION('',(-0.9998703164584865,0.016104355473164675,0));
#14324=FACE_SURFACE('',(#14329),#14325,.T.);
#14325=PLANE('',#14326);
#14326=AXIS2_PLACEMENT_3D('',#364,#14327,#14328);
#14327=DIRECTION('',(0,0,-1));
#14328=DIRECTION('',(0.439797105273203,0.8980971585487348,0));
#14329=FACE_BOUND('',#14330,.T.);
#14330=EDGE_LOOP('',(#14331,#14332,#14333));
#14331=ORIENTED_EDGE('',*,*,#14334,.T.);
#14332=ORIENTED_EDGE('',*,*,#14335,.T.);
#14333=ORIENTED_EDGE('',*,*,#14336,.T.);
#14334=EDGE_CURVE('',#365,#367,#14337,.F.);
#14335=EDGE_CURVE('',#367,#265,#14338,.T.);
#14336=EDGE_CURVE('',#265,#365,#14339,.T.);
#14337=LINE('',#364,#14340);
#14338=LINE('',#366,#14341);
#14339=LINE('',#264,#14342);
#14340=VECTOR('',#14343,1.0);
#14341=VECTOR('',#14344,1.0);
#14342=VECTOR('',#14345,1.0);
#14343=DIRECTION('',(0.439797105273203,0.8980971585487348,0));
#14344=DIRECTION('',(0.9994624546075407,-0.03278417041606678,0));
#14345=DIRECTION('',(-0.9995621276416344,0.029589744583704856,0));
#14346=FACE_SURFACE('',(#14351),#14347,.T.);
#14347=PLANE('',#14348);
#14348=AXIS2_PLACEMENT_3D('',#786,#14349,#14350);
#14349=DIRECTION('',(0,-0,-1));
#14350=DIRECTION('',(0.9975973025868392,0.06927930334134713,0));
#14351=FACE_BOUND('',#14352,.T.);
#14352=EDGE_LOOP('',(#14353,#14354,#14355));
#14353=ORIENTED_EDGE('',*,*,#14356,.T.);
#14354=ORIENTED_EDGE('',*,*,#14357,.T.);
#14355=ORIENTED_EDGE('',*,*,#14358,.T.);
#14356=EDGE_CURVE('',#787,#813,#14359,.F.);
#14357=EDGE_CURVE('',#813,#47,#14360,.T.);
#14358=EDGE_CURVE('',#47,#787,#14361,.T.);
#14359=LINE('',#786,#14362);
#14360=LINE('',#812,#14363);
#14361=LINE('',#46,#14364);
#14362=VECTOR('',#14365,1.0);
#14363=VECTOR('',#14366,1.0);
#14364=VECTOR('',#14367,1.0);
#14365=DIRECTION('',(0.9975973025868392,0.06927930334134713,0));
#14366=DIRECTION('',(-0.9576538172666097,-0.2879221531502761,0));
#14367=DIRECTION('',(0.9533857815107144,0.30175412443445476,0));
#14368=FACE_SURFACE('',(#14373),#14369,.T.);
#14369=PLANE('',#14370);
#14370=AXIS2_PLACEMENT_3D('',#296,#14371,#14372);
#14371=DIRECTION('',(-0.4435140842248492,0.8962674026729931,0));
#14372=DIRECTION('',(0,0,1));
#14373=FACE_BOUND('',#14374,.T.);
#14374=EDGE_LOOP('',(#14375,#14376,#14377));
#14375=ORIENTED_EDGE('',*,*,#14378,.T.);
#14376=ORIENTED_EDGE('',*,*,#14379,.T.);
#14377=ORIENTED_EDGE('',*,*,#14380,.T.);
#14378=EDGE_CURVE('',#297,#685,#14381,.F.);
#14379=EDGE_CURVE('',#685,#679,#14382,.T.);
#14380=EDGE_CURVE('',#679,#297,#14383,.T.);
#14381=LINE('',#296,#14384);
#14382=LINE('',#684,#14385);
#14383=LINE('',#678,#14386);
#14384=VECTOR('',#14387,1.0);
#14385=VECTOR('',#14388,1.0);
#14386=VECTOR('',#14389,1.0);
#14387=DIRECTION('',(0,0,1));
#14388=DIRECTION('',(0.8962674026729932,0.4435140842248493,0));
#14389=DIRECTION('',(-0.18960839688751102,-0.09382690283737592,-0.9773664451646034));
#14390=FACE_SURFACE('',(#14395),#14391,.T.);
#14391=PLANE('',#14392);
#14392=AXIS2_PLACEMENT_3D('',#296,#14393,#14394);
#14393=DIRECTION('',(-0.4435140842248492,0.8962674026729931,0));
#14394=DIRECTION('',(0.18960839688751102,0.09382690283737592,0.9773664451646034));
#14395=FACE_BOUND('',#14396,.T.);
#14396=EDGE_LOOP('',(#14397,#14398,#14399));
#14397=ORIENTED_EDGE('',*,*,#14400,.T.);
#14398=ORIENTED_EDGE('',*,*,#14401,.T.);
#14399=ORIENTED_EDGE('',*,*,#14402,.T.);
#14400=EDGE_CURVE('',#297,#679,#14403,.F.);
#14401=EDGE_CURVE('',#679,#285,#14404,.T.);
#14402=EDGE_CURVE('',#285,#297,#14405,.T.);
#14403=LINE('',#296,#14406);
#14404=LINE('',#678,#14407);
#14405=LINE('',#284,#14408);
#14406=VECTOR('',#14409,1.0);
#14407=VECTOR('',#14410,1.0);
#14408=VECTOR('',#14411,1.0);
#14409=DIRECTION('',(0.18960839688751102,0.09382690283737592,0.9773664451646034));
#14410=DIRECTION('',(0,0,-1));
#14411=DIRECTION('',(-0.8962674026729932,-0.4435140842248493,0));
#14412=FACE_SURFACE('',(#14417),#14413,.T.);
#14413=PLANE('',#14414);
#14414=AXIS2_PLACEMENT_3D('',#304,#14415,#14416);
#14415=DIRECTION('',(-0.3190001176170871,0.9477546755148637,0));
#14416=DIRECTION('',(0,0,1));
#14417=FACE_BOUND('',#14418,.T.);
#14418=EDGE_LOOP('',(#14419,#14420,#14421));
#14419=ORIENTED_EDGE('',*,*,#14422,.T.);
#14420=ORIENTED_EDGE('',*,*,#14423,.T.);
#14421=ORIENTED_EDGE('',*,*,#14424,.T.);
#14422=EDGE_CURVE('',#305,#601,#14425,.F.);
#14423=EDGE_CURVE('',#601,#685,#14426,.T.);
#14424=EDGE_CURVE('',#685,#305,#14427,.T.);
#14425=LINE('',#304,#14428);
#14426=LINE('',#600,#14429);
#14427=LINE('',#684,#14430);
#14428=VECTOR('',#14431,1.0);
#14429=VECTOR('',#14432,1.0);
#14430=VECTOR('',#14433,1.0);
#14431=DIRECTION('',(0,0,1));
#14432=DIRECTION('',(0.9477546755148638,0.3190001176170871,0));
#14433=DIRECTION('',(-0.2003672258894817,-0.06744062601498788,-0.9773969187346867));
#14434=FACE_SURFACE('',(#14439),#14435,.T.);
#14435=PLANE('',#14436);
#14436=AXIS2_PLACEMENT_3D('',#304,#14437,#14438);
#14437=DIRECTION('',(-0.3190001176170871,0.9477546755148637,0));
#14438=DIRECTION('',(0.2003672258894817,0.06744062601498788,0.9773969187346867));
#14439=FACE_BOUND('',#14440,.T.);
#14440=EDGE_LOOP('',(#14441,#14442,#14443));
#14441=ORIENTED_EDGE('',*,*,#14444,.T.);
#14442=ORIENTED_EDGE('',*,*,#14445,.T.);
#14443=ORIENTED_EDGE('',*,*,#14446,.T.);
#14444=EDGE_CURVE('',#305,#685,#14447,.F.);
#14445=EDGE_CURVE('',#685,#297,#14448,.T.);
#14446=EDGE_CURVE('',#297,#305,#14449,.T.);
#14447=LINE('',#304,#14450);
#14448=LINE('',#684,#14451);
#14449=LINE('',#296,#14452);
#14450=VECTOR('',#14453,1.0);
#14451=VECTOR('',#14454,1.0);
#14452=VECTOR('',#14455,1.0);
#14453=DIRECTION('',(0.2003672258894817,0.06744062601498788,0.9773969187346867));
#14454=DIRECTION('',(0,0,-1));
#14455=DIRECTION('',(-0.9477546755148638,-0.3190001176170871,0));
#14456=FACE_SURFACE('',(#14461),#14457,.T.);
#14457=PLANE('',#14458);
#14458=AXIS2_PLACEMENT_3D('',#850,#14459,#14460);
#14459=DIRECTION('',(0,0,-1));
#14460=DIRECTION('',(0.751706361053185,0.6594979505291725,0));
#14461=FACE_BOUND('',#14462,.T.);
#14462=EDGE_LOOP('',(#14463,#14464,#14465));
#14463=ORIENTED_EDGE('',*,*,#14466,.T.);
#14464=ORIENTED_EDGE('',*,*,#14467,.T.);
#14465=ORIENTED_EDGE('',*,*,#14468,.T.);
#14466=EDGE_CURVE('',#851,#69,#14469,.F.);
#14467=EDGE_CURVE('',#69,#37,#14470,.T.);
#14468=EDGE_CURVE('',#37,#851,#14471,.T.);
#14469=LINE('',#850,#14472);
#14470=LINE('',#68,#14473);
#14471=LINE('',#36,#14474);
#14472=VECTOR('',#14475,1.0);
#14473=VECTOR('',#14476,1.0);
#14474=VECTOR('',#14477,1.0);
#14475=DIRECTION('',(0.751706361053185,0.6594979505291725,0));
#14476=DIRECTION('',(0.800727317170846,-0.5990290172741046,0));
#14477=DIRECTION('',(-0.8481757891530238,0.5297148579138076,0));
#14478=FACE_SURFACE('',(#14483),#14479,.T.);
#14479=PLANE('',#14480);
#14480=AXIS2_PLACEMENT_3D('',#836,#14481,#14482);
#14481=DIRECTION('',(0,0,-1));
#14482=DIRECTION('',(0.439797105273203,0.8980971585487348,0));
#14483=FACE_BOUND('',#14484,.T.);
#14484=EDGE_LOOP('',(#14485,#14486,#14487));
#14485=ORIENTED_EDGE('',*,*,#14488,.T.);
#14486=ORIENTED_EDGE('',*,*,#14489,.T.);
#14487=ORIENTED_EDGE('',*,*,#14490,.T.);
#14488=EDGE_CURVE('',#837,#835,#14491,.F.);
#14489=EDGE_CURVE('',#835,#37,#14492,.T.);
#14490=EDGE_CURVE('',#37,#837,#14493,.T.);
#14491=LINE('',#836,#14494);
#14492=LINE('',#834,#14495);
#14493=LINE('',#36,#14496);
#14494=VECTOR('',#14497,1.0);
#14495=VECTOR('',#14498,1.0);
#14496=VECTOR('',#14499,1.0);
#14497=DIRECTION('',(0.439797105273203,0.8980971585487348,0));
#14498=DIRECTION('',(0.6267181923131713,-0.7792459864662192,0));
#14499=DIRECTION('',(-0.685638941292801,0.7279417848859118,0));
#14500=FACE_SURFACE('',(#14505),#14501,.T.);
#14501=PLANE('',#14502);
#14502=AXIS2_PLACEMENT_3D('',#36,#14503,#14504);
#14503=DIRECTION('',(0,0,-1));
#14504=DIRECTION('',(-0.5728683538686092,0.8196473931733511,0));
#14505=FACE_BOUND('',#14506,.T.);
#14506=EDGE_LOOP('',(#14507,#14508,#14509));
#14507=ORIENTED_EDGE('',*,*,#14510,.T.);
#14508=ORIENTED_EDGE('',*,*,#14511,.T.);
#14509=ORIENTED_EDGE('',*,*,#14512,.T.);
#14510=EDGE_CURVE('',#37,#833,#14513,.F.);
#14511=EDGE_CURVE('',#833,#853,#14514,.T.);
#14512=EDGE_CURVE('',#853,#37,#14515,.T.);
#14513=LINE('',#36,#14516);
#14514=LINE('',#832,#14517);
#14515=LINE('',#852,#14518);
#14516=VECTOR('',#14519,1.0);
#14517=VECTOR('',#14520,1.0);
#14518=VECTOR('',#14521,1.0);
#14519=DIRECTION('',(-0.5728683538686092,0.8196473931733511,0));
#14520=DIRECTION('',(0.19433545580907408,0.9809351306867745,0));
#14521=DIRECTION('',(0.5274240805155519,-0.8496021653058122,0));
#14522=FACE_SURFACE('',(#14527),#14523,.T.);
#14523=PLANE('',#14524);
#14524=AXIS2_PLACEMENT_3D('',#36,#14525,#14526);
#14525=DIRECTION('',(0,0,-1));
#14526=DIRECTION('',(-0.5274240805155519,0.8496021653058122,0));
#14527=FACE_BOUND('',#14528,.T.);
#14528=EDGE_LOOP('',(#14529,#14530,#14531));
#14529=ORIENTED_EDGE('',*,*,#14532,.T.);
#14530=ORIENTED_EDGE('',*,*,#14533,.T.);
#14531=ORIENTED_EDGE('',*,*,#14534,.T.);
#14532=EDGE_CURVE('',#37,#853,#14535,.F.);
#14533=EDGE_CURVE('',#853,#855,#14536,.T.);
#14534=EDGE_CURVE('',#855,#37,#14537,.T.);
#14535=LINE('',#36,#14538);
#14536=LINE('',#852,#14539);
#14537=LINE('',#854,#14540);
#14538=VECTOR('',#14541,1.0);
#14539=VECTOR('',#14542,1.0);
#14540=VECTOR('',#14543,1.0);
#14541=DIRECTION('',(-0.5274240805155519,0.8496021653058122,0));
#14542=DIRECTION('',(0.06467893753574257,0.9979061253641285,0));
#14543=DIRECTION('',(0.4918520051920895,-0.8706788185022769,0));
#14544=FACE_SURFACE('',(#14549),#14545,.T.);
#14545=PLANE('',#14546);
#14546=AXIS2_PLACEMENT_3D('',#854,#14547,#14548);
#14547=DIRECTION('',(0,0,-1));
#14548=DIRECTION('',(-0.06467865316331728,0.9979061437955873,0));
#14549=FACE_BOUND('',#14550,.T.);
#14550=EDGE_LOOP('',(#14551,#14552,#14553));
#14551=ORIENTED_EDGE('',*,*,#14554,.T.);
#14552=ORIENTED_EDGE('',*,*,#14555,.T.);
#14553=ORIENTED_EDGE('',*,*,#14556,.T.);
#14554=EDGE_CURVE('',#855,#825,#14557,.F.);
#14555=EDGE_CURVE('',#825,#37,#14558,.T.);
#14556=EDGE_CURVE('',#37,#855,#14559,.T.);
#14557=LINE('',#854,#14560);
#14558=LINE('',#824,#14561);
#14559=LINE('',#36,#14562);
#14560=VECTOR('',#14563,1.0);
#14561=VECTOR('',#14564,1.0);
#14562=VECTOR('',#14565,1.0);
#14563=DIRECTION('',(-0.06467865316331728,0.9979061437955873,0));
#14564=DIRECTION('',(0.4663700032410711,-0.8845897467622623,0));
#14565=DIRECTION('',(-0.4918520051920895,0.8706788185022769,0));
#14566=FACE_SURFACE('',(#14571),#14567,.T.);
#14567=PLANE('',#14568);
#14568=AXIS2_PLACEMENT_3D('',#826,#14569,#14570);
#14569=DIRECTION('',(0,0,-1));
#14570=DIRECTION('',(-0.32456013282251134,0.9458650644686237,0));
#14571=FACE_BOUND('',#14572,.T.);
#14572=EDGE_LOOP('',(#14573,#14574,#14575));
#14573=ORIENTED_EDGE('',*,*,#14576,.T.);
#14574=ORIENTED_EDGE('',*,*,#14577,.T.);
#14575=ORIENTED_EDGE('',*,*,#14578,.T.);
#14576=EDGE_CURVE('',#827,#767,#14579,.F.);
#14577=EDGE_CURVE('',#767,#267,#14580,.T.);
#14578=EDGE_CURVE('',#267,#827,#14581,.T.);
#14579=LINE('',#826,#14582);
#14580=LINE('',#766,#14583);
#14581=LINE('',#266,#14584);
#14582=VECTOR('',#14585,1.0);
#14583=VECTOR('',#14586,1.0);
#14584=VECTOR('',#14587,1.0);
#14585=DIRECTION('',(-0.32456013282251134,0.9458650644686237,0));
#14586=DIRECTION('',(0,1,0));
#14587=DIRECTION('',(0.0008173712003892345,-0.9999996659521047,0));
#14588=FACE_SURFACE('',(#14593),#14589,.T.);
#14589=PLANE('',#14590);
#14590=AXIS2_PLACEMENT_3D('',#236,#14591,#14592);
#14591=DIRECTION('',(0,-0,-1));
#14592=DIRECTION('',(0.46637036754162553,0.8845895546970296,0));
#14593=FACE_BOUND('',#14594,.T.);
#14594=EDGE_LOOP('',(#14595,#14596,#14597));
#14595=ORIENTED_EDGE('',*,*,#14598,.T.);
#14596=ORIENTED_EDGE('',*,*,#14599,.T.);
#14597=ORIENTED_EDGE('',*,*,#14600,.T.);
#14598=EDGE_CURVE('',#237,#39,#14601,.F.);
#14599=EDGE_CURVE('',#39,#245,#14602,.T.);
#14600=EDGE_CURVE('',#245,#237,#14603,.T.);
#14601=LINE('',#236,#14604);
#14602=LINE('',#38,#14605);
#14603=LINE('',#244,#14606);
#14604=VECTOR('',#14607,1.0);
#14605=VECTOR('',#14608,1.0);
#14606=VECTOR('',#14609,1.0);
#14607=DIRECTION('',(0.46637036754162553,0.8845895546970296,0));
#14608=DIRECTION('',(-0.45045927239562983,-0.8927969779926452,0));
#14609=DIRECTION('',(0.1943304087631403,0.9809361305558842,0));
#14610=FACE_SURFACE('',(#14615),#14611,.T.);
#14611=PLANE('',#14612);
#14612=AXIS2_PLACEMENT_3D('',#244,#14613,#14614);
#14613=DIRECTION('',(0,-0,-1));
#14614=DIRECTION('',(0.017462097822210945,-0.9998475259456552,0));
#14615=FACE_BOUND('',#14616,.T.);
#14616=EDGE_LOOP('',(#14617,#14618,#14619));
#14617=ORIENTED_EDGE('',*,*,#14620,.T.);
#14618=ORIENTED_EDGE('',*,*,#14621,.T.);
#14619=ORIENTED_EDGE('',*,*,#14622,.T.);
#14620=EDGE_CURVE('',#245,#37,#14623,.F.);
#14621=EDGE_CURVE('',#37,#267,#14624,.T.);
#14622=EDGE_CURVE('',#267,#245,#14625,.T.);
#14623=LINE('',#244,#14626);
#14624=LINE('',#36,#14627);
#14625=LINE('',#266,#14628);
#14626=VECTOR('',#14629,1.0);
#14627=VECTOR('',#14630,1.0);
#14628=VECTOR('',#14631,1.0);
#14629=DIRECTION('',(0.017462097822210945,-0.9998475259456552,0));
#14630=DIRECTION('',(-0.018290871538313738,0.9998327080158804,0));
#14631=DIRECTION('',(0.32456759895275417,0.9458625025393723,0));
#14632=FACE_SURFACE('',(#14637),#14633,.T.);
#14633=PLANE('',#14634);
#14634=AXIS2_PLACEMENT_3D('',#230,#14635,#14636);
#14635=DIRECTION('',(0,0,-1));
#14636=DIRECTION('',(-0.06467780006101326,0.9979061990885053,0));
#14637=FACE_BOUND('',#14638,.T.);
#14638=EDGE_LOOP('',(#14639,#14640,#14641));
#14639=ORIENTED_EDGE('',*,*,#14642,.T.);
#14640=ORIENTED_EDGE('',*,*,#14643,.T.);
#14641=ORIENTED_EDGE('',*,*,#14644,.T.);
#14642=EDGE_CURVE('',#231,#227,#14645,.F.);
#14643=EDGE_CURVE('',#227,#39,#14646,.T.);
#14644=EDGE_CURVE('',#39,#231,#14647,.T.);
#14645=LINE('',#230,#14648);
#14646=LINE('',#226,#14649);
#14647=LINE('',#38,#14650);
#14648=VECTOR('',#14651,1.0);
#14649=VECTOR('',#14652,1.0);
#14650=VECTOR('',#14653,1.0);
#14651=DIRECTION('',(-0.06467780006101326,0.9979061990885053,0));
#14652=DIRECTION('',(0.5274243788482663,0.8496019801039311,0));
#14653=DIRECTION('',(-0.4918517368217741,-0.8706789701063212,0));
#14654=FACE_SURFACE('',(#14659),#14655,.T.);
#14655=PLANE('',#14656);
#14656=AXIS2_PLACEMENT_3D('',#594,#14657,#14658);
#14657=DIRECTION('',(0,0,-1));
#14658=DIRECTION('',(-0.43979536147012105,0.898098012484921,0));
#14659=FACE_BOUND('',#14660,.T.);
#14660=EDGE_LOOP('',(#14661,#14662,#14663));
#14661=ORIENTED_EDGE('',*,*,#14664,.T.);
#14662=ORIENTED_EDGE('',*,*,#14665,.T.);
#14663=ORIENTED_EDGE('',*,*,#14666,.T.);
#14664=EDGE_CURVE('',#595,#587,#14667,.F.);
#14665=EDGE_CURVE('',#587,#39,#14668,.T.);
#14666=EDGE_CURVE('',#39,#595,#14669,.T.);
#14667=LINE('',#594,#14670);
#14668=LINE('',#586,#14671);
#14669=LINE('',#38,#14672);
#14670=VECTOR('',#14673,1.0);
#14671=VECTOR('',#14674,1.0);
#14672=VECTOR('',#14675,1.0);
#14673=DIRECTION('',(-0.43979536147012105,0.898098012484921,0));
#14674=DIRECTION('',(0.6856395111754009,0.7279412481204491,0));
#14675=DIRECTION('',(-0.6267185520050351,-0.779245697179466,0));
#14676=FACE_SURFACE('',(#14681),#14677,.T.);
#14677=PLANE('',#14678);
#14678=AXIS2_PLACEMENT_3D('',#826,#14679,#14680);
#14679=DIRECTION('',(0,0,-1));
#14680=DIRECTION('',(-0.0008173712003892345,0.9999996659521047,0));
#14681=FACE_BOUND('',#14682,.T.);
#14682=EDGE_LOOP('',(#14683,#14684,#14685));
#14683=ORIENTED_EDGE('',*,*,#14686,.T.);
#14684=ORIENTED_EDGE('',*,*,#14687,.T.);
#14685=ORIENTED_EDGE('',*,*,#14688,.T.);
#14686=EDGE_CURVE('',#827,#267,#14689,.F.);
#14687=EDGE_CURVE('',#267,#37,#14690,.T.);
#14688=EDGE_CURVE('',#37,#827,#14691,.T.);
#14689=LINE('',#826,#14692);
#14690=LINE('',#266,#14693);
#14691=LINE('',#36,#14694);
#14692=VECTOR('',#14695,1.0);
#14693=VECTOR('',#14696,1.0);
#14694=VECTOR('',#14697,1.0);
#14695=DIRECTION('',(-0.0008173712003892345,0.9999996659521047,0));
#14696=DIRECTION('',(0.018290871538313738,-0.9998327080158804,0));
#14697=DIRECTION('',(-0.4504596061396919,0.8927968096025398,0));
#14698=FACE_SURFACE('',(#14703),#14699,.T.);
#14699=PLANE('',#14700);
#14700=AXIS2_PLACEMENT_3D('',#304,#14701,#14702);
#14701=DIRECTION('',(-0.19433545580907408,0.9809351306867745,0));
#14702=DIRECTION('',(-0.20721580767969422,-0.04105203002372371,0.9774335475512305));
#14703=FACE_BOUND('',#14704,.T.);
#14704=EDGE_LOOP('',(#14705,#14706,#14707));
#14705=ORIENTED_EDGE('',*,*,#14708,.T.);
#14706=ORIENTED_EDGE('',*,*,#14709,.T.);
#14707=ORIENTED_EDGE('',*,*,#14710,.T.);
#14708=EDGE_CURVE('',#305,#599,#14711,.F.);
#14709=EDGE_CURVE('',#599,#601,#14712,.T.);
#14710=EDGE_CURVE('',#601,#305,#14713,.T.);
#14711=LINE('',#304,#14714);
#14712=LINE('',#598,#14715);
#14713=LINE('',#600,#14716);
#14714=VECTOR('',#14717,1.0);
#14715=VECTOR('',#14718,1.0);
#14716=VECTOR('',#14719,1.0);
#14717=DIRECTION('',(-0.20721580767969422,-0.04105203002372371,0.9774335475512305));
#14718=DIRECTION('',(0.9809351306867745,0.19433545580907408,0));
#14719=DIRECTION('',(0,0,-1));
#14720=FACE_SURFACE('',(#14725),#14721,.T.);
#14721=PLANE('',#14722);
#14722=AXIS2_PLACEMENT_3D('',#742,#14723,#14724);
#14723=DIRECTION('',(-0,0,-1));
#14724=DIRECTION('',(-0.9477542268472612,-0.31900145061292456,0));
#14725=FACE_BOUND('',#14726,.T.);
#14726=EDGE_LOOP('',(#14727,#14728,#14729));
#14727=ORIENTED_EDGE('',*,*,#14730,.T.);
#14728=ORIENTED_EDGE('',*,*,#14731,.T.);
#14729=ORIENTED_EDGE('',*,*,#14732,.T.);
#14730=EDGE_CURVE('',#743,#741,#14733,.F.);
#14731=EDGE_CURVE('',#741,#45,#14734,.T.);
#14732=EDGE_CURVE('',#45,#743,#14735,.T.);
#14733=LINE('',#742,#14736);
#14734=LINE('',#740,#14737);
#14735=LINE('',#44,#14738);
#14736=VECTOR('',#14739,1.0);
#14737=VECTOR('',#14740,1.0);
#14738=VECTOR('',#14741,1.0);
#14739=DIRECTION('',(-0.9477542268472612,-0.31900145061292456,0));
#14740=DIRECTION('',(-0.9132871306541912,0.40731635982542386,0));
#14741=DIRECTION('',(0.9325754189935113,-0.36097519012956686,0));
#14742=FACE_SURFACE('',(#14747),#14743,.T.);
#14743=PLANE('',#14744);
#14744=AXIS2_PLACEMENT_3D('',#736,#14745,#14746);
#14745=DIRECTION('',(-0,0,-1));
#14746=DIRECTION('',(-0.8306300800387705,-0.5568246314009337,0));
#14747=FACE_BOUND('',#14748,.T.);
#14748=EDGE_LOOP('',(#14749,#14750,#14751));
#14749=ORIENTED_EDGE('',*,*,#14752,.T.);
#14750=ORIENTED_EDGE('',*,*,#14753,.T.);
#14751=ORIENTED_EDGE('',*,*,#14754,.T.);
#14752=EDGE_CURVE('',#737,#731,#14755,.F.);
#14753=EDGE_CURVE('',#731,#45,#14756,.T.);
#14754=EDGE_CURVE('',#45,#737,#14757,.T.);
#14755=LINE('',#736,#14758);
#14756=LINE('',#730,#14759);
#14757=LINE('',#44,#14760);
#14758=VECTOR('',#14761,1.0);
#14759=VECTOR('',#14762,1.0);
#14760=VECTOR('',#14763,1.0);
#14761=DIRECTION('',(-0.8306300800387705,-0.5568246314009337,0));
#14762=DIRECTION('',(-0.8482875037834879,0.5295359392192177,0));
#14763=DIRECTION('',(0.885570026140049,-0.4645058974892707,0));
#14764=FACE_SURFACE('',(#14769),#14765,.T.);
#14765=PLANE('',#14766);
#14766=AXIS2_PLACEMENT_3D('',#44,#14767,#14768);
#14767=DIRECTION('',(0,0,-1));
#14768=DIRECTION('',(0.8008714254912406,-0.5988363381021798,0));
#14769=FACE_BOUND('',#14770,.T.);
#14770=EDGE_LOOP('',(#14771,#14772,#14773));
#14771=ORIENTED_EDGE('',*,*,#14774,.T.);
#14772=ORIENTED_EDGE('',*,*,#14775,.T.);
#14773=ORIENTED_EDGE('',*,*,#14776,.T.);
#14774=EDGE_CURVE('',#45,#723,#14777,.F.);
#14775=EDGE_CURVE('',#723,#713,#14778,.T.);
#14776=EDGE_CURVE('',#713,#45,#14779,.T.);
#14777=LINE('',#44,#14780);
#14778=LINE('',#722,#14781);
#14779=LINE('',#712,#14782);
#14780=VECTOR('',#14783,1.0);
#14781=VECTOR('',#14784,1.0);
#14782=VECTOR('',#14785,1.0);
#14783=DIRECTION('',(0.8008714254912406,-0.5988363381021798,0));
#14784=DIRECTION('',(-0.6617854013387003,-0.7496933256838928,0));
#14785=DIRECTION('',(-0.7455280386369978,0.6664742632735876,0));
#14786=FACE_SURFACE('',(#14791),#14787,.T.);
#14787=PLANE('',#14788);
#14788=AXIS2_PLACEMENT_3D('',#710,#14789,#14790);
#14789=DIRECTION('',(0,0,-1));
#14790=DIRECTION('',(-0.6858503830759556,0.7277425726412912,0));
#14791=FACE_BOUND('',#14792,.T.);
#14792=EDGE_LOOP('',(#14793,#14794,#14795));
#14793=ORIENTED_EDGE('',*,*,#14796,.T.);
#14794=ORIENTED_EDGE('',*,*,#14797,.T.);
#14795=ORIENTED_EDGE('',*,*,#14798,.T.);
#14796=EDGE_CURVE('',#711,#45,#14799,.F.);
#14797=EDGE_CURVE('',#45,#713,#14800,.T.);
#14798=EDGE_CURVE('',#713,#711,#14801,.T.);
#14799=LINE('',#710,#14802);
#14800=LINE('',#44,#14803);
#14801=LINE('',#712,#14804);
#14802=VECTOR('',#14805,1.0);
#14803=VECTOR('',#14806,1.0);
#14804=VECTOR('',#14807,1.0);
#14805=DIRECTION('',(-0.6858503830759556,0.7277425726412912,0));
#14806=DIRECTION('',(0.7455280386369978,-0.6664742632735876,0));
#14807=DIRECTION('',(-0.554699178911613,-0.8320509725460227,0));
#14808=FACE_SURFACE('',(#14813),#14809,.T.);
#14809=PLANE('',#14810);
#14810=AXIS2_PLACEMENT_3D('',#706,#14811,#14812);
#14811=DIRECTION('',(0,0,-1));
#14812=DIRECTION('',(-0.6269525929903499,0.7790574087592496,0));
#14813=FACE_BOUND('',#14814,.T.);
#14814=EDGE_LOOP('',(#14815,#14816,#14817));
#14815=ORIENTED_EDGE('',*,*,#14818,.T.);
#14816=ORIENTED_EDGE('',*,*,#14819,.T.);
#14817=ORIENTED_EDGE('',*,*,#14820,.T.);
#14818=EDGE_CURVE('',#707,#45,#14821,.F.);
#14819=EDGE_CURVE('',#45,#711,#14822,.T.);
#14820=EDGE_CURVE('',#711,#707,#14823,.T.);
#14821=LINE('',#706,#14824);
#14822=LINE('',#44,#14825);
#14823=LINE('',#710,#14826);
#14824=VECTOR('',#14827,1.0);
#14825=VECTOR('',#14828,1.0);
#14826=VECTOR('',#14829,1.0);
#14827=DIRECTION('',(-0.6269525929903499,0.7790574087592496,0));
#14828=DIRECTION('',(0.6858503830759556,-0.7277425726412912,0));
#14829=DIRECTION('',(-0.4397918004840003,-0.898099756278244,0));
#14830=FACE_SURFACE('',(#14835),#14831,.T.);
#14831=PLANE('',#14832);
#14832=AXIS2_PLACEMENT_3D('',#44,#14833,#14834);
#14833=DIRECTION('',(0,0,-1));
#14834=DIRECTION('',(0.45069008040607195,-0.8926804867496367,0));
#14835=FACE_BOUND('',#14836,.T.);
#14836=EDGE_LOOP('',(#14837,#14838,#14839));
#14837=ORIENTED_EDGE('',*,*,#14840,.T.);
#14838=ORIENTED_EDGE('',*,*,#14841,.T.);
#14839=ORIENTED_EDGE('',*,*,#14842,.T.);
#14840=EDGE_CURVE('',#45,#343,#14843,.F.);
#14841=EDGE_CURVE('',#343,#221,#14844,.T.);
#14842=EDGE_CURVE('',#221,#45,#14845,.T.);
#14843=LINE('',#44,#14846);
#14844=LINE('',#342,#14847);
#14845=LINE('',#220,#14848);
#14846=VECTOR('',#14849,1.0);
#14847=VECTOR('',#14850,1.0);
#14848=VECTOR('',#14851,1.0);
#14849=DIRECTION('',(0.45069008040607195,-0.8926804867496367,0));
#14850=DIRECTION('',(0.0019310401838640951,-0.9999981355401661,0));
#14851=DIRECTION('',(-0.01941480111267318,0.9998115149855773,0));
#14852=FACE_SURFACE('',(#14857),#14853,.T.);
#14853=PLANE('',#14854);
#14854=AXIS2_PLACEMENT_3D('',#46,#14855,#14856);
#14855=DIRECTION('',(0,0,-1));
#14856=DIRECTION('',(0,1,0));
#14857=FACE_BOUND('',#14858,.T.);
#14858=EDGE_LOOP('',(#14859,#14860,#14861));
#14859=ORIENTED_EDGE('',*,*,#14862,.T.);
#14860=ORIENTED_EDGE('',*,*,#14863,.T.);
#14861=ORIENTED_EDGE('',*,*,#14864,.T.);
#14862=EDGE_CURVE('',#47,#45,#14865,.F.);
#14863=EDGE_CURVE('',#45,#201,#14866,.T.);
#14864=EDGE_CURVE('',#201,#47,#14867,.T.);
#14865=LINE('',#46,#14868);
#14866=LINE('',#44,#14869);
#14867=LINE('',#200,#14870);
#14868=VECTOR('',#14871,1.0);
#14869=VECTOR('',#14872,1.0);
#14870=VECTOR('',#14873,1.0);
#14871=DIRECTION('',(0,1,0));
#14872=DIRECTION('',(0.01747332103027263,-0.9998473298720025,0));
#14873=DIRECTION('',(-0.45069041423400685,-0.8926803182089204,0));
#14874=FACE_SURFACE('',(#14879),#14875,.T.);
#14875=PLANE('',#14876);
#14876=AXIS2_PLACEMENT_3D('',#604,#14877,#14878);
#14877=DIRECTION('',(-0,-0,-1));
#14878=DIRECTION('',(0.06468007505039758,-0.9979060516358615,0));
#14879=FACE_BOUND('',#14880,.T.);
#14880=EDGE_LOOP('',(#14881,#14882,#14883));
#14881=ORIENTED_EDGE('',*,*,#14884,.T.);
#14882=ORIENTED_EDGE('',*,*,#14885,.T.);
#14883=ORIENTED_EDGE('',*,*,#14886,.T.);
#14884=EDGE_CURVE('',#605,#589,#14887,.F.);
#14885=EDGE_CURVE('',#589,#45,#14888,.T.);
#14886=EDGE_CURVE('',#45,#605,#14889,.T.);
#14887=LINE('',#604,#14890);
#14888=LINE('',#588,#14891);
#14889=LINE('',#44,#14892);
#14890=VECTOR('',#14893,1.0);
#14891=VECTOR('',#14894,1.0);
#14892=VECTOR('',#14895,1.0);
#14893=DIRECTION('',(0.06468007505039758,-0.9979060516358615,0));
#14894=DIRECTION('',(-0.46661124039816576,0.8844625205932048,0));
#14895=DIRECTION('',(0.4921001386503782,-0.8705385996842866,0));
#14896=FACE_SURFACE('',(#14901),#14897,.T.);
#14897=PLANE('',#14898);
#14898=AXIS2_PLACEMENT_3D('',#136,#14899,#14900);
#14899=DIRECTION('',(0,0,-1));
#14900=DIRECTION('',(0.994161148674367,-0.1079055627225173,0));
#14901=FACE_BOUND('',#14902,.T.);
#14902=EDGE_LOOP('',(#14903,#14904,#14905));
#14903=ORIENTED_EDGE('',*,*,#14906,.T.);
#14904=ORIENTED_EDGE('',*,*,#14907,.T.);
#14905=ORIENTED_EDGE('',*,*,#14908,.T.);
#14906=EDGE_CURVE('',#137,#651,#14909,.F.);
#14907=EDGE_CURVE('',#651,#265,#14910,.T.);
#14908=EDGE_CURVE('',#265,#137,#14911,.T.);
#14909=LINE('',#136,#14912);
#14910=LINE('',#650,#14913);
#14911=LINE('',#264,#14914);
#14912=VECTOR('',#14915,1.0);
#14913=VECTOR('',#14916,1.0);
#14914=VECTOR('',#14917,1.0);
#14915=DIRECTION('',(0.994161148674367,-0.1079055627225173,0));
#14916=DIRECTION('',(-0.2030998915662257,-0.9791580230206907,0));
#14917=DIRECTION('',(-0.9906891738677902,0.1361431628145735,0));
#14918=FACE_SURFACE('',(#14923),#14919,.T.);
#14919=PLANE('',#14920);
#14920=AXIS2_PLACEMENT_3D('',#856,#14921,#14922);
#14921=DIRECTION('',(-0,0,-1));
#14922=DIRECTION('',(-0.8175988433048333,-0.575788269615315,0));
#14923=FACE_BOUND('',#14924,.T.);
#14924=EDGE_LOOP('',(#14925,#14926,#14927));
#14925=ORIENTED_EDGE('',*,*,#14928,.T.);
#14926=ORIENTED_EDGE('',*,*,#14929,.T.);
#14927=ORIENTED_EDGE('',*,*,#14930,.T.);
#14928=EDGE_CURVE('',#857,#265,#14931,.F.);
#14929=EDGE_CURVE('',#265,#725,#14932,.T.);
#14930=EDGE_CURVE('',#725,#857,#14933,.T.);
#14931=LINE('',#856,#14934);
#14932=LINE('',#264,#14935);
#14933=LINE('',#724,#14936);
#14934=VECTOR('',#14937,1.0);
#14935=VECTOR('',#14938,1.0);
#14936=VECTOR('',#14939,1.0);
#14937=DIRECTION('',(-0.8175988433048333,-0.575788269615315,0));
#14938=DIRECTION('',(0.7580318466867423,0.6522175399425311,0));
#14939=DIRECTION('',(0.9809361305558842,-0.1943304087631403,0));
#14940=FACE_SURFACE('',(#14945),#14941,.T.);
#14941=PLANE('',#14942);
#14942=AXIS2_PLACEMENT_3D('',#856,#14943,#14944);
#14943=DIRECTION('',(0,-0,-1));
#14944=DIRECTION('',(0.9975972180237453,-0.06928052100904017,0));
#14945=FACE_BOUND('',#14946,.T.);
#14946=EDGE_LOOP('',(#14947,#14948,#14949));
#14947=ORIENTED_EDGE('',*,*,#14950,.T.);
#14948=ORIENTED_EDGE('',*,*,#14951,.T.);
#14949=ORIENTED_EDGE('',*,*,#14952,.T.);
#14950=EDGE_CURVE('',#857,#859,#14953,.F.);
#14951=EDGE_CURVE('',#859,#265,#14954,.T.);
#14952=EDGE_CURVE('',#265,#857,#14955,.T.);
#14953=LINE('',#856,#14956);
#14954=LINE('',#858,#14957);
#14955=LINE('',#264,#14958);
#14956=VECTOR('',#14959,1.0);
#14957=VECTOR('',#14960,1.0);
#14958=VECTOR('',#14961,1.0);
#14959=DIRECTION('',(0.9975972180237453,-0.06928052100904017,0));
#14960=DIRECTION('',(-0.8563022608272705,-0.5164750120790986,0));
#14961=DIRECTION('',(0.8175988433048333,0.575788269615315,0));
#14962=FACE_SURFACE('',(#14967),#14963,.T.);
#14963=PLANE('',#14964);
#14964=AXIS2_PLACEMENT_3D('',#858,#14965,#14966);
#14965=DIRECTION('',(0,-0,-1));
#14966=DIRECTION('',(0.99757507940253,0.06959857006459313,0));
#14967=FACE_BOUND('',#14968,.T.);
#14968=EDGE_LOOP('',(#14969,#14970,#14971));
#14969=ORIENTED_EDGE('',*,*,#14972,.T.);
#14970=ORIENTED_EDGE('',*,*,#14973,.T.);
#14971=ORIENTED_EDGE('',*,*,#14974,.T.);
#14972=EDGE_CURVE('',#859,#753,#14975,.F.);
#14973=EDGE_CURVE('',#753,#265,#14976,.T.);
#14974=EDGE_CURVE('',#265,#859,#14977,.T.);
#14975=LINE('',#858,#14978);
#14976=LINE('',#752,#14979);
#14977=LINE('',#264,#14980);
#14978=VECTOR('',#14981,1.0);
#14979=VECTOR('',#14982,1.0);
#14980=VECTOR('',#14983,1.0);
#14981=DIRECTION('',(0.99757507940253,0.06959857006459313,0));
#14982=DIRECTION('',(-0.8792595046663872,-0.4763430732715857,0));
#14983=DIRECTION('',(0.8563022608272705,0.5164750120790986,0));
#14984=FACE_SURFACE('',(#14989),#14985,.T.);
#14985=PLANE('',#14986);
#14986=AXIS2_PLACEMENT_3D('',#36,#14987,#14988);
#14987=DIRECTION('',(0,0,-1));
#14988=DIRECTION('',(-1,0,0));
#14989=FACE_BOUND('',#14990,.T.);
#14990=EDGE_LOOP('',(#14991,#14992,#14993));
#14991=ORIENTED_EDGE('',*,*,#14994,.T.);
#14992=ORIENTED_EDGE('',*,*,#14995,.T.);
#14993=ORIENTED_EDGE('',*,*,#14996,.T.);
#14994=EDGE_CURVE('',#37,#265,#14997,.F.);
#14995=EDGE_CURVE('',#265,#753,#14998,.T.);
#14996=EDGE_CURVE('',#753,#37,#14999,.T.);
#14997=LINE('',#36,#15000);
#14998=LINE('',#264,#15001);
#14999=LINE('',#752,#15002);
#15000=VECTOR('',#15003,1.0);
#15001=VECTOR('',#15004,1.0);
#15002=VECTOR('',#15005,1.0);
#15003=DIRECTION('',(-1,0,0));
#15004=DIRECTION('',(0.8792595046663872,0.4763430732715857,0));
#15005=DIRECTION('',(0.9453455126871521,-0.32607033235525384,0));
#15006=FACE_SURFACE('',(#15011),#15007,.T.);
#15007=PLANE('',#15008);
#15008=AXIS2_PLACEMENT_3D('',#36,#15009,#15010);
#15009=DIRECTION('',(0,0,-1));
#15010=DIRECTION('',(-0.885487953419485,0.4646623336886387,0));
#15011=FACE_BOUND('',#15012,.T.);
#15012=EDGE_LOOP('',(#15013,#15014,#15015));
#15013=ORIENTED_EDGE('',*,*,#15016,.T.);
#15014=ORIENTED_EDGE('',*,*,#15017,.T.);
#15015=ORIENTED_EDGE('',*,*,#15018,.T.);
#15016=EDGE_CURVE('',#37,#745,#15019,.F.);
#15017=EDGE_CURVE('',#745,#851,#15020,.T.);
#15018=EDGE_CURVE('',#851,#37,#15021,.T.);
#15019=LINE('',#36,#15022);
#15020=LINE('',#744,#15023);
#15021=LINE('',#850,#15024);
#15022=VECTOR('',#15025,1.0);
#15023=VECTOR('',#15026,1.0);
#15024=VECTOR('',#15027,1.0);
#15025=DIRECTION('',(-0.885487953419485,0.4646623336886387,0));
#15026=DIRECTION('',(0.8306212180617042,0.5568378508198693,0));
#15027=DIRECTION('',(0.8481757891530238,-0.5297148579138076,0));
#15028=FACE_SURFACE('',(#15033),#15029,.T.);
#15029=PLANE('',#15030);
#15030=AXIS2_PLACEMENT_3D('',#616,#15031,#15032);
#15031=DIRECTION('',(-0.7497029901059971,-0.6617744529869125,0));
#15032=DIRECTION('',(0,0,1));
#15033=FACE_BOUND('',#15034,.T.);
#15034=EDGE_LOOP('',(#15035,#15036,#15037));
#15035=ORIENTED_EDGE('',*,*,#15038,.T.);
#15036=ORIENTED_EDGE('',*,*,#15039,.T.);
#15037=ORIENTED_EDGE('',*,*,#15040,.T.);
#15038=EDGE_CURVE('',#617,#793,#15041,.F.);
#15039=EDGE_CURVE('',#793,#161,#15042,.T.);
#15040=EDGE_CURVE('',#161,#617,#15043,.T.);
#15041=LINE('',#616,#15044);
#15042=LINE('',#792,#15045);
#15043=LINE('',#160,#15046);
#15044=VECTOR('',#15047,1.0);
#15045=VECTOR('',#15048,1.0);
#15046=VECTOR('',#15049,1.0);
#15047=DIRECTION('',(0,0,1));
#15048=DIRECTION('',(-0.13977366488217371,0.15834508876442163,-0.9774406148045993));
#15049=DIRECTION('',(0.6617744529869125,-0.7497029901059971,0));
#15050=FACE_SURFACE('',(#15055),#15051,.T.);
#15051=PLANE('',#15052);
#15052=AXIS2_PLACEMENT_3D('',#162,#15053,#15054);
#15053=DIRECTION('',(-0.7497029901059971,-0.6617744529869125,-0));
#15054=DIRECTION('',(0,0,-1));
#15055=FACE_BOUND('',#15056,.T.);
#15056=EDGE_LOOP('',(#15057,#15058,#15059));
#15057=ORIENTED_EDGE('',*,*,#15060,.T.);
#15058=ORIENTED_EDGE('',*,*,#15061,.T.);
#15059=ORIENTED_EDGE('',*,*,#15062,.T.);
#15060=EDGE_CURVE('',#163,#161,#15063,.F.);
#15061=EDGE_CURVE('',#161,#793,#15064,.T.);
#15062=EDGE_CURVE('',#793,#163,#15065,.T.);
#15063=LINE('',#162,#15066);
#15064=LINE('',#160,#15067);
#15065=LINE('',#792,#15068);
#15066=VECTOR('',#15069,1.0);
#15067=VECTOR('',#15070,1.0);
#15068=VECTOR('',#15071,1.0);
#15069=DIRECTION('',(0,0,-1));
#15070=DIRECTION('',(0.13977366488217371,-0.15834508876442163,0.9774406148045993));
#15071=DIRECTION('',(-0.6617744529869125,0.7497029901059971,0));
#15072=FACE_SURFACE('',(#15077),#15073,.T.);
#15073=PLANE('',#15074);
#15074=AXIS2_PLACEMENT_3D('',#70,#15075,#15076);
#15075=DIRECTION('',(0,-1,0));
#15076=DIRECTION('',(0,0,-1));
#15077=FACE_BOUND('',#15078,.T.);
#15078=EDGE_LOOP('',(#15079,#15080,#15081));
#15079=ORIENTED_EDGE('',*,*,#15082,.T.);
#15080=ORIENTED_EDGE('',*,*,#15083,.T.);
#15081=ORIENTED_EDGE('',*,*,#15084,.T.);
#15082=EDGE_CURVE('',#71,#265,#15085,.F.);
#15083=EDGE_CURVE('',#265,#37,#15086,.T.);
#15084=EDGE_CURVE('',#37,#71,#15087,.T.);
#15085=LINE('',#70,#15088);
#15086=LINE('',#264,#15089);
#15087=LINE('',#36,#15090);
#15088=VECTOR('',#15091,1.0);
#15089=VECTOR('',#15092,1.0);
#15090=VECTOR('',#15093,1.0);
#15091=DIRECTION('',(0,0,-1));
#15092=DIRECTION('',(1,0,0));
#15093=DIRECTION('',(-0.9789973940375236,0,0.20387276048491046));
#15094=FACE_SURFACE('',(#15099),#15095,.T.);
#15095=PLANE('',#15096);
#15096=AXIS2_PLACEMENT_3D('',#70,#15097,#15098);
#15097=DIRECTION('',(0,-1,0));
#15098=DIRECTION('',(0.9789973940375236,0,-0.20387276048491046));
#15099=FACE_BOUND('',#15100,.T.);
#15100=EDGE_LOOP('',(#15101,#15102,#15103));
#15101=ORIENTED_EDGE('',*,*,#15104,.T.);
#15102=ORIENTED_EDGE('',*,*,#15105,.T.);
#15103=ORIENTED_EDGE('',*,*,#15106,.T.);
#15104=EDGE_CURVE('',#71,#37,#15107,.F.);
#15105=EDGE_CURVE('',#37,#35,#15108,.T.);
#15106=EDGE_CURVE('',#35,#71,#15109,.T.);
#15107=LINE('',#70,#15110);
#15108=LINE('',#36,#15111);
#15109=LINE('',#34,#15112);
#15110=VECTOR('',#15113,1.0);
#15111=VECTOR('',#15114,1.0);
#15112=VECTOR('',#15115,1.0);
#15113=DIRECTION('',(0.9789973940375236,0,-0.20387276048491046));
#15114=DIRECTION('',(0,0,1));
#15115=DIRECTION('',(-1,0,0));
#15116=FACE_SURFACE('',(#15121),#15117,.T.);
#15117=PLANE('',#15118);
#15118=AXIS2_PLACEMENT_3D('',#48,#15119,#15120);
#15119=DIRECTION('',(0,-1,0));
#15120=DIRECTION('',(0.9998859209300058,0,-0.015104473706621541));
#15121=FACE_BOUND('',#15122,.T.);
#15122=EDGE_LOOP('',(#15123,#15124,#15125));
#15123=ORIENTED_EDGE('',*,*,#15126,.T.);
#15124=ORIENTED_EDGE('',*,*,#15127,.T.);
#15125=ORIENTED_EDGE('',*,*,#15128,.T.);
#15126=EDGE_CURVE('',#49,#265,#15129,.F.);
#15127=EDGE_CURVE('',#265,#71,#15130,.T.);
#15128=EDGE_CURVE('',#71,#49,#15131,.T.);
#15129=LINE('',#48,#15132);
#15130=LINE('',#264,#15133);
#15131=LINE('',#70,#15134);
#15132=VECTOR('',#15135,1.0);
#15133=VECTOR('',#15136,1.0);
#15134=VECTOR('',#15137,1.0);
#15135=DIRECTION('',(0.9998859209300058,0,-0.015104473706621541));
#15136=DIRECTION('',(0,0,1));
#15137=DIRECTION('',(-1,0,0));
#15138=FACE_SURFACE('',(#15143),#15139,.T.);
#15139=PLANE('',#15140);
#15140=AXIS2_PLACEMENT_3D('',#792,#15141,#15142);
#15141=DIRECTION('',(-0.8320530071697307,-0.5546961269558389,-0));
#15142=DIRECTION('',(0,0,-1));
#15143=FACE_BOUND('',#15144,.T.);
#15144=EDGE_LOOP('',(#15145,#15146,#15147));
#15145=ORIENTED_EDGE('',*,*,#15148,.T.);
#15146=ORIENTED_EDGE('',*,*,#15149,.T.);
#15147=ORIENTED_EDGE('',*,*,#15150,.T.);
#15148=EDGE_CURVE('',#793,#617,#15151,.F.);
#15149=EDGE_CURVE('',#617,#325,#15152,.T.);
#15150=EDGE_CURVE('',#325,#793,#15153,.T.);
#15151=LINE('',#792,#15154);
#15152=LINE('',#616,#15155);
#15153=LINE('',#324,#15156);
#15154=VECTOR('',#15157,1.0);
#15155=VECTOR('',#15158,1.0);
#15156=VECTOR('',#15159,1.0);
#15157=DIRECTION('',(0,0,-1));
#15158=DIRECTION('',(0.5546961269558389,-0.8320530071697306,0));
#15159=DIRECTION('',(-0.11728583221834402,0.17593061255220718,0.9773906348680939));
#15160=FACE_SURFACE('',(#15165),#15161,.T.);
#15161=PLANE('',#15162);
#15162=AXIS2_PLACEMENT_3D('',#792,#15163,#15164);
#15163=DIRECTION('',(-0.8320530071697307,-0.5546961269558389,0));
#15164=DIRECTION('',(0.11728583221834402,-0.17593061255220718,-0.9773906348680939));
#15165=FACE_BOUND('',#15166,.T.);
#15166=EDGE_LOOP('',(#15167,#15168,#15169));
#15167=ORIENTED_EDGE('',*,*,#15170,.T.);
#15168=ORIENTED_EDGE('',*,*,#15171,.T.);
#15169=ORIENTED_EDGE('',*,*,#15172,.T.);
#15170=EDGE_CURVE('',#793,#325,#15173,.F.);
#15171=EDGE_CURVE('',#325,#693,#15174,.T.);
#15172=EDGE_CURVE('',#693,#793,#15175,.T.);
#15173=LINE('',#792,#15176);
#15174=LINE('',#324,#15177);
#15175=LINE('',#692,#15178);
#15176=VECTOR('',#15179,1.0);
#15177=VECTOR('',#15180,1.0);
#15178=VECTOR('',#15181,1.0);
#15179=DIRECTION('',(0.11728583221834402,-0.17593061255220718,-0.9773906348680939));
#15180=DIRECTION('',(0,0,1));
#15181=DIRECTION('',(-0.5546961269558389,0.8320530071697306,0));
#15182=FACE_SURFACE('',(#15187),#15183,.T.);
#15183=PLANE('',#15184);
#15184=AXIS2_PLACEMENT_3D('',#264,#15185,#15186);
#15185=DIRECTION('',(0,-1,0));
#15186=DIRECTION('',(-0.9998859209300058,0,0.015104473706621541));
#15187=FACE_BOUND('',#15188,.T.);
#15188=EDGE_LOOP('',(#15189,#15190,#15191));
#15189=ORIENTED_EDGE('',*,*,#15192,.T.);
#15190=ORIENTED_EDGE('',*,*,#15193,.T.);
#15191=ORIENTED_EDGE('',*,*,#15194,.T.);
#15192=EDGE_CURVE('',#265,#49,#15195,.F.);
#15193=EDGE_CURVE('',#49,#47,#15196,.T.);
#15194=EDGE_CURVE('',#47,#265,#15197,.T.);
#15195=LINE('',#264,#15198);
#15196=LINE('',#48,#15199);
#15197=LINE('',#46,#15200);
#15198=VECTOR('',#15201,1.0);
#15199=VECTOR('',#15202,1.0);
#15200=VECTOR('',#15203,1.0);
#15201=DIRECTION('',(-0.9998859209300058,0,0.015104473706621541));
#15202=DIRECTION('',(0,0,-1));
#15203=DIRECTION('',(1,0,0));
#15204=FACE_SURFACE('',(#15209),#15205,.T.);
#15205=PLANE('',#15206);
#15206=AXIS2_PLACEMENT_3D('',#40,#15207,#15208);
#15207=DIRECTION('',(0,1,0));
#15208=DIRECTION('',(0,0,-1));
#15209=FACE_BOUND('',#15210,.T.);
#15210=EDGE_LOOP('',(#15211,#15212,#15213));
#15211=ORIENTED_EDGE('',*,*,#15214,.T.);
#15212=ORIENTED_EDGE('',*,*,#15215,.T.);
#15213=ORIENTED_EDGE('',*,*,#15216,.T.);
#15214=EDGE_CURVE('',#41,#39,#15217,.F.);
#15215=EDGE_CURVE('',#39,#805,#15218,.T.);
#15216=EDGE_CURVE('',#805,#41,#15219,.T.);
#15217=LINE('',#40,#15220);
#15218=LINE('',#38,#15221);
#15219=LINE('',#804,#15222);
#15220=VECTOR('',#15223,1.0);
#15221=VECTOR('',#15224,1.0);
#15222=VECTOR('',#15225,1.0);
#15223=DIRECTION('',(0,0,-1));
#15224=DIRECTION('',(-1,0,0));
#15225=DIRECTION('',(0.9789973940375236,0,0.20387276048491046));
#15226=FACE_SURFACE('',(#15231),#15227,.T.);
#15227=PLANE('',#15228);
#15228=AXIS2_PLACEMENT_3D('',#692,#15229,#15230);
#15229=DIRECTION('',(-0.8980975855180976,-0.4397962333701407,-0));
#15230=DIRECTION('',(0,0,-1));
#15231=FACE_BOUND('',#15232,.T.);
#15232=EDGE_LOOP('',(#15233,#15234,#15235));
#15233=ORIENTED_EDGE('',*,*,#15236,.T.);
#15234=ORIENTED_EDGE('',*,*,#15237,.T.);
#15235=ORIENTED_EDGE('',*,*,#15238,.T.);
#15236=EDGE_CURVE('',#693,#325,#15239,.F.);
#15237=EDGE_CURVE('',#325,#323,#15240,.T.);
#15238=EDGE_CURVE('',#323,#693,#15241,.T.);
#15239=LINE('',#692,#15242);
#15240=LINE('',#324,#15243);
#15241=LINE('',#322,#15244);
#15242=VECTOR('',#15245,1.0);
#15243=VECTOR('',#15246,1.0);
#15244=VECTOR('',#15247,1.0);
#15245=DIRECTION('',(0,0,-1));
#15246=DIRECTION('',(0.43979623337014073,-0.8980975855180977,0));
#15247=DIRECTION('',(-0.09285945604196108,0.18962611986178796,0.9774553985168603));
#15248=FACE_SURFACE('',(#15253),#15249,.T.);
#15249=PLANE('',#15250);
#15250=AXIS2_PLACEMENT_3D('',#692,#15251,#15252);
#15251=DIRECTION('',(-0.8980975855180976,-0.4397962333701407,0));
#15252=DIRECTION('',(0.09285945604196108,-0.18962611986178796,-0.9774553985168603));
#15253=FACE_BOUND('',#15254,.T.);
#15254=EDGE_LOOP('',(#15255,#15256,#15257));
#15255=ORIENTED_EDGE('',*,*,#15258,.T.);
#15256=ORIENTED_EDGE('',*,*,#15259,.T.);
#15257=ORIENTED_EDGE('',*,*,#15260,.T.);
#15258=EDGE_CURVE('',#693,#323,#15261,.F.);
#15259=EDGE_CURVE('',#323,#695,#15262,.T.);
#15260=EDGE_CURVE('',#695,#693,#15263,.T.);
#15261=LINE('',#692,#15264);
#15262=LINE('',#322,#15265);
#15263=LINE('',#694,#15266);
#15264=VECTOR('',#15267,1.0);
#15265=VECTOR('',#15268,1.0);
#15266=VECTOR('',#15269,1.0);
#15267=DIRECTION('',(0.09285945604196108,-0.18962611986178796,-0.9774553985168603));
#15268=DIRECTION('',(0,0,1));
#15269=DIRECTION('',(-0.43979623337014073,0.8980975855180977,0));
#15270=FACE_SURFACE('',(#15275),#15271,.T.);
#15271=PLANE('',#15272);
#15272=AXIS2_PLACEMENT_3D('',#46,#15273,#15274);
#15273=DIRECTION('',(0,0,-1));
#15274=DIRECTION('',(0.9325755289441294,0.3609749060732298,0));
#15275=FACE_BOUND('',#15276,.T.);
#15276=EDGE_LOOP('',(#15277,#15278,#15279));
#15277=ORIENTED_EDGE('',*,*,#15280,.T.);
#15278=ORIENTED_EDGE('',*,*,#15281,.T.);
#15279=ORIENTED_EDGE('',*,*,#15282,.T.);
#15280=EDGE_CURVE('',#47,#795,#15283,.F.);
#15281=EDGE_CURVE('',#795,#785,#15284,.T.);
#15282=EDGE_CURVE('',#785,#47,#15285,.T.);
#15283=LINE('',#46,#15286);
#15284=LINE('',#794,#15287);
#15285=LINE('',#784,#15288);
#15286=VECTOR('',#15289,1.0);
#15287=VECTOR('',#15290,1.0);
#15288=VECTOR('',#15291,1.0);
#15289=DIRECTION('',(0.9325755289441294,0.3609749060732298,0));
#15290=DIRECTION('',(0.9809351306867745,-0.19433545580907408,0));
#15291=DIRECTION('',(-0.9453798008355996,-0.32597090694115943,0));
#15292=FACE_SURFACE('',(#15297),#15293,.T.);
#15293=PLANE('',#15294);
#15294=AXIS2_PLACEMENT_3D('',#50,#15295,#15296);
#15295=DIRECTION('',(0,1,0));
#15296=DIRECTION('',(0.9998673773764675,0,-0.016285811564201266));
#15297=FACE_BOUND('',#15298,.T.);
#15298=EDGE_LOOP('',(#15299,#15300,#15301));
#15299=ORIENTED_EDGE('',*,*,#15302,.T.);
#15300=ORIENTED_EDGE('',*,*,#15303,.T.);
#15301=ORIENTED_EDGE('',*,*,#15304,.T.);
#15302=EDGE_CURVE('',#51,#805,#15305,.F.);
#15303=EDGE_CURVE('',#805,#45,#15306,.T.);
#15304=EDGE_CURVE('',#45,#51,#15307,.T.);
#15305=LINE('',#50,#15308);
#15306=LINE('',#804,#15309);
#15307=LINE('',#44,#15310);
#15308=VECTOR('',#15311,1.0);
#15309=VECTOR('',#15312,1.0);
#15310=VECTOR('',#15313,1.0);
#15311=DIRECTION('',(0.9998673773764675,0,-0.016285811564201266));
#15312=DIRECTION('',(-1,0,0));
#15313=DIRECTION('',(0.9790058444847469,0,0.20383217720641497));
#15314=FACE_SURFACE('',(#15319),#15315,.T.);
#15315=PLANE('',#15316);
#15316=AXIS2_PLACEMENT_3D('',#694,#15317,#15318);
#15317=DIRECTION('',(-0.9458650644686237,-0.32456013282251134,-0));
#15318=DIRECTION('',(0,0,-1));
#15319=FACE_BOUND('',#15320,.T.);
#15320=EDGE_LOOP('',(#15321,#15322,#15323));
#15321=ORIENTED_EDGE('',*,*,#15324,.T.);
#15322=ORIENTED_EDGE('',*,*,#15325,.T.);
#15323=ORIENTED_EDGE('',*,*,#15326,.T.);
#15324=EDGE_CURVE('',#695,#323,#15327,.F.);
#15325=EDGE_CURVE('',#323,#831,#15328,.T.);
#15326=EDGE_CURVE('',#831,#695,#15329,.T.);
#15327=LINE('',#694,#15330);
#15328=LINE('',#322,#15331);
#15329=LINE('',#830,#15332);
#15330=VECTOR('',#15333,1.0);
#15331=VECTOR('',#15334,1.0);
#15332=VECTOR('',#15335,1.0);
#15333=DIRECTION('',(0,0,-1));
#15334=DIRECTION('',(0.32456013282251134,-0.9458650644686237,0));
#15335=DIRECTION('',(-0.06842632558932694,0.19941472879632333,0.9775231986533273));
#15336=FACE_SURFACE('',(#15341),#15337,.T.);
#15337=PLANE('',#15338);
#15338=AXIS2_PLACEMENT_3D('',#694,#15339,#15340);
#15339=DIRECTION('',(-0.9458650644686237,-0.32456013282251134,0));
#15340=DIRECTION('',(0.06842632558932694,-0.19941472879632333,-0.9775231986533273));
#15341=FACE_BOUND('',#15342,.T.);
#15342=EDGE_LOOP('',(#15343,#15344,#15345));
#15343=ORIENTED_EDGE('',*,*,#15346,.T.);
#15344=ORIENTED_EDGE('',*,*,#15347,.T.);
#15345=ORIENTED_EDGE('',*,*,#15348,.T.);
#15346=EDGE_CURVE('',#695,#831,#15349,.F.);
#15347=EDGE_CURVE('',#831,#709,#15350,.T.);
#15348=EDGE_CURVE('',#709,#695,#15351,.T.);
#15349=LINE('',#694,#15352);
#15350=LINE('',#830,#15353);
#15351=LINE('',#708,#15354);
#15352=VECTOR('',#15355,1.0);
#15353=VECTOR('',#15356,1.0);
#15354=VECTOR('',#15357,1.0);
#15355=DIRECTION('',(0.06842632558932694,-0.19941472879632333,-0.9775231986533273));
#15356=DIRECTION('',(0,0,1));
#15357=DIRECTION('',(-0.32456013282251134,0.9458650644686237,0));
#15358=FACE_SURFACE('',(#15363),#15359,.T.);
#15359=PLANE('',#15360);
#15360=AXIS2_PLACEMENT_3D('',#798,#15361,#15362);
#15361=DIRECTION('',(0,-0,-1));
#15362=DIRECTION('',(0.9477542268472612,-0.31900145061292456,0));
#15363=FACE_BOUND('',#15364,.T.);
#15364=EDGE_LOOP('',(#15365,#15366,#15367));
#15365=ORIENTED_EDGE('',*,*,#15368,.T.);
#15366=ORIENTED_EDGE('',*,*,#15369,.T.);
#15367=ORIENTED_EDGE('',*,*,#15370,.T.);
#15368=EDGE_CURVE('',#799,#795,#15371,.F.);
#15369=EDGE_CURVE('',#795,#47,#15372,.T.);
#15370=EDGE_CURVE('',#47,#799,#15373,.T.);
#15371=LINE('',#798,#15374);
#15372=LINE('',#794,#15375);
#15373=LINE('',#46,#15376);
#15374=VECTOR('',#15377,1.0);
#15375=VECTOR('',#15378,1.0);
#15376=VECTOR('',#15379,1.0);
#15377=DIRECTION('',(0.9477542268472612,-0.31900145061292456,0));
#15378=DIRECTION('',(-0.9325755289441294,-0.3609749060732298,0));
#15379=DIRECTION('',(0.9132872593282081,0.40731607131166625,0));
#15380=FACE_SURFACE('',(#15385),#15381,.T.);
#15381=PLANE('',#15382);
#15382=AXIS2_PLACEMENT_3D('',#802,#15383,#15384);
#15383=DIRECTION('',(0,-0,-1));
#15384=DIRECTION('',(0.896268269335095,-0.443512332842136,0));
#15385=FACE_BOUND('',#15386,.T.);
#15386=EDGE_LOOP('',(#15387,#15388,#15389));
#15387=ORIENTED_EDGE('',*,*,#15390,.T.);
#15388=ORIENTED_EDGE('',*,*,#15391,.T.);
#15389=ORIENTED_EDGE('',*,*,#15392,.T.);
#15390=EDGE_CURVE('',#803,#799,#15393,.F.);
#15391=EDGE_CURVE('',#799,#47,#15394,.T.);
#15392=EDGE_CURVE('',#47,#803,#15395,.T.);
#15393=LINE('',#802,#15396);
#15394=LINE('',#798,#15397);
#15395=LINE('',#46,#15398);
#15396=VECTOR('',#15399,1.0);
#15397=VECTOR('',#15400,1.0);
#15398=VECTOR('',#15401,1.0);
#15399=DIRECTION('',(0.896268269335095,-0.443512332842136,0));
#15400=DIRECTION('',(-0.9132872593282081,-0.40731607131166625,0));
#15401=DIRECTION('',(0.8855703251123814,0.46450532750481044,0));
#15402=FACE_SURFACE('',(#15407),#15403,.T.);
#15403=PLANE('',#15404);
#15404=AXIS2_PLACEMENT_3D('',#708,#15405,#15406);
#15405=DIRECTION('',(-0.9809351306867745,-0.19433545580907408,-0));
#15406=DIRECTION('',(0,0,-1));
#15407=FACE_BOUND('',#15408,.T.);
#15408=EDGE_LOOP('',(#15409,#15410,#15411));
#15409=ORIENTED_EDGE('',*,*,#15412,.T.);
#15410=ORIENTED_EDGE('',*,*,#15413,.T.);
#15411=ORIENTED_EDGE('',*,*,#15414,.T.);
#15412=EDGE_CURVE('',#709,#831,#15415,.F.);
#15413=EDGE_CURVE('',#831,#353,#15416,.T.);
#15414=EDGE_CURVE('',#353,#709,#15417,.T.);
#15415=LINE('',#708,#15418);
#15416=LINE('',#830,#15419);
#15417=LINE('',#352,#15420);
#15418=VECTOR('',#15421,1.0);
#15419=VECTOR('',#15422,1.0);
#15420=VECTOR('',#15423,1.0);
#15421=DIRECTION('',(0,0,-1));
#15422=DIRECTION('',(0.19433545580907408,-0.9809351306867745,0));
#15423=DIRECTION('',(-0.04105203002372371,0.20721580767969422,0.9774335475512305));
#15424=FACE_SURFACE('',(#15429),#15425,.T.);
#15425=PLANE('',#15426);
#15426=AXIS2_PLACEMENT_3D('',#708,#15427,#15428);
#15427=DIRECTION('',(-0.9809351306867745,-0.19433545580907408,0));
#15428=DIRECTION('',(0.04105203002372371,-0.20721580767969422,-0.9774335475512305));
#15429=FACE_BOUND('',#15430,.T.);
#15430=EDGE_LOOP('',(#15431,#15432,#15433));
#15431=ORIENTED_EDGE('',*,*,#15434,.T.);
#15432=ORIENTED_EDGE('',*,*,#15435,.T.);
#15433=ORIENTED_EDGE('',*,*,#15436,.T.);
#15434=EDGE_CURVE('',#709,#353,#15437,.F.);
#15435=EDGE_CURVE('',#353,#715,#15438,.T.);
#15436=EDGE_CURVE('',#715,#709,#15439,.T.);
#15437=LINE('',#708,#15440);
#15438=LINE('',#352,#15441);
#15439=LINE('',#714,#15442);
#15440=VECTOR('',#15443,1.0);
#15441=VECTOR('',#15444,1.0);
#15442=VECTOR('',#15445,1.0);
#15443=DIRECTION('',(0.04105203002372371,-0.20721580767969422,-0.9774335475512305));
#15444=DIRECTION('',(0,0,1));
#15445=DIRECTION('',(-0.19433545580907408,0.9809351306867745,0));
#15446=FACE_SURFACE('',(#15451),#15447,.T.);
#15447=PLANE('',#15448);
#15448=AXIS2_PLACEMENT_3D('',#806,#15449,#15450);
#15449=DIRECTION('',(0,-0,-1));
#15450=DIRECTION('',(0.8306198458917827,-0.5568398976462725,0));
#15451=FACE_BOUND('',#15452,.T.);
#15452=EDGE_LOOP('',(#15453,#15454,#15455));
#15453=ORIENTED_EDGE('',*,*,#15456,.T.);
#15454=ORIENTED_EDGE('',*,*,#15457,.T.);
#15455=ORIENTED_EDGE('',*,*,#15458,.T.);
#15456=EDGE_CURVE('',#807,#803,#15459,.F.);
#15457=EDGE_CURVE('',#803,#47,#15460,.T.);
#15458=EDGE_CURVE('',#47,#807,#15461,.T.);
#15459=LINE('',#806,#15462);
#15460=LINE('',#802,#15463);
#15461=LINE('',#46,#15464);
#15462=VECTOR('',#15465,1.0);
#15463=VECTOR('',#15466,1.0);
#15464=VECTOR('',#15467,1.0);
#15465=DIRECTION('',(0.8306198458917827,-0.5568398976462725,0));
#15466=DIRECTION('',(-0.8855703251123814,-0.46450532750481044,0));
#15467=DIRECTION('',(0.8482869955353474,0.529536753403967,0));
#15468=FACE_SURFACE('',(#15473),#15469,.T.);
#15469=PLANE('',#15470);
#15470=AXIS2_PLACEMENT_3D('',#714,#15471,#15472);
#15471=DIRECTION('',(-0.9979061437955873,-0.06467865316331728,-0));
#15472=DIRECTION('',(0,0,-1));
#15473=FACE_BOUND('',#15474,.T.);
#15474=EDGE_LOOP('',(#15475,#15476,#15477));
#15475=ORIENTED_EDGE('',*,*,#15478,.T.);
#15476=ORIENTED_EDGE('',*,*,#15479,.T.);
#15477=ORIENTED_EDGE('',*,*,#15480,.T.);
#15478=EDGE_CURVE('',#715,#353,#15481,.F.);
#15479=EDGE_CURVE('',#353,#351,#15482,.T.);
#15480=EDGE_CURVE('',#351,#715,#15483,.T.);
#15481=LINE('',#714,#15484);
#15482=LINE('',#352,#15485);
#15483=LINE('',#350,#15486);
#15484=VECTOR('',#15487,1.0);
#15485=VECTOR('',#15488,1.0);
#15486=VECTOR('',#15489,1.0);
#15487=DIRECTION('',(0,0,-1));
#15488=DIRECTION('',(0.06467865316331728,-0.9979061437955873,0));
#15489=DIRECTION('',(-0.013683066863970797,0.21111163918401482,0.9773661798334514));
#15490=FACE_SURFACE('',(#15495),#15491,.T.);
#15491=PLANE('',#15492);
#15492=AXIS2_PLACEMENT_3D('',#714,#15493,#15494);
#15493=DIRECTION('',(-0.9979061437955873,-0.06467865316331728,0));
#15494=DIRECTION('',(0.013683066863970797,-0.21111163918401482,-0.9773661798334514));
#15495=FACE_BOUND('',#15496,.T.);
#15496=EDGE_LOOP('',(#15497,#15498,#15499));
#15497=ORIENTED_EDGE('',*,*,#15500,.T.);
#15498=ORIENTED_EDGE('',*,*,#15501,.T.);
#15499=ORIENTED_EDGE('',*,*,#15502,.T.);
#15500=EDGE_CURVE('',#715,#351,#15503,.F.);
#15501=EDGE_CURVE('',#351,#721,#15504,.T.);
#15502=EDGE_CURVE('',#721,#715,#15505,.T.);
#15503=LINE('',#714,#15506);
#15504=LINE('',#350,#15507);
#15505=LINE('',#720,#15508);
#15506=VECTOR('',#15509,1.0);
#15507=VECTOR('',#15510,1.0);
#15508=VECTOR('',#15511,1.0);
#15509=DIRECTION('',(0.013683066863970797,-0.21111163918401482,-0.9773661798334514));
#15510=DIRECTION('',(0,0,1));
#15511=DIRECTION('',(-0.06467865316331728,0.9979061437955873,0));
#15512=FACE_SURFACE('',(#15517),#15513,.T.);
#15513=PLANE('',#15514);
#15514=AXIS2_PLACEMENT_3D('',#50,#15515,#15516);
#15515=DIRECTION('',(-0,1,0));
#15516=DIRECTION('',(1,0,0));
#15517=FACE_BOUND('',#15518,.T.);
#15518=EDGE_LOOP('',(#15519,#15520,#15521));
#15519=ORIENTED_EDGE('',*,*,#15522,.T.);
#15520=ORIENTED_EDGE('',*,*,#15523,.T.);
#15521=ORIENTED_EDGE('',*,*,#15524,.T.);
#15522=EDGE_CURVE('',#51,#41,#15525,.F.);
#15523=EDGE_CURVE('',#41,#805,#15526,.T.);
#15524=EDGE_CURVE('',#805,#51,#15527,.T.);
#15525=LINE('',#50,#15528);
#15526=LINE('',#40,#15529);
#15527=LINE('',#804,#15530);
#15528=VECTOR('',#15531,1.0);
#15529=VECTOR('',#15532,1.0);
#15530=VECTOR('',#15533,1.0);
#15531=DIRECTION('',(1,0,0));
#15532=DIRECTION('',(-0.9789973940375236,0,-0.20387276048491046));
#15533=DIRECTION('',(-0.9998673773764675,0,0.016285811564201266));
#15534=FACE_SURFACE('',(#15539),#15535,.T.);
#15535=PLANE('',#15536);
#15536=AXIS2_PLACEMENT_3D('',#348,#15537,#15538);
#15537=DIRECTION('',(-0.9979061253641285,0.06467893753574257,0));
#15538=DIRECTION('',(0,0,1));
#15539=FACE_BOUND('',#15540,.T.);
#15540=EDGE_LOOP('',(#15541,#15542,#15543));
#15541=ORIENTED_EDGE('',*,*,#15544,.T.);
#15542=ORIENTED_EDGE('',*,*,#15545,.T.);
#15543=ORIENTED_EDGE('',*,*,#15546,.T.);
#15544=EDGE_CURVE('',#349,#729,#15547,.F.);
#15545=EDGE_CURVE('',#729,#721,#15548,.T.);
#15546=EDGE_CURVE('',#721,#349,#15549,.T.);
#15547=LINE('',#348,#15550);
#15548=LINE('',#728,#15551);
#15549=LINE('',#720,#15552);
#15550=VECTOR('',#15553,1.0);
#15551=VECTOR('',#15554,1.0);
#15552=VECTOR('',#15555,1.0);
#15553=DIRECTION('',(0,0,1));
#15554=DIRECTION('',(0.06467893753574257,0.9979061253641285,0));
#15555=DIRECTION('',(-0.01368306955644896,-0.21111074863618787,-0.9773663721541588));
#15556=FACE_SURFACE('',(#15561),#15557,.T.);
#15557=PLANE('',#15558);
#15558=AXIS2_PLACEMENT_3D('',#348,#15559,#15560);
#15559=DIRECTION('',(-0.9979061253641285,0.06467893753574257,0));
#15560=DIRECTION('',(0.01368306955644896,0.21111074863618787,0.9773663721541588));
#15561=FACE_BOUND('',#15562,.T.);
#15562=EDGE_LOOP('',(#15563,#15564,#15565));
#15563=ORIENTED_EDGE('',*,*,#15566,.T.);
#15564=ORIENTED_EDGE('',*,*,#15567,.T.);
#15565=ORIENTED_EDGE('',*,*,#15568,.T.);
#15566=EDGE_CURVE('',#349,#721,#15569,.F.);
#15567=EDGE_CURVE('',#721,#351,#15570,.T.);
#15568=EDGE_CURVE('',#351,#349,#15571,.T.);
#15569=LINE('',#348,#15572);
#15570=LINE('',#720,#15573);
#15571=LINE('',#350,#15574);
#15572=VECTOR('',#15575,1.0);
#15573=VECTOR('',#15576,1.0);
#15574=VECTOR('',#15577,1.0);
#15575=DIRECTION('',(0.01368306955644896,0.21111074863618787,0.9773663721541588));
#15576=DIRECTION('',(0,0,-1));
#15577=DIRECTION('',(-0.06467893753574257,-0.9979061253641285,0));
#15578=FACE_SURFACE('',(#15583),#15579,.T.);
#15579=PLANE('',#15580);
#15580=AXIS2_PLACEMENT_3D('',#50,#15581,#15582);
#15581=DIRECTION('',(0,1,0));
#15582=DIRECTION('',(-0.9790058444847469,0,-0.20383217720641497));
#15583=FACE_BOUND('',#15584,.T.);
#15584=EDGE_LOOP('',(#15585,#15586,#15587));
#15585=ORIENTED_EDGE('',*,*,#15588,.T.);
#15586=ORIENTED_EDGE('',*,*,#15589,.T.);
#15587=ORIENTED_EDGE('',*,*,#15590,.T.);
#15588=EDGE_CURVE('',#51,#45,#15591,.F.);
#15589=EDGE_CURVE('',#45,#43,#15592,.T.);
#15590=EDGE_CURVE('',#43,#51,#15593,.T.);
#15591=LINE('',#50,#15594);
#15592=LINE('',#44,#15595);
#15593=LINE('',#42,#15596);
#15594=VECTOR('',#15597,1.0);
#15595=VECTOR('',#15598,1.0);
#15596=VECTOR('',#15599,1.0);
#15597=DIRECTION('',(-0.9790058444847469,0,-0.20383217720641497));
#15598=DIRECTION('',(0,0,1));
#15599=DIRECTION('',(1,0,0));
#15600=FACE_SURFACE('',(#15605),#15601,.T.);
#15601=PLANE('',#15602);
#15602=AXIS2_PLACEMENT_3D('',#808,#15603,#15604);
#15603=DIRECTION('',(-0,0,-1));
#15604=DIRECTION('',(-0.800871795115382,-0.5988358437741227,0));
#15605=FACE_BOUND('',#15606,.T.);
#15606=EDGE_LOOP('',(#15607,#15608,#15609));
#15607=ORIENTED_EDGE('',*,*,#15610,.T.);
#15608=ORIENTED_EDGE('',*,*,#15611,.T.);
#15609=ORIENTED_EDGE('',*,*,#15612,.T.);
#15610=EDGE_CURVE('',#809,#47,#15613,.F.);
#15611=EDGE_CURVE('',#47,#811,#15614,.T.);
#15612=EDGE_CURVE('',#811,#809,#15615,.T.);
#15613=LINE('',#808,#15616);
#15614=LINE('',#46,#15617);
#15615=LINE('',#810,#15618);
#15616=VECTOR('',#15619,1.0);
#15617=VECTOR('',#15620,1.0);
#15618=VECTOR('',#15621,1.0);
#15619=DIRECTION('',(-0.800871795115382,-0.5988358437741227,0));
#15620=DIRECTION('',(0.7455274623339818,0.6664749079341646,0));
#15621=DIRECTION('',(0.6617744529869125,-0.7497029901059971,0));
#15622=FACE_SURFACE('',(#15627),#15623,.T.);
#15623=PLANE('',#15624);
#15624=AXIS2_PLACEMENT_3D('',#808,#15625,#15626);
#15625=DIRECTION('',(0,-0,-1));
#15626=DIRECTION('',(0.7517178383839409,-0.6594848682535297,0));
#15627=FACE_BOUND('',#15628,.T.);
#15628=EDGE_LOOP('',(#15629,#15630,#15631));
#15629=ORIENTED_EDGE('',*,*,#15632,.T.);
#15630=ORIENTED_EDGE('',*,*,#15633,.T.);
#15631=ORIENTED_EDGE('',*,*,#15634,.T.);
#15632=EDGE_CURVE('',#809,#807,#15635,.F.);
#15633=EDGE_CURVE('',#807,#47,#15636,.T.);
#15634=EDGE_CURVE('',#47,#809,#15637,.T.);
#15635=LINE('',#808,#15638);
#15636=LINE('',#806,#15639);
#15637=LINE('',#46,#15640);
#15638=VECTOR('',#15641,1.0);
#15639=VECTOR('',#15642,1.0);
#15640=VECTOR('',#15643,1.0);
#15641=DIRECTION('',(0.7517178383839409,-0.6594848682535297,0));
#15642=DIRECTION('',(-0.8482869955353474,-0.529536753403967,0));
#15643=DIRECTION('',(0.800871795115382,0.5988358437741227,0));
#15644=FACE_SURFACE('',(#15649),#15645,.T.);
#15645=PLANE('',#15646);
#15646=AXIS2_PLACEMENT_3D('',#360,#15647,#15648);
#15647=DIRECTION('',(-0.9809351306867745,0.19433545580907408,0));
#15648=DIRECTION('',(0,0,1));
#15649=FACE_BOUND('',#15650,.T.);
#15650=EDGE_LOOP('',(#15651,#15652,#15653));
#15651=ORIENTED_EDGE('',*,*,#15654,.T.);
#15652=ORIENTED_EDGE('',*,*,#15655,.T.);
#15653=ORIENTED_EDGE('',*,*,#15656,.T.);
#15654=EDGE_CURVE('',#361,#733,#15657,.F.);
#15655=EDGE_CURVE('',#733,#729,#15658,.T.);
#15656=EDGE_CURVE('',#729,#361,#15659,.T.);
#15657=LINE('',#360,#15660);
#15658=LINE('',#732,#15661);
#15659=LINE('',#728,#15662);
#15660=VECTOR('',#15663,1.0);
#15661=VECTOR('',#15664,1.0);
#15662=VECTOR('',#15665,1.0);
#15663=DIRECTION('',(0,0,1));
#15664=DIRECTION('',(0.19433545580907408,0.9809351306867745,0));
#15665=DIRECTION('',(-0.04105203002372371,-0.20721580767969422,-0.9774335475512305));
#15666=FACE_SURFACE('',(#15671),#15667,.T.);
#15667=PLANE('',#15668);
#15668=AXIS2_PLACEMENT_3D('',#360,#15669,#15670);
#15669=DIRECTION('',(-0.9809351306867745,0.19433545580907408,0));
#15670=DIRECTION('',(0.04105203002372371,0.20721580767969422,0.9774335475512305));
#15671=FACE_BOUND('',#15672,.T.);
#15672=EDGE_LOOP('',(#15673,#15674,#15675));
#15673=ORIENTED_EDGE('',*,*,#15676,.T.);
#15674=ORIENTED_EDGE('',*,*,#15677,.T.);
#15675=ORIENTED_EDGE('',*,*,#15678,.T.);
#15676=EDGE_CURVE('',#361,#729,#15679,.F.);
#15677=EDGE_CURVE('',#729,#349,#15680,.T.);
#15678=EDGE_CURVE('',#349,#361,#15681,.T.);
#15679=LINE('',#360,#15682);
#15680=LINE('',#728,#15683);
#15681=LINE('',#348,#15684);
#15682=VECTOR('',#15685,1.0);
#15683=VECTOR('',#15686,1.0);
#15684=VECTOR('',#15687,1.0);
#15685=DIRECTION('',(0.04105203002372371,0.20721580767969422,0.9774335475512305));
#15686=DIRECTION('',(0,0,-1));
#15687=DIRECTION('',(-0.19433545580907408,-0.9809351306867745,0));
#15688=FACE_SURFACE('',(#15693),#15689,.T.);
#15689=PLANE('',#15690);
#15690=AXIS2_PLACEMENT_3D('',#72,#15691,#15692);
#15691=DIRECTION('',(0.5568378508198693,0.8306212180617041,0));
#15692=DIRECTION('',(0.17498373120000424,-0.1173068574352428,-0.9775580775657231));
#15693=FACE_BOUND('',#15694,.T.);
#15694=EDGE_LOOP('',(#15695,#15696,#15697));
#15695=ORIENTED_EDGE('',*,*,#15698,.T.);
#15696=ORIENTED_EDGE('',*,*,#15699,.T.);
#15697=ORIENTED_EDGE('',*,*,#15700,.T.);
#15698=EDGE_CURVE('',#73,#735,#15701,.F.);
#15699=EDGE_CURVE('',#735,#643,#15702,.T.);
#15700=EDGE_CURVE('',#643,#73,#15703,.T.);
#15701=LINE('',#72,#15704);
#15702=LINE('',#734,#15705);
#15703=LINE('',#642,#15706);
#15704=VECTOR('',#15707,1.0);
#15705=VECTOR('',#15708,1.0);
#15706=VECTOR('',#15709,1.0);
#15707=DIRECTION('',(0.17498373120000424,-0.1173068574352428,-0.9775580775657231));
#15708=DIRECTION('',(-0.8306212180617042,0.5568378508198693,0));
#15709=DIRECTION('',(0,0,1));
#15710=FACE_SURFACE('',(#15715),#15711,.T.);
#15711=PLANE('',#15712);
#15712=AXIS2_PLACEMENT_3D('',#366,#15713,#15714);
#15713=DIRECTION('',(-0.9458652973625161,0.3245594540994282,0));
#15714=DIRECTION('',(0,0,1));
#15715=FACE_BOUND('',#15716,.T.);
#15716=EDGE_LOOP('',(#15717,#15718,#15719));
#15717=ORIENTED_EDGE('',*,*,#15720,.T.);
#15718=ORIENTED_EDGE('',*,*,#15721,.T.);
#15719=ORIENTED_EDGE('',*,*,#15722,.T.);
#15720=EDGE_CURVE('',#367,#739,#15723,.F.);
#15721=EDGE_CURVE('',#739,#733,#15724,.T.);
#15722=EDGE_CURVE('',#733,#367,#15725,.T.);
#15723=LINE('',#366,#15726);
#15724=LINE('',#738,#15727);
#15725=LINE('',#732,#15728);
#15726=VECTOR('',#15729,1.0);
#15727=VECTOR('',#15730,1.0);
#15728=VECTOR('',#15731,1.0);
#15729=DIRECTION('',(0,0,1));
#15730=DIRECTION('',(0.3245594540994282,0.9458652973625161,0));
#15731=DIRECTION('',(-0.06842631922902018,-0.1994151763798325,-0.9775231077914058));
#15732=FACE_SURFACE('',(#15737),#15733,.T.);
#15733=PLANE('',#15734);
#15734=AXIS2_PLACEMENT_3D('',#366,#15735,#15736);
#15735=DIRECTION('',(-0.9458652973625161,0.3245594540994282,0));
#15736=DIRECTION('',(0.06842631922902018,0.1994151763798325,0.9775231077914058));
#15737=FACE_BOUND('',#15738,.T.);
#15738=EDGE_LOOP('',(#15739,#15740,#15741));
#15739=ORIENTED_EDGE('',*,*,#15742,.T.);
#15740=ORIENTED_EDGE('',*,*,#15743,.T.);
#15741=ORIENTED_EDGE('',*,*,#15744,.T.);
#15742=EDGE_CURVE('',#367,#733,#15745,.F.);
#15743=EDGE_CURVE('',#733,#361,#15746,.T.);
#15744=EDGE_CURVE('',#361,#367,#15747,.T.);
#15745=LINE('',#366,#15748);
#15746=LINE('',#732,#15749);
#15747=LINE('',#360,#15750);
#15748=VECTOR('',#15751,1.0);
#15749=VECTOR('',#15752,1.0);
#15750=VECTOR('',#15753,1.0);
#15751=DIRECTION('',(0.06842631922902018,0.1994151763798325,0.9775231077914058));
#15752=DIRECTION('',(0,0,-1));
#15753=DIRECTION('',(-0.3245594540994282,-0.9458652973625161,0));
#15754=FACE_SURFACE('',(#15759),#15755,.T.);
#15755=PLANE('',#15756);
#15756=AXIS2_PLACEMENT_3D('',#72,#15757,#15758);
#15757=DIRECTION('',(0.6594805075659336,0.7517216640090789,0));
#15758=DIRECTION('',(0,0,-1));
#15759=FACE_BOUND('',#15760,.T.);
#15760=EDGE_LOOP('',(#15761,#15762,#15763));
#15761=ORIENTED_EDGE('',*,*,#15764,.T.);
#15762=ORIENTED_EDGE('',*,*,#15765,.T.);
#15763=ORIENTED_EDGE('',*,*,#15766,.T.);
#15764=EDGE_CURVE('',#73,#643,#15767,.F.);
#15765=EDGE_CURVE('',#643,#645,#15768,.T.);
#15766=EDGE_CURVE('',#645,#73,#15769,.T.);
#15767=LINE('',#72,#15770);
#15768=LINE('',#642,#15771);
#15769=LINE('',#644,#15772);
#15770=VECTOR('',#15773,1.0);
#15771=VECTOR('',#15774,1.0);
#15772=VECTOR('',#15775,1.0);
#15773=DIRECTION('',(0,0,-1));
#15774=DIRECTION('',(-0.751721664009079,0.6594805075659336,0));
#15775=DIRECTION('',(0.15929998134289186,-0.13975283350352566,0.9772884228680345));
#15776=FACE_SURFACE('',(#15781),#15777,.T.);
#15777=PLANE('',#15778);
#15778=AXIS2_PLACEMENT_3D('',#72,#15779,#15780);
#15779=DIRECTION('',(0.6594805075659336,0.7517216640090789,0));
#15780=DIRECTION('',(-0.15929998134289186,0.13975283350352566,-0.9772884228680345));
#15781=FACE_BOUND('',#15782,.T.);
#15782=EDGE_LOOP('',(#15783,#15784,#15785));
#15783=ORIENTED_EDGE('',*,*,#15786,.T.);
#15784=ORIENTED_EDGE('',*,*,#15787,.T.);
#15785=ORIENTED_EDGE('',*,*,#15788,.T.);
#15786=EDGE_CURVE('',#73,#645,#15789,.F.);
#15787=EDGE_CURVE('',#645,#75,#15790,.T.);
#15788=EDGE_CURVE('',#75,#73,#15791,.T.);
#15789=LINE('',#72,#15792);
#15790=LINE('',#644,#15793);
#15791=LINE('',#74,#15794);
#15792=VECTOR('',#15795,1.0);
#15793=VECTOR('',#15796,1.0);
#15794=VECTOR('',#15797,1.0);
#15795=DIRECTION('',(-0.15929998134289186,0.13975283350352566,-0.9772884228680345));
#15796=DIRECTION('',(0,0,1));
#15797=DIRECTION('',(0.751721664009079,-0.6594805075659336,0));
#15798=FACE_SURFACE('',(#15803),#15799,.T.);
#15799=PLANE('',#15800);
#15800=AXIS2_PLACEMENT_3D('',#364,#15801,#15802);
#15801=DIRECTION('',(-0.8980971585487347,0.4397971052732029,0));
#15802=DIRECTION('',(0,0,1));
#15803=FACE_BOUND('',#15804,.T.);
#15804=EDGE_LOOP('',(#15805,#15806,#15807));
#15805=ORIENTED_EDGE('',*,*,#15808,.T.);
#15806=ORIENTED_EDGE('',*,*,#15809,.T.);
#15807=ORIENTED_EDGE('',*,*,#15810,.T.);
#15808=EDGE_CURVE('',#365,#673,#15811,.F.);
#15809=EDGE_CURVE('',#673,#739,#15812,.T.);
#15810=EDGE_CURVE('',#739,#365,#15813,.T.);
#15811=LINE('',#364,#15814);
#15812=LINE('',#672,#15815);
#15813=LINE('',#738,#15816);
#15814=VECTOR('',#15817,1.0);
#15815=VECTOR('',#15818,1.0);
#15816=VECTOR('',#15819,1.0);
#15817=DIRECTION('',(0,0,1));
#15818=DIRECTION('',(0.439797105273203,0.8980971585487348,0));
#15819=DIRECTION('',(-0.0928594642490825,-0.18962567053426263,-0.9774554849065019));
#15820=FACE_SURFACE('',(#15825),#15821,.T.);
#15821=PLANE('',#15822);
#15822=AXIS2_PLACEMENT_3D('',#364,#15823,#15824);
#15823=DIRECTION('',(-0.8980971585487347,0.4397971052732029,0));
#15824=DIRECTION('',(0.0928594642490825,0.18962567053426263,0.9774554849065019));
#15825=FACE_BOUND('',#15826,.T.);
#15826=EDGE_LOOP('',(#15827,#15828,#15829));
#15827=ORIENTED_EDGE('',*,*,#15830,.T.);
#15828=ORIENTED_EDGE('',*,*,#15831,.T.);
#15829=ORIENTED_EDGE('',*,*,#15832,.T.);
#15830=EDGE_CURVE('',#365,#739,#15833,.F.);
#15831=EDGE_CURVE('',#739,#367,#15834,.T.);
#15832=EDGE_CURVE('',#367,#365,#15835,.T.);
#15833=LINE('',#364,#15836);
#15834=LINE('',#738,#15837);
#15835=LINE('',#366,#15838);
#15836=VECTOR('',#15839,1.0);
#15837=VECTOR('',#15840,1.0);
#15838=VECTOR('',#15841,1.0);
#15839=DIRECTION('',(0.0928594642490825,0.18962567053426263,0.9774554849065019));
#15840=DIRECTION('',(0,0,-1));
#15841=DIRECTION('',(-0.439797105273203,-0.8980971585487348,0));
#15842=FACE_SURFACE('',(#15847),#15843,.T.);
#15843=PLANE('',#15844);
#15844=AXIS2_PLACEMENT_3D('',#810,#15845,#15846);
#15845=DIRECTION('',(-0,0,-1));
#15846=DIRECTION('',(-0.7455274623339818,-0.6664749079341646,0));
#15847=FACE_BOUND('',#15848,.T.);
#15848=EDGE_LOOP('',(#15849,#15850,#15851));
#15849=ORIENTED_EDGE('',*,*,#15852,.T.);
#15850=ORIENTED_EDGE('',*,*,#15853,.T.);
#15851=ORIENTED_EDGE('',*,*,#15854,.T.);
#15852=EDGE_CURVE('',#811,#47,#15855,.F.);
#15853=EDGE_CURVE('',#47,#815,#15856,.T.);
#15854=EDGE_CURVE('',#815,#811,#15857,.T.);
#15855=LINE('',#810,#15858);
#15856=LINE('',#46,#15859);
#15857=LINE('',#814,#15860);
#15858=VECTOR('',#15861,1.0);
#15859=VECTOR('',#15862,1.0);
#15860=VECTOR('',#15863,1.0);
#15861=DIRECTION('',(-0.7455274623339818,-0.6664749079341646,0));
#15862=DIRECTION('',(0.6858498133292119,0.7277431095903864,0));
#15863=DIRECTION('',(0.554699178911613,-0.8320509725460227,0));
#15864=FACE_SURFACE('',(#15869),#15865,.T.);
#15865=PLANE('',#15866);
#15866=AXIS2_PLACEMENT_3D('',#650,#15867,#15868);
#15867=DIRECTION('',(0.7497073694116541,0.6617694917793185,-0));
#15868=DIRECTION('',(0,0,1));
#15869=FACE_BOUND('',#15870,.T.);
#15870=EDGE_LOOP('',(#15871,#15872,#15873));
#15871=ORIENTED_EDGE('',*,*,#15874,.T.);
#15872=ORIENTED_EDGE('',*,*,#15875,.T.);
#15873=ORIENTED_EDGE('',*,*,#15876,.T.);
#15874=EDGE_CURVE('',#651,#99,#15877,.F.);
#15875=EDGE_CURVE('',#99,#75,#15878,.T.);
#15876=EDGE_CURVE('',#75,#651,#15879,.T.);
#15877=LINE('',#650,#15880);
#15878=LINE('',#98,#15881);
#15879=LINE('',#74,#15882);
#15880=VECTOR('',#15883,1.0);
#15881=VECTOR('',#15884,1.0);
#15882=VECTOR('',#15885,1.0);
#15883=DIRECTION('',(0,0,1));
#15884=DIRECTION('',(0.6617694917793185,-0.7497073694116542,0));
#15885=DIRECTION('',(-0.13977183698405773,0.15834513002617578,-0.9774408695072533));
#15886=FACE_SURFACE('',(#15891),#15887,.T.);
#15887=PLANE('',#15888);
#15888=AXIS2_PLACEMENT_3D('',#650,#15889,#15890);
#15889=DIRECTION('',(0.7497073694116541,0.6617694917793185,0));
#15890=DIRECTION('',(0.13977183698405773,-0.15834513002617578,0.9774408695072533));
#15891=FACE_BOUND('',#15892,.T.);
#15892=EDGE_LOOP('',(#15893,#15894,#15895));
#15893=ORIENTED_EDGE('',*,*,#15896,.T.);
#15894=ORIENTED_EDGE('',*,*,#15897,.T.);
#15895=ORIENTED_EDGE('',*,*,#15898,.T.);
#15896=EDGE_CURVE('',#651,#75,#15899,.F.);
#15897=EDGE_CURVE('',#75,#645,#15900,.T.);
#15898=EDGE_CURVE('',#645,#651,#15901,.T.);
#15899=LINE('',#650,#15902);
#15900=LINE('',#74,#15903);
#15901=LINE('',#644,#15904);
#15902=VECTOR('',#15905,1.0);
#15903=VECTOR('',#15906,1.0);
#15904=VECTOR('',#15907,1.0);
#15905=DIRECTION('',(0.13977183698405773,-0.15834513002617578,0.9774408695072533));
#15906=DIRECTION('',(0,0,-1));
#15907=DIRECTION('',(-0.6617694917793185,0.7497073694116542,0));
#15908=FACE_SURFACE('',(#15913),#15909,.T.);
#15909=PLANE('',#15910);
#15910=AXIS2_PLACEMENT_3D('',#262,#15911,#15912);
#15911=DIRECTION('',(-0.8320530071697307,0.5546961269558389,0));
#15912=DIRECTION('',(0.11728583221834402,0.17593061255220718,0.9773906348680939));
#15913=FACE_BOUND('',#15914,.T.);
#15914=EDGE_LOOP('',(#15915,#15916,#15917));
#15915=ORIENTED_EDGE('',*,*,#15918,.T.);
#15916=ORIENTED_EDGE('',*,*,#15919,.T.);
#15917=ORIENTED_EDGE('',*,*,#15920,.T.);
#15918=EDGE_CURVE('',#263,#673,#15921,.F.);
#15919=EDGE_CURVE('',#673,#365,#15922,.T.);
#15920=EDGE_CURVE('',#365,#263,#15923,.T.);
#15921=LINE('',#262,#15924);
#15922=LINE('',#672,#15925);
#15923=LINE('',#364,#15926);
#15924=VECTOR('',#15927,1.0);
#15925=VECTOR('',#15928,1.0);
#15926=VECTOR('',#15929,1.0);
#15927=DIRECTION('',(0.11728583221834402,0.17593061255220718,0.9773906348680939));
#15928=DIRECTION('',(0,0,-1));
#15929=DIRECTION('',(-0.5546961269558389,-0.8320530071697306,0));
#15930=FACE_SURFACE('',(#15935),#15931,.T.);
#15931=PLANE('',#15932);
#15932=AXIS2_PLACEMENT_3D('',#816,#15933,#15934);
#15933=DIRECTION('',(0,-0,-1));
#15934=DIRECTION('',(0.4397935442797345,-0.8980989023542281,0));
#15935=FACE_BOUND('',#15936,.T.);
#15936=EDGE_LOOP('',(#15937,#15938,#15939));
#15937=ORIENTED_EDGE('',*,*,#15940,.T.);
#15938=ORIENTED_EDGE('',*,*,#15941,.T.);
#15939=ORIENTED_EDGE('',*,*,#15942,.T.);
#15940=EDGE_CURVE('',#817,#815,#15943,.F.);
#15941=EDGE_CURVE('',#815,#47,#15944,.T.);
#15942=EDGE_CURVE('',#47,#817,#15945,.T.);
#15943=LINE('',#816,#15946);
#15944=LINE('',#814,#15947);
#15945=LINE('',#46,#15948);
#15946=VECTOR('',#15949,1.0);
#15947=VECTOR('',#15950,1.0);
#15948=VECTOR('',#15951,1.0);
#15949=DIRECTION('',(0.4397935442797345,-0.8980989023542281,0));
#15950=DIRECTION('',(-0.6858498133292119,-0.7277431095903864,0));
#15951=DIRECTION('',(0.626952233338031,0.7790576981921528,0));
#15952=FACE_SURFACE('',(#15957),#15953,.T.);
#15953=PLANE('',#15954);
#15954=AXIS2_PLACEMENT_3D('',#648,#15955,#15956);
#15955=DIRECTION('',(0.8320448686674365,0.5547083346446026,-0));
#15956=DIRECTION('',(0,0,1));
#15957=FACE_BOUND('',#15958,.T.);
#15958=EDGE_LOOP('',(#15959,#15960,#15961));
#15959=ORIENTED_EDGE('',*,*,#15962,.T.);
#15960=ORIENTED_EDGE('',*,*,#15963,.T.);
#15961=ORIENTED_EDGE('',*,*,#15964,.T.);
#15962=EDGE_CURVE('',#649,#97,#15965,.F.);
#15963=EDGE_CURVE('',#97,#99,#15966,.T.);
#15964=EDGE_CURVE('',#99,#649,#15967,.T.);
#15965=LINE('',#648,#15968);
#15966=LINE('',#96,#15969);
#15967=LINE('',#98,#15970);
#15968=VECTOR('',#15971,1.0);
#15969=VECTOR('',#15972,1.0);
#15970=VECTOR('',#15973,1.0);
#15971=DIRECTION('',(0,0,1));
#15972=DIRECTION('',(0.5547083346446026,-0.8320448686674365,0));
#15973=DIRECTION('',(-0.11728950937688971,0.17593053561758273,-0.9773902074542383));
#15974=FACE_SURFACE('',(#15979),#15975,.T.);
#15975=PLANE('',#15976);
#15976=AXIS2_PLACEMENT_3D('',#648,#15977,#15978);
#15977=DIRECTION('',(0.8320448686674365,0.5547083346446026,0));
#15978=DIRECTION('',(0.11728950937688971,-0.17593053561758273,0.9773902074542383));
#15979=FACE_BOUND('',#15980,.T.);
#15980=EDGE_LOOP('',(#15981,#15982,#15983));
#15981=ORIENTED_EDGE('',*,*,#15984,.T.);
#15982=ORIENTED_EDGE('',*,*,#15985,.T.);
#15983=ORIENTED_EDGE('',*,*,#15986,.T.);
#15984=EDGE_CURVE('',#649,#99,#15987,.F.);
#15985=EDGE_CURVE('',#99,#651,#15988,.T.);
#15986=EDGE_CURVE('',#651,#649,#15989,.T.);
#15987=LINE('',#648,#15990);
#15988=LINE('',#98,#15991);
#15989=LINE('',#650,#15992);
#15990=VECTOR('',#15993,1.0);
#15991=VECTOR('',#15994,1.0);
#15992=VECTOR('',#15995,1.0);
#15993=DIRECTION('',(0.11728950937688971,-0.17593053561758273,0.9773902074542383));
#15994=DIRECTION('',(0,0,-1));
#15995=DIRECTION('',(-0.5547083346446026,0.8320448686674365,0));
#15996=FACE_SURFACE('',(#16001),#15997,.T.);
#15997=PLANE('',#15998);
#15998=AXIS2_PLACEMENT_3D('',#46,#15999,#16000);
#15999=DIRECTION('',(0,0,-1));
#16000=DIRECTION('',(0.5276753492104929,0.8494461288602029,0));
#16001=FACE_BOUND('',#16002,.T.);
#16002=EDGE_LOOP('',(#16003,#16004,#16005));
#16003=ORIENTED_EDGE('',*,*,#16006,.T.);
#16004=ORIENTED_EDGE('',*,*,#16007,.T.);
#16005=ORIENTED_EDGE('',*,*,#16008,.T.);
#16006=EDGE_CURVE('',#47,#821,#16009,.F.);
#16007=EDGE_CURVE('',#821,#819,#16010,.T.);
#16008=EDGE_CURVE('',#819,#47,#16011,.T.);
#16009=LINE('',#46,#16012);
#16010=LINE('',#820,#16013);
#16011=LINE('',#818,#16014);
#16012=VECTOR('',#16015,1.0);
#16013=VECTOR('',#16016,1.0);
#16014=VECTOR('',#16017,1.0);
#16015=DIRECTION('',(0.5276753492104929,0.8494461288602029,0));
#16016=DIRECTION('',(0.19433970185562485,-0.9809342894825661,0));
#16017=DIRECTION('',(-0.5731157235206228,-0.8194744458818916,0));
#16018=FACE_SURFACE('',(#16023),#16019,.T.);
#16019=PLANE('',#16020);
#16020=AXIS2_PLACEMENT_3D('',#818,#16021,#16022);
#16021=DIRECTION('',(0,-0,-1));
#16022=DIRECTION('',(0.3245594540994282,-0.9458652973625161,0));
#16023=FACE_BOUND('',#16024,.T.);
#16024=EDGE_LOOP('',(#16025,#16026,#16027));
#16025=ORIENTED_EDGE('',*,*,#16028,.T.);
#16026=ORIENTED_EDGE('',*,*,#16029,.T.);
#16027=ORIENTED_EDGE('',*,*,#16030,.T.);
#16028=EDGE_CURVE('',#819,#817,#16031,.F.);
#16029=EDGE_CURVE('',#817,#47,#16032,.T.);
#16030=EDGE_CURVE('',#47,#819,#16033,.T.);
#16031=LINE('',#818,#16034);
#16032=LINE('',#816,#16035);
#16033=LINE('',#46,#16036);
#16034=VECTOR('',#16037,1.0);
#16035=VECTOR('',#16038,1.0);
#16036=VECTOR('',#16039,1.0);
#16037=DIRECTION('',(0.3245594540994282,-0.9458652973625161,0));
#16038=DIRECTION('',(-0.626952233338031,-0.7790576981921528,0));
#16039=DIRECTION('',(0.5731157235206228,0.8194744458818916,0));
#16040=FACE_SURFACE('',(#16045),#16041,.T.);
#16041=PLANE('',#16042);
#16042=AXIS2_PLACEMENT_3D('',#448,#16043,#16044);
#16043=DIRECTION('',(0.7497029901059971,-0.6617744529869125,0));
#16044=DIRECTION('',(0,0,1));
#16045=FACE_BOUND('',#16046,.T.);
#16046=EDGE_LOOP('',(#16047,#16048,#16049));
#16047=ORIENTED_EDGE('',*,*,#16050,.T.);
#16048=ORIENTED_EDGE('',*,*,#16051,.T.);
#16049=ORIENTED_EDGE('',*,*,#16052,.T.);
#16050=EDGE_CURVE('',#449,#761,#16053,.F.);
#16051=EDGE_CURVE('',#761,#235,#16054,.T.);
#16052=EDGE_CURVE('',#235,#449,#16055,.T.);
#16053=LINE('',#448,#16056);
#16054=LINE('',#760,#16057);
#16055=LINE('',#234,#16058);
#16056=VECTOR('',#16059,1.0);
#16057=VECTOR('',#16060,1.0);
#16058=VECTOR('',#16061,1.0);
#16059=DIRECTION('',(0,0,1));
#16060=DIRECTION('',(-0.13977366488217371,-0.15834508876442163,-0.9774406148045993));
#16061=DIRECTION('',(0.6617744529869125,0.7497029901059971,0));
#16062=FACE_SURFACE('',(#16067),#16063,.T.);
#16063=PLANE('',#16064);
#16064=AXIS2_PLACEMENT_3D('',#658,#16065,#16066);
#16065=DIRECTION('',(0.8980971585487347,0.4397971052732029,-0));
#16066=DIRECTION('',(0,0,1));
#16067=FACE_BOUND('',#16068,.T.);
#16068=EDGE_LOOP('',(#16069,#16070,#16071));
#16069=ORIENTED_EDGE('',*,*,#16072,.T.);
#16070=ORIENTED_EDGE('',*,*,#16073,.T.);
#16071=ORIENTED_EDGE('',*,*,#16074,.T.);
#16072=EDGE_CURVE('',#659,#557,#16075,.F.);
#16073=EDGE_CURVE('',#557,#97,#16076,.T.);
#16074=EDGE_CURVE('',#97,#659,#16077,.T.);
#16075=LINE('',#658,#16078);
#16076=LINE('',#556,#16079);
#16077=LINE('',#96,#16080);
#16078=VECTOR('',#16081,1.0);
#16079=VECTOR('',#16082,1.0);
#16080=VECTOR('',#16083,1.0);
#16081=DIRECTION('',(0,0,1));
#16082=DIRECTION('',(0.439797105273203,-0.8980971585487348,0));
#16083=DIRECTION('',(-0.0928594642490825,0.18962567053426263,-0.9774554849065019));
#16084=FACE_SURFACE('',(#16089),#16085,.T.);
#16085=PLANE('',#16086);
#16086=AXIS2_PLACEMENT_3D('',#658,#16087,#16088);
#16087=DIRECTION('',(0.8980971585487347,0.4397971052732029,0));
#16088=DIRECTION('',(0.0928594642490825,-0.18962567053426263,0.9774554849065019));
#16089=FACE_BOUND('',#16090,.T.);
#16090=EDGE_LOOP('',(#16091,#16092,#16093));
#16091=ORIENTED_EDGE('',*,*,#16094,.T.);
#16092=ORIENTED_EDGE('',*,*,#16095,.T.);
#16093=ORIENTED_EDGE('',*,*,#16096,.T.);
#16094=EDGE_CURVE('',#659,#97,#16097,.F.);
#16095=EDGE_CURVE('',#97,#649,#16098,.T.);
#16096=EDGE_CURVE('',#649,#659,#16099,.T.);
#16097=LINE('',#658,#16100);
#16098=LINE('',#96,#16101);
#16099=LINE('',#648,#16102);
#16100=VECTOR('',#16103,1.0);
#16101=VECTOR('',#16104,1.0);
#16102=VECTOR('',#16105,1.0);
#16103=DIRECTION('',(0.0928594642490825,-0.18962567053426263,0.9774554849065019));
#16104=DIRECTION('',(0,0,-1));
#16105=DIRECTION('',(-0.439797105273203,0.8980971585487348,0));
#16106=FACE_SURFACE('',(#16111),#16107,.T.);
#16107=PLANE('',#16108);
#16108=AXIS2_PLACEMENT_3D('',#822,#16109,#16110);
#16109=DIRECTION('',(0,-0,-1));
#16110=DIRECTION('',(0.06467893753574257,-0.9979061253641285,0));
#16111=FACE_BOUND('',#16112,.T.);
#16112=EDGE_LOOP('',(#16113,#16114,#16115));
#16113=ORIENTED_EDGE('',*,*,#16116,.T.);
#16114=ORIENTED_EDGE('',*,*,#16117,.T.);
#16115=ORIENTED_EDGE('',*,*,#16118,.T.);
#16116=EDGE_CURVE('',#823,#821,#16119,.F.);
#16117=EDGE_CURVE('',#821,#47,#16120,.T.);
#16118=EDGE_CURVE('',#47,#823,#16121,.T.);
#16119=LINE('',#822,#16122);
#16120=LINE('',#820,#16123);
#16121=LINE('',#46,#16124);
#16122=VECTOR('',#16125,1.0);
#16123=VECTOR('',#16126,1.0);
#16124=VECTOR('',#16127,1.0);
#16125=DIRECTION('',(0.06467893753574257,-0.9979061253641285,0));
#16126=DIRECTION('',(-0.5276753492104929,-0.8494461288602029,0));
#16127=DIRECTION('',(0.49210040706965985,0.8705384479515393,0));
#16128=FACE_SURFACE('',(#16133),#16129,.T.);
#16129=PLANE('',#16130);
#16130=AXIS2_PLACEMENT_3D('',#466,#16131,#16132);
#16131=DIRECTION('',(0.6594836256067017,-0.7517189285608282,0));
#16132=DIRECTION('',(0,0,1));
#16133=FACE_BOUND('',#16134,.T.);
#16134=EDGE_LOOP('',(#16135,#16136,#16137));
#16135=ORIENTED_EDGE('',*,*,#16138,.T.);
#16136=ORIENTED_EDGE('',*,*,#16139,.T.);
#16137=ORIENTED_EDGE('',*,*,#16140,.T.);
#16138=EDGE_CURVE('',#467,#775,#16141,.F.);
#16139=EDGE_CURVE('',#775,#761,#16142,.T.);
#16140=EDGE_CURVE('',#761,#467,#16143,.T.);
#16141=LINE('',#466,#16144);
#16142=LINE('',#774,#16145);
#16143=LINE('',#760,#16146);
#16144=VECTOR('',#16147,1.0);
#16145=VECTOR('',#16148,1.0);
#16146=VECTOR('',#16149,1.0);
#16147=DIRECTION('',(0,0,1));
#16148=DIRECTION('',(-0.7517189285608283,-0.6594836256067017,0));
#16149=DIRECTION('',(0.15929817498928608,0.13975241809540823,-0.9772887767090999));
#16150=FACE_SURFACE('',(#16155),#16151,.T.);
#16151=PLANE('',#16152);
#16152=AXIS2_PLACEMENT_3D('',#466,#16153,#16154);
#16153=DIRECTION('',(0.6594836256067017,-0.7517189285608282,0));
#16154=DIRECTION('',(-0.15929817498928608,-0.13975241809540823,0.9772887767090999));
#16155=FACE_BOUND('',#16156,.T.);
#16156=EDGE_LOOP('',(#16157,#16158,#16159));
#16157=ORIENTED_EDGE('',*,*,#16160,.T.);
#16158=ORIENTED_EDGE('',*,*,#16161,.T.);
#16159=ORIENTED_EDGE('',*,*,#16162,.T.);
#16160=EDGE_CURVE('',#467,#761,#16163,.F.);
#16161=EDGE_CURVE('',#761,#449,#16164,.T.);
#16162=EDGE_CURVE('',#449,#467,#16165,.T.);
#16163=LINE('',#466,#16166);
#16164=LINE('',#760,#16167);
#16165=LINE('',#448,#16168);
#16166=VECTOR('',#16169,1.0);
#16167=VECTOR('',#16170,1.0);
#16168=VECTOR('',#16171,1.0);
#16169=DIRECTION('',(-0.15929817498928608,-0.13975241809540823,0.9772887767090999));
#16170=DIRECTION('',(0,0,-1));
#16171=DIRECTION('',(0.7517189285608283,0.6594836256067017,0));
#16172=FACE_SURFACE('',(#16177),#16173,.T.);
#16173=PLANE('',#16174);
#16174=AXIS2_PLACEMENT_3D('',#46,#16175,#16176);
#16175=DIRECTION('',(0,0,-1));
#16176=DIRECTION('',(0.46661087601413526,0.8844627128292755,0));
#16177=FACE_BOUND('',#16178,.T.);
#16178=EDGE_LOOP('',(#16179,#16180,#16181));
#16179=ORIENTED_EDGE('',*,*,#16182,.T.);
#16180=ORIENTED_EDGE('',*,*,#16183,.T.);
#16181=ORIENTED_EDGE('',*,*,#16184,.T.);
#16182=EDGE_CURVE('',#47,#829,#16185,.F.);
#16183=EDGE_CURVE('',#829,#823,#16186,.T.);
#16184=EDGE_CURVE('',#823,#47,#16187,.T.);
#16185=LINE('',#46,#16188);
#16186=LINE('',#828,#16189);
#16187=LINE('',#822,#16190);
#16188=VECTOR('',#16191,1.0);
#16189=VECTOR('',#16192,1.0);
#16190=VECTOR('',#16193,1.0);
#16191=DIRECTION('',(0.46661087601413526,0.8844627128292755,0));
#16192=DIRECTION('',(-0.06467865316331728,-0.9979061437955873,0));
#16193=DIRECTION('',(-0.49210040706965985,-0.8705384479515393,0));
#16194=FACE_SURFACE('',(#16199),#16195,.T.);
#16195=PLANE('',#16196);
#16196=AXIS2_PLACEMENT_3D('',#656,#16197,#16198);
#16197=DIRECTION('',(0.9458652973625161,0.3245594540994282,-0));
#16198=DIRECTION('',(0,0,1));
#16199=FACE_BOUND('',#16200,.T.);
#16200=EDGE_LOOP('',(#16201,#16202,#16203));
#16201=ORIENTED_EDGE('',*,*,#16204,.T.);
#16202=ORIENTED_EDGE('',*,*,#16205,.T.);
#16203=ORIENTED_EDGE('',*,*,#16206,.T.);
#16204=EDGE_CURVE('',#657,#91,#16207,.F.);
#16205=EDGE_CURVE('',#91,#557,#16208,.T.);
#16206=EDGE_CURVE('',#557,#657,#16209,.T.);
#16207=LINE('',#656,#16210);
#16208=LINE('',#90,#16211);
#16209=LINE('',#556,#16212);
#16210=VECTOR('',#16213,1.0);
#16211=VECTOR('',#16214,1.0);
#16212=VECTOR('',#16215,1.0);
#16213=DIRECTION('',(0,0,1));
#16214=DIRECTION('',(0.3245594540994282,-0.9458652973625161,0));
#16215=DIRECTION('',(-0.06842631922902018,0.1994151763798325,-0.9775231077914058));
#16216=FACE_SURFACE('',(#16221),#16217,.T.);
#16217=PLANE('',#16218);
#16218=AXIS2_PLACEMENT_3D('',#656,#16219,#16220);
#16219=DIRECTION('',(0.9458652973625161,0.3245594540994282,0));
#16220=DIRECTION('',(0.06842631922902018,-0.1994151763798325,0.9775231077914058));
#16221=FACE_BOUND('',#16222,.T.);
#16222=EDGE_LOOP('',(#16223,#16224,#16225));
#16223=ORIENTED_EDGE('',*,*,#16226,.T.);
#16224=ORIENTED_EDGE('',*,*,#16227,.T.);
#16225=ORIENTED_EDGE('',*,*,#16228,.T.);
#16226=EDGE_CURVE('',#657,#557,#16229,.F.);
#16227=EDGE_CURVE('',#557,#659,#16230,.T.);
#16228=EDGE_CURVE('',#659,#657,#16231,.T.);
#16229=LINE('',#656,#16232);
#16230=LINE('',#556,#16233);
#16231=LINE('',#658,#16234);
#16232=VECTOR('',#16235,1.0);
#16233=VECTOR('',#16236,1.0);
#16234=VECTOR('',#16237,1.0);
#16235=DIRECTION('',(0.06842631922902018,-0.1994151763798325,0.9775231077914058));
#16236=DIRECTION('',(0,0,-1));
#16237=DIRECTION('',(-0.3245594540994282,0.9458652973625161,0));
#16238=FACE_SURFACE('',(#16243),#16239,.T.);
#16239=PLANE('',#16240);
#16240=AXIS2_PLACEMENT_3D('',#828,#16241,#16242);
#16241=DIRECTION('',(-0,0,-1));
#16242=DIRECTION('',(-0.46661087601413526,-0.8844627128292755,0));
#16243=FACE_BOUND('',#16244,.T.);
#16244=EDGE_LOOP('',(#16245,#16246,#16247));
#16245=ORIENTED_EDGE('',*,*,#16248,.T.);
#16246=ORIENTED_EDGE('',*,*,#16249,.T.);
#16247=ORIENTED_EDGE('',*,*,#16250,.T.);
#16248=EDGE_CURVE('',#829,#47,#16251,.F.);
#16249=EDGE_CURVE('',#47,#201,#16252,.T.);
#16250=EDGE_CURVE('',#201,#829,#16253,.T.);
#16251=LINE('',#828,#16254);
#16252=LINE('',#46,#16255);
#16253=LINE('',#200,#16256);
#16254=VECTOR('',#16257,1.0);
#16255=VECTOR('',#16258,1.0);
#16256=VECTOR('',#16259,1.0);
#16257=DIRECTION('',(-0.46661087601413526,-0.8844627128292755,0));
#16258=DIRECTION('',(0.45069041423400685,0.8926803182089204,0));
#16259=DIRECTION('',(-0.19433970185562485,-0.9809342894825661,0));
#16260=FACE_SURFACE('',(#16265),#16261,.T.);
#16261=PLANE('',#16262);
#16262=AXIS2_PLACEMENT_3D('',#472,#16263,#16264);
#16263=DIRECTION('',(0.5568398976462725,-0.8306198458917826,0));
#16264=DIRECTION('',(0,0,1));
#16265=FACE_BOUND('',#16266,.T.);
#16266=EDGE_LOOP('',(#16267,#16268,#16269));
#16267=ORIENTED_EDGE('',*,*,#16270,.T.);
#16268=ORIENTED_EDGE('',*,*,#16271,.T.);
#16269=ORIENTED_EDGE('',*,*,#16272,.T.);
#16270=EDGE_CURVE('',#473,#773,#16273,.F.);
#16271=EDGE_CURVE('',#773,#775,#16274,.T.);
#16272=EDGE_CURVE('',#775,#473,#16275,.T.);
#16273=LINE('',#472,#16276);
#16274=LINE('',#772,#16277);
#16275=LINE('',#774,#16278);
#16276=VECTOR('',#16279,1.0);
#16277=VECTOR('',#16280,1.0);
#16278=VECTOR('',#16281,1.0);
#16279=DIRECTION('',(0,0,1));
#16280=DIRECTION('',(-0.8306198458917827,-0.5568398976462725,0));
#16281=DIRECTION('',(0.17498282747327448,0.11730687657175021,-0.9775582370367703));
#16282=FACE_SURFACE('',(#16287),#16283,.T.);
#16283=PLANE('',#16284);
#16284=AXIS2_PLACEMENT_3D('',#472,#16285,#16286);
#16285=DIRECTION('',(0.5568398976462725,-0.8306198458917826,0));
#16286=DIRECTION('',(-0.17498282747327448,-0.11730687657175021,0.9775582370367703));
#16287=FACE_BOUND('',#16288,.T.);
#16288=EDGE_LOOP('',(#16289,#16290,#16291));
#16289=ORIENTED_EDGE('',*,*,#16292,.T.);
#16290=ORIENTED_EDGE('',*,*,#16293,.T.);
#16291=ORIENTED_EDGE('',*,*,#16294,.T.);
#16292=EDGE_CURVE('',#473,#775,#16295,.F.);
#16293=EDGE_CURVE('',#775,#467,#16296,.T.);
#16294=EDGE_CURVE('',#467,#473,#16297,.T.);
#16295=LINE('',#472,#16298);
#16296=LINE('',#774,#16299);
#16297=LINE('',#466,#16300);
#16298=VECTOR('',#16301,1.0);
#16299=VECTOR('',#16302,1.0);
#16300=VECTOR('',#16303,1.0);
#16301=DIRECTION('',(-0.17498282747327448,-0.11730687657175021,0.9775582370367703));
#16302=DIRECTION('',(0,0,-1));
#16303=DIRECTION('',(0.8306198458917827,0.5568398976462725,0));
#16304=FACE_SURFACE('',(#16309),#16305,.T.);
#16305=PLANE('',#16306);
#16306=AXIS2_PLACEMENT_3D('',#666,#16307,#16308);
#16307=DIRECTION('',(0.9809351306867745,0.19433545580907408,-0));
#16308=DIRECTION('',(0,0,1));
#16309=FACE_BOUND('',#16310,.T.);
#16310=EDGE_LOOP('',(#16311,#16312,#16313));
#16311=ORIENTED_EDGE('',*,*,#16314,.T.);
#16312=ORIENTED_EDGE('',*,*,#16315,.T.);
#16313=ORIENTED_EDGE('',*,*,#16316,.T.);
#16314=EDGE_CURVE('',#667,#93,#16317,.F.);
#16315=EDGE_CURVE('',#93,#91,#16318,.T.);
#16316=EDGE_CURVE('',#91,#667,#16319,.T.);
#16317=LINE('',#666,#16320);
#16318=LINE('',#92,#16321);
#16319=LINE('',#90,#16322);
#16320=VECTOR('',#16323,1.0);
#16321=VECTOR('',#16324,1.0);
#16322=VECTOR('',#16325,1.0);
#16323=DIRECTION('',(0,0,1));
#16324=DIRECTION('',(0.19433545580907408,-0.9809351306867745,0));
#16325=DIRECTION('',(-0.04105203002372371,0.20721580767969422,-0.9774335475512305));
#16326=FACE_SURFACE('',(#16331),#16327,.T.);
#16327=PLANE('',#16328);
#16328=AXIS2_PLACEMENT_3D('',#666,#16329,#16330);
#16329=DIRECTION('',(0.9809351306867745,0.19433545580907408,0));
#16330=DIRECTION('',(0.04105203002372371,-0.20721580767969422,0.9774335475512305));
#16331=FACE_BOUND('',#16332,.T.);
#16332=EDGE_LOOP('',(#16333,#16334,#16335));
#16333=ORIENTED_EDGE('',*,*,#16336,.T.);
#16334=ORIENTED_EDGE('',*,*,#16337,.T.);
#16335=ORIENTED_EDGE('',*,*,#16338,.T.);
#16336=EDGE_CURVE('',#667,#91,#16339,.F.);
#16337=EDGE_CURVE('',#91,#657,#16340,.T.);
#16338=EDGE_CURVE('',#657,#667,#16341,.T.);
#16339=LINE('',#666,#16342);
#16340=LINE('',#90,#16343);
#16341=LINE('',#656,#16344);
#16342=VECTOR('',#16345,1.0);
#16343=VECTOR('',#16346,1.0);
#16344=VECTOR('',#16347,1.0);
#16345=DIRECTION('',(0.04105203002372371,-0.20721580767969422,0.9774335475512305));
#16346=DIRECTION('',(0,0,-1));
#16347=DIRECTION('',(-0.19433545580907408,0.9809351306867745,0));
#16348=FACE_SURFACE('',(#16353),#16349,.T.);
#16349=PLANE('',#16350);
#16350=AXIS2_PLACEMENT_3D('',#474,#16351,#16352);
#16351=DIRECTION('',(0.4435141024671238,-0.8962673936458815,0));
#16352=DIRECTION('',(0,0,1));
#16353=FACE_BOUND('',#16354,.T.);
#16354=EDGE_LOOP('',(#16355,#16356,#16357));
#16355=ORIENTED_EDGE('',*,*,#16358,.T.);
#16356=ORIENTED_EDGE('',*,*,#16359,.T.);
#16357=ORIENTED_EDGE('',*,*,#16360,.T.);
#16358=EDGE_CURVE('',#475,#461,#16361,.F.);
#16359=EDGE_CURVE('',#461,#773,#16362,.T.);
#16360=EDGE_CURVE('',#773,#475,#16363,.T.);
#16361=LINE('',#474,#16364);
#16362=LINE('',#460,#16365);
#16363=LINE('',#772,#16366);
#16364=VECTOR('',#16367,1.0);
#16365=VECTOR('',#16368,1.0);
#16366=VECTOR('',#16369,1.0);
#16367=DIRECTION('',(0,0,1));
#16368=DIRECTION('',(-0.8962673936458815,-0.4435141024671238,0));
#16369=DIRECTION('',(0.1896092871755246,0.09382734819683725,-0.9773662296944473));
#16370=FACE_SURFACE('',(#16375),#16371,.T.);
#16371=PLANE('',#16372);
#16372=AXIS2_PLACEMENT_3D('',#474,#16373,#16374);
#16373=DIRECTION('',(0.4435141024671238,-0.8962673936458815,0));
#16374=DIRECTION('',(-0.1896092871755246,-0.09382734819683725,0.9773662296944473));
#16375=FACE_BOUND('',#16376,.T.);
#16376=EDGE_LOOP('',(#16377,#16378,#16379));
#16377=ORIENTED_EDGE('',*,*,#16380,.T.);
#16378=ORIENTED_EDGE('',*,*,#16381,.T.);
#16379=ORIENTED_EDGE('',*,*,#16382,.T.);
#16380=EDGE_CURVE('',#475,#773,#16383,.F.);
#16381=EDGE_CURVE('',#773,#473,#16384,.T.);
#16382=EDGE_CURVE('',#473,#475,#16385,.T.);
#16383=LINE('',#474,#16386);
#16384=LINE('',#772,#16387);
#16385=LINE('',#472,#16388);
#16386=VECTOR('',#16389,1.0);
#16387=VECTOR('',#16390,1.0);
#16388=VECTOR('',#16391,1.0);
#16389=DIRECTION('',(-0.1896092871755246,-0.09382734819683725,0.9773662296944473));
#16390=DIRECTION('',(0,0,-1));
#16391=DIRECTION('',(0.8962673936458815,0.4435141024671238,0));
#16392=FACE_SURFACE('',(#16397),#16393,.T.);
#16393=PLANE('',#16394);
#16394=AXIS2_PLACEMENT_3D('',#92,#16395,#16396);
#16395=DIRECTION('',(0.9979061253641285,0.06467893753574257,0));
#16396=DIRECTION('',(0,0,-1));
#16397=FACE_BOUND('',#16398,.T.);
#16398=EDGE_LOOP('',(#16399,#16400,#16401));
#16399=ORIENTED_EDGE('',*,*,#16402,.T.);
#16400=ORIENTED_EDGE('',*,*,#16403,.T.);
#16401=ORIENTED_EDGE('',*,*,#16404,.T.);
#16402=EDGE_CURVE('',#93,#667,#16405,.F.);
#16403=EDGE_CURVE('',#667,#681,#16406,.T.);
#16404=EDGE_CURVE('',#681,#93,#16407,.T.);
#16405=LINE('',#92,#16408);
#16406=LINE('',#666,#16409);
#16407=LINE('',#680,#16410);
#16408=VECTOR('',#16411,1.0);
#16409=VECTOR('',#16412,1.0);
#16410=VECTOR('',#16413,1.0);
#16411=DIRECTION('',(0,0,-1));
#16412=DIRECTION('',(-0.06467893753574257,0.9979061253641285,0));
#16413=DIRECTION('',(0.01368306955644896,-0.21111074863618787,0.9773663721541588));
#16414=FACE_SURFACE('',(#16419),#16415,.T.);
#16415=PLANE('',#16416);
#16416=AXIS2_PLACEMENT_3D('',#92,#16417,#16418);
#16417=DIRECTION('',(0.9979061253641285,0.06467893753574257,0));
#16418=DIRECTION('',(-0.01368306955644896,0.21111074863618787,-0.9773663721541588));
#16419=FACE_BOUND('',#16420,.T.);
#16420=EDGE_LOOP('',(#16421,#16422,#16423));
#16421=ORIENTED_EDGE('',*,*,#16424,.T.);
#16422=ORIENTED_EDGE('',*,*,#16425,.T.);
#16423=ORIENTED_EDGE('',*,*,#16426,.T.);
#16424=EDGE_CURVE('',#93,#681,#16427,.F.);
#16425=EDGE_CURVE('',#681,#109,#16428,.T.);
#16426=EDGE_CURVE('',#109,#93,#16429,.T.);
#16427=LINE('',#92,#16430);
#16428=LINE('',#680,#16431);
#16429=LINE('',#108,#16432);
#16430=VECTOR('',#16433,1.0);
#16431=VECTOR('',#16434,1.0);
#16432=VECTOR('',#16435,1.0);
#16433=DIRECTION('',(-0.01368306955644896,0.21111074863618787,-0.9773663721541588));
#16434=DIRECTION('',(0,0,1));
#16435=DIRECTION('',(0.06467893753574257,-0.9979061253641285,0));
#16436=FACE_SURFACE('',(#16441),#16437,.T.);
#16437=PLANE('',#16438);
#16438=AXIS2_PLACEMENT_3D('',#482,#16439,#16440);
#16439=DIRECTION('',(0.31899947043579735,-0.9477548933462073,0));
#16440=DIRECTION('',(0,0,1));
#16441=FACE_BOUND('',#16442,.T.);
#16442=EDGE_LOOP('',(#16443,#16444,#16445));
#16443=ORIENTED_EDGE('',*,*,#16446,.T.);
#16444=ORIENTED_EDGE('',*,*,#16447,.T.);
#16445=ORIENTED_EDGE('',*,*,#16448,.T.);
#16446=EDGE_CURVE('',#483,#459,#16449,.F.);
#16447=EDGE_CURVE('',#459,#461,#16450,.T.);
#16448=EDGE_CURVE('',#461,#483,#16451,.T.);
#16449=LINE('',#482,#16452);
#16450=LINE('',#458,#16453);
#16451=LINE('',#460,#16454);
#16452=VECTOR('',#16455,1.0);
#16453=VECTOR('',#16456,1.0);
#16454=VECTOR('',#16457,1.0);
#16455=DIRECTION('',(0,0,1));
#16456=DIRECTION('',(-0.9477548933462073,-0.31899947043579735,0));
#16457=DIRECTION('',(0.20036633749043076,0.0674401746710469,-0.9773971319995827));
#16458=FACE_SURFACE('',(#16463),#16459,.T.);
#16459=PLANE('',#16460);
#16460=AXIS2_PLACEMENT_3D('',#482,#16461,#16462);
#16461=DIRECTION('',(0.31899947043579735,-0.9477548933462073,0));
#16462=DIRECTION('',(-0.20036633749043076,-0.0674401746710469,0.9773971319995827));
#16463=FACE_BOUND('',#16464,.T.);
#16464=EDGE_LOOP('',(#16465,#16466,#16467));
#16465=ORIENTED_EDGE('',*,*,#16468,.T.);
#16466=ORIENTED_EDGE('',*,*,#16469,.T.);
#16467=ORIENTED_EDGE('',*,*,#16470,.T.);
#16468=EDGE_CURVE('',#483,#461,#16471,.F.);
#16469=EDGE_CURVE('',#461,#475,#16472,.T.);
#16470=EDGE_CURVE('',#475,#483,#16473,.T.);
#16471=LINE('',#482,#16474);
#16472=LINE('',#460,#16475);
#16473=LINE('',#474,#16476);
#16474=VECTOR('',#16477,1.0);
#16475=VECTOR('',#16478,1.0);
#16476=VECTOR('',#16479,1.0);
#16477=DIRECTION('',(-0.20036633749043076,-0.0674401746710469,0.9773971319995827));
#16478=DIRECTION('',(0,0,-1));
#16479=DIRECTION('',(0.9477548933462073,0.31899947043579735,0));
#16480=FACE_SURFACE('',(#16485),#16481,.T.);
#16481=PLANE('',#16482);
#16482=AXIS2_PLACEMENT_3D('',#682,#16483,#16484);
#16483=DIRECTION('',(0.9979061437955873,-0.06467865316331728,0));
#16484=DIRECTION('',(0,0,1));
#16485=FACE_BOUND('',#16486,.T.);
#16486=EDGE_LOOP('',(#16487,#16488,#16489));
#16487=ORIENTED_EDGE('',*,*,#16490,.T.);
#16488=ORIENTED_EDGE('',*,*,#16491,.T.);
#16489=ORIENTED_EDGE('',*,*,#16492,.T.);
#16490=EDGE_CURVE('',#683,#111,#16493,.F.);
#16491=EDGE_CURVE('',#111,#109,#16494,.T.);
#16492=EDGE_CURVE('',#109,#683,#16495,.T.);
#16493=LINE('',#682,#16496);
#16494=LINE('',#110,#16497);
#16495=LINE('',#108,#16498);
#16496=VECTOR('',#16499,1.0);
#16497=VECTOR('',#16500,1.0);
#16498=VECTOR('',#16501,1.0);
#16499=DIRECTION('',(0,0,1));
#16500=DIRECTION('',(-0.06467865316331728,-0.9979061437955873,0));
#16501=DIRECTION('',(0.013683066863970797,0.21111163918401482,-0.9773661798334514));
#16502=FACE_SURFACE('',(#16507),#16503,.T.);
#16503=PLANE('',#16504);
#16504=AXIS2_PLACEMENT_3D('',#682,#16505,#16506);
#16505=DIRECTION('',(0.9979061437955873,-0.06467865316331728,0));
#16506=DIRECTION('',(-0.013683066863970797,-0.21111163918401482,0.9773661798334514));
#16507=FACE_BOUND('',#16508,.T.);
#16508=EDGE_LOOP('',(#16509,#16510,#16511));
#16509=ORIENTED_EDGE('',*,*,#16512,.T.);
#16510=ORIENTED_EDGE('',*,*,#16513,.T.);
#16511=ORIENTED_EDGE('',*,*,#16514,.T.);
#16512=EDGE_CURVE('',#683,#109,#16515,.F.);
#16513=EDGE_CURVE('',#109,#681,#16516,.T.);
#16514=EDGE_CURVE('',#681,#683,#16517,.T.);
#16515=LINE('',#682,#16518);
#16516=LINE('',#108,#16519);
#16517=LINE('',#680,#16520);
#16518=VECTOR('',#16521,1.0);
#16519=VECTOR('',#16522,1.0);
#16520=VECTOR('',#16523,1.0);
#16521=DIRECTION('',(-0.013683066863970797,-0.21111163918401482,0.9773661798334514));
#16522=DIRECTION('',(0,0,-1));
#16523=DIRECTION('',(0.06467865316331728,0.9979061437955873,0));
#16524=FACE_SURFACE('',(#16529),#16525,.T.);
#16525=PLANE('',#16526);
#16526=AXIS2_PLACEMENT_3D('',#148,#16527,#16528);
#16527=DIRECTION('',(0.1943375788337149,-0.9809347100867875,0));
#16528=DIRECTION('',(0,0,1));
#16529=FACE_BOUND('',#16530,.T.);
#16530=EDGE_LOOP('',(#16531,#16532,#16533));
#16531=ORIENTED_EDGE('',*,*,#16534,.T.);
#16532=ORIENTED_EDGE('',*,*,#16535,.T.);
#16533=ORIENTED_EDGE('',*,*,#16536,.T.);
#16534=EDGE_CURVE('',#149,#219,#16537,.F.);
#16535=EDGE_CURVE('',#219,#459,#16538,.T.);
#16536=EDGE_CURVE('',#459,#149,#16539,.T.);
#16537=LINE('',#148,#16540);
#16538=LINE('',#218,#16541);
#16539=LINE('',#458,#16542);
#16540=VECTOR('',#16543,1.0);
#16541=VECTOR('',#16544,1.0);
#16542=VECTOR('',#16545,1.0);
#16543=DIRECTION('',(0,0,1));
#16544=DIRECTION('',(-0.9809347100867873,-0.1943375788337149,0));
#16545=DIRECTION('',(0.20721580371493054,0.041052495314880914,-0.9774335288495055));
#16546=FACE_SURFACE('',(#16551),#16547,.T.);
#16547=PLANE('',#16548);
#16548=AXIS2_PLACEMENT_3D('',#148,#16549,#16550);
#16549=DIRECTION('',(0.1943375788337149,-0.9809347100867875,0));
#16550=DIRECTION('',(-0.20721580371493054,-0.041052495314880914,0.9774335288495055));
#16551=FACE_BOUND('',#16552,.T.);
#16552=EDGE_LOOP('',(#16553,#16554,#16555));
#16553=ORIENTED_EDGE('',*,*,#16556,.T.);
#16554=ORIENTED_EDGE('',*,*,#16557,.T.);
#16555=ORIENTED_EDGE('',*,*,#16558,.T.);
#16556=EDGE_CURVE('',#149,#459,#16559,.F.);
#16557=EDGE_CURVE('',#459,#483,#16560,.T.);
#16558=EDGE_CURVE('',#483,#149,#16561,.T.);
#16559=LINE('',#148,#16562);
#16560=LINE('',#458,#16563);
#16561=LINE('',#482,#16564);
#16562=VECTOR('',#16565,1.0);
#16563=VECTOR('',#16566,1.0);
#16564=VECTOR('',#16567,1.0);
#16565=DIRECTION('',(-0.20721580371493054,-0.041052495314880914,0.9774335288495055));
#16566=DIRECTION('',(0,0,-1));
#16567=DIRECTION('',(0.9809347100867873,0.1943375788337149,0));
#16568=FACE_SURFACE('',(#16573),#16569,.T.);
#16569=PLANE('',#16570);
#16570=AXIS2_PLACEMENT_3D('',#838,#16571,#16572);
#16571=DIRECTION('',(0.9809351306867745,-0.19433545580907408,0));
#16572=DIRECTION('',(0,0,1));
#16573=FACE_BOUND('',#16574,.T.);
#16574=EDGE_LOOP('',(#16575,#16576,#16577));
#16575=ORIENTED_EDGE('',*,*,#16578,.T.);
#16576=ORIENTED_EDGE('',*,*,#16579,.T.);
#16577=ORIENTED_EDGE('',*,*,#16580,.T.);
#16578=EDGE_CURVE('',#839,#121,#16581,.F.);
#16579=EDGE_CURVE('',#121,#111,#16582,.T.);
#16580=EDGE_CURVE('',#111,#839,#16583,.T.);
#16581=LINE('',#838,#16584);
#16582=LINE('',#120,#16585);
#16583=LINE('',#110,#16586);
#16584=VECTOR('',#16587,1.0);
#16585=VECTOR('',#16588,1.0);
#16586=VECTOR('',#16589,1.0);
#16587=DIRECTION('',(0,0,1));
#16588=DIRECTION('',(-0.19433545580907408,-0.9809351306867745,0));
#16589=DIRECTION('',(0.04105203002372371,0.20721580767969422,-0.9774335475512305));
#16590=FACE_SURFACE('',(#16595),#16591,.T.);
#16591=PLANE('',#16592);
#16592=AXIS2_PLACEMENT_3D('',#838,#16593,#16594);
#16593=DIRECTION('',(0.9809351306867745,-0.19433545580907408,0));
#16594=DIRECTION('',(-0.04105203002372371,-0.20721580767969422,0.9774335475512305));
#16595=FACE_BOUND('',#16596,.T.);
#16596=EDGE_LOOP('',(#16597,#16598,#16599));
#16597=ORIENTED_EDGE('',*,*,#16600,.T.);
#16598=ORIENTED_EDGE('',*,*,#16601,.T.);
#16599=ORIENTED_EDGE('',*,*,#16602,.T.);
#16600=EDGE_CURVE('',#839,#111,#16603,.F.);
#16601=EDGE_CURVE('',#111,#683,#16604,.T.);
#16602=EDGE_CURVE('',#683,#839,#16605,.T.);
#16603=LINE('',#838,#16606);
#16604=LINE('',#110,#16607);
#16605=LINE('',#682,#16608);
#16606=VECTOR('',#16609,1.0);
#16607=VECTOR('',#16610,1.0);
#16608=VECTOR('',#16611,1.0);
#16609=DIRECTION('',(-0.04105203002372371,-0.20721580767969422,0.9774335475512305));
#16610=DIRECTION('',(0,0,-1));
#16611=DIRECTION('',(0.19433545580907408,0.9809351306867745,0));
#16612=FACE_SURFACE('',(#16617),#16613,.T.);
#16613=PLANE('',#16614);
#16614=AXIS2_PLACEMENT_3D('',#218,#16615,#16616);
#16615=DIRECTION('',(0.0649783377918251,-0.9978866747370723,0));
#16616=DIRECTION('',(0,0,-1));
#16617=FACE_BOUND('',#16618,.T.);
#16618=EDGE_LOOP('',(#16619,#16620,#16621));
#16619=ORIENTED_EDGE('',*,*,#16622,.T.);
#16620=ORIENTED_EDGE('',*,*,#16623,.T.);
#16621=ORIENTED_EDGE('',*,*,#16624,.T.);
#16622=EDGE_CURVE('',#219,#149,#16625,.F.);
#16623=EDGE_CURVE('',#149,#147,#16626,.T.);
#16624=EDGE_CURVE('',#147,#219,#16627,.T.);
#16625=LINE('',#218,#16628);
#16626=LINE('',#148,#16629);
#16627=LINE('',#146,#16630);
#16628=VECTOR('',#16631,1.0);
#16629=VECTOR('',#16632,1.0);
#16630=VECTOR('',#16633,1.0);
#16631=DIRECTION('',(0,0,-1));
#16632=DIRECTION('',(0.9978866747370723,0.06497833779182512,0));
#16633=DIRECTION('',(-0.21017716588961116,-0.013685885609106881,0.9775675196495152));
#16634=FACE_SURFACE('',(#16639),#16635,.T.);
#16635=PLANE('',#16636);
#16636=AXIS2_PLACEMENT_3D('',#218,#16637,#16638);
#16637=DIRECTION('',(0.0649783377918251,-0.9978866747370723,0));
#16638=DIRECTION('',(0.21017716588961116,0.013685885609106881,-0.9775675196495152));
#16639=FACE_BOUND('',#16640,.T.);
#16640=EDGE_LOOP('',(#16641,#16642,#16643));
#16641=ORIENTED_EDGE('',*,*,#16644,.T.);
#16642=ORIENTED_EDGE('',*,*,#16645,.T.);
#16643=ORIENTED_EDGE('',*,*,#16646,.T.);
#16644=EDGE_CURVE('',#219,#147,#16647,.F.);
#16645=EDGE_CURVE('',#147,#217,#16648,.T.);
#16646=EDGE_CURVE('',#217,#219,#16649,.T.);
#16647=LINE('',#218,#16650);
#16648=LINE('',#146,#16651);
#16649=LINE('',#216,#16652);
#16650=VECTOR('',#16653,1.0);
#16651=VECTOR('',#16654,1.0);
#16652=VECTOR('',#16655,1.0);
#16653=DIRECTION('',(0.21017716588961116,0.013685885609106881,-0.9775675196495152));
#16654=DIRECTION('',(0,0,1));
#16655=DIRECTION('',(-0.9978866747370723,-0.06497833779182512,0));
#16656=FACE_SURFACE('',(#16661),#16657,.T.);
#16657=PLANE('',#16658);
#16658=AXIS2_PLACEMENT_3D('',#688,#16659,#16660);
#16659=DIRECTION('',(0.9458650644686237,-0.32456013282251134,0));
#16660=DIRECTION('',(0,0,1));
#16661=FACE_BOUND('',#16662,.T.);
#16662=EDGE_LOOP('',(#16663,#16664,#16665));
#16663=ORIENTED_EDGE('',*,*,#16666,.T.);
#16664=ORIENTED_EDGE('',*,*,#16667,.T.);
#16665=ORIENTED_EDGE('',*,*,#16668,.T.);
#16666=EDGE_CURVE('',#689,#123,#16669,.F.);
#16667=EDGE_CURVE('',#123,#121,#16670,.T.);
#16668=EDGE_CURVE('',#121,#689,#16671,.T.);
#16669=LINE('',#688,#16672);
#16670=LINE('',#122,#16673);
#16671=LINE('',#120,#16674);
#16672=VECTOR('',#16675,1.0);
#16673=VECTOR('',#16676,1.0);
#16674=VECTOR('',#16677,1.0);
#16675=DIRECTION('',(0,0,1));
#16676=DIRECTION('',(-0.32456013282251134,-0.9458650644686237,0));
#16677=DIRECTION('',(0.06842632558932694,0.19941472879632333,-0.9775231986533273));
#16678=FACE_SURFACE('',(#16683),#16679,.T.);
#16679=PLANE('',#16680);
#16680=AXIS2_PLACEMENT_3D('',#688,#16681,#16682);
#16681=DIRECTION('',(0.9458650644686237,-0.32456013282251134,0));
#16682=DIRECTION('',(-0.06842632558932694,-0.19941472879632333,0.9775231986533273));
#16683=FACE_BOUND('',#16684,.T.);
#16684=EDGE_LOOP('',(#16685,#16686,#16687));
#16685=ORIENTED_EDGE('',*,*,#16688,.T.);
#16686=ORIENTED_EDGE('',*,*,#16689,.T.);
#16687=ORIENTED_EDGE('',*,*,#16690,.T.);
#16688=EDGE_CURVE('',#689,#121,#16691,.F.);
#16689=EDGE_CURVE('',#121,#839,#16692,.T.);
#16690=EDGE_CURVE('',#839,#689,#16693,.T.);
#16691=LINE('',#688,#16694);
#16692=LINE('',#120,#16695);
#16693=LINE('',#838,#16696);
#16694=VECTOR('',#16697,1.0);
#16695=VECTOR('',#16698,1.0);
#16696=VECTOR('',#16699,1.0);
#16697=DIRECTION('',(-0.06842632558932694,-0.19941472879632333,0.9775231986533273));
#16698=DIRECTION('',(0,0,-1));
#16699=DIRECTION('',(0.32456013282251134,0.9458650644686237,0));
#16700=FACE_SURFACE('',(#16705),#16701,.T.);
#16701=PLANE('',#16702);
#16702=AXIS2_PLACEMENT_3D('',#144,#16703,#16704);
#16703=DIRECTION('',(-0.06467893753574257,-0.9979061253641285,0));
#16704=DIRECTION('',(0,0,1));
#16705=FACE_BOUND('',#16706,.T.);
#16706=EDGE_LOOP('',(#16707,#16708,#16709));
#16707=ORIENTED_EDGE('',*,*,#16710,.T.);
#16708=ORIENTED_EDGE('',*,*,#16711,.T.);
#16709=ORIENTED_EDGE('',*,*,#16712,.T.);
#16710=EDGE_CURVE('',#145,#457,#16713,.F.);
#16711=EDGE_CURVE('',#457,#217,#16714,.T.);
#16712=EDGE_CURVE('',#217,#145,#16715,.T.);
#16713=LINE('',#144,#16716);
#16714=LINE('',#456,#16717);
#16715=LINE('',#216,#16718);
#16716=VECTOR('',#16719,1.0);
#16717=VECTOR('',#16720,1.0);
#16718=VECTOR('',#16721,1.0);
#16719=DIRECTION('',(0,0,1));
#16720=DIRECTION('',(-0.9979061253641285,0.06467893753574257,0));
#16721=DIRECTION('',(0.21111074863618787,-0.01368306955644896,-0.9773663721541588));
#16722=FACE_SURFACE('',(#16727),#16723,.T.);
#16723=PLANE('',#16724);
#16724=AXIS2_PLACEMENT_3D('',#144,#16725,#16726);
#16725=DIRECTION('',(-0.06467893753574257,-0.9979061253641285,0));
#16726=DIRECTION('',(-0.21111074863618787,0.01368306955644896,0.9773663721541588));
#16727=FACE_BOUND('',#16728,.T.);
#16728=EDGE_LOOP('',(#16729,#16730,#16731));
#16729=ORIENTED_EDGE('',*,*,#16732,.T.);
#16730=ORIENTED_EDGE('',*,*,#16733,.T.);
#16731=ORIENTED_EDGE('',*,*,#16734,.T.);
#16732=EDGE_CURVE('',#145,#217,#16735,.F.);
#16733=EDGE_CURVE('',#217,#147,#16736,.T.);
#16734=EDGE_CURVE('',#147,#145,#16737,.T.);
#16735=LINE('',#144,#16738);
#16736=LINE('',#216,#16739);
#16737=LINE('',#146,#16740);
#16738=VECTOR('',#16741,1.0);
#16739=VECTOR('',#16742,1.0);
#16740=VECTOR('',#16743,1.0);
#16741=DIRECTION('',(-0.21111074863618787,0.01368306955644896,0.9773663721541588));
#16742=DIRECTION('',(0,0,-1));
#16743=DIRECTION('',(0.9979061253641285,-0.06467893753574257,0));
#16744=FACE_SURFACE('',(#16749),#16745,.T.);
#16745=PLANE('',#16746);
#16746=AXIS2_PLACEMENT_3D('',#698,#16747,#16748);
#16747=DIRECTION('',(0.8980975855180976,-0.4397962333701407,0));
#16748=DIRECTION('',(0,0,1));
#16749=FACE_BOUND('',#16750,.T.);
#16750=EDGE_LOOP('',(#16751,#16752,#16753));
#16751=ORIENTED_EDGE('',*,*,#16754,.T.);
#16752=ORIENTED_EDGE('',*,*,#16755,.T.);
#16753=ORIENTED_EDGE('',*,*,#16756,.T.);
#16754=EDGE_CURVE('',#699,#191,#16757,.F.);
#16755=EDGE_CURVE('',#191,#123,#16758,.T.);
#16756=EDGE_CURVE('',#123,#699,#16759,.T.);
#16757=LINE('',#698,#16760);
#16758=LINE('',#190,#16761);
#16759=LINE('',#122,#16762);
#16760=VECTOR('',#16763,1.0);
#16761=VECTOR('',#16764,1.0);
#16762=VECTOR('',#16765,1.0);
#16763=DIRECTION('',(0,0,1));
#16764=DIRECTION('',(-0.43979623337014073,-0.8980975855180977,0));
#16765=DIRECTION('',(0.09285945604196108,0.18962611986178796,-0.9774553985168603));
#16766=FACE_SURFACE('',(#16771),#16767,.T.);
#16767=PLANE('',#16768);
#16768=AXIS2_PLACEMENT_3D('',#698,#16769,#16770);
#16769=DIRECTION('',(0.8980975855180976,-0.4397962333701407,0));
#16770=DIRECTION('',(-0.09285945604196108,-0.18962611986178796,0.9774553985168603));
#16771=FACE_BOUND('',#16772,.T.);
#16772=EDGE_LOOP('',(#16773,#16774,#16775));
#16773=ORIENTED_EDGE('',*,*,#16776,.T.);
#16774=ORIENTED_EDGE('',*,*,#16777,.T.);
#16775=ORIENTED_EDGE('',*,*,#16778,.T.);
#16776=EDGE_CURVE('',#699,#123,#16779,.F.);
#16777=EDGE_CURVE('',#123,#689,#16780,.T.);
#16778=EDGE_CURVE('',#689,#699,#16781,.T.);
#16779=LINE('',#698,#16782);
#16780=LINE('',#122,#16783);
#16781=LINE('',#688,#16784);
#16782=VECTOR('',#16785,1.0);
#16783=VECTOR('',#16786,1.0);
#16784=VECTOR('',#16787,1.0);
#16785=DIRECTION('',(-0.09285945604196108,-0.18962611986178796,0.9774553985168603));
#16786=DIRECTION('',(0,0,-1));
#16787=DIRECTION('',(0.43979623337014073,0.8980975855180977,0));
#16788=FACE_SURFACE('',(#16793),#16789,.T.);
#16789=PLANE('',#16790);
#16790=AXIS2_PLACEMENT_3D('',#140,#16791,#16792);
#16791=DIRECTION('',(-0.1943375788337149,-0.9809347100867875,0));
#16792=DIRECTION('',(0,0,1));
#16793=FACE_BOUND('',#16794,.T.);
#16794=EDGE_LOOP('',(#16795,#16796,#16797));
#16795=ORIENTED_EDGE('',*,*,#16798,.T.);
#16796=ORIENTED_EDGE('',*,*,#16799,.T.);
#16797=ORIENTED_EDGE('',*,*,#16800,.T.);
#16798=EDGE_CURVE('',#141,#769,#16801,.F.);
#16799=EDGE_CURVE('',#769,#457,#16802,.T.);
#16800=EDGE_CURVE('',#457,#141,#16803,.T.);
#16801=LINE('',#140,#16804);
#16802=LINE('',#768,#16805);
#16803=LINE('',#456,#16806);
#16804=VECTOR('',#16807,1.0);
#16805=VECTOR('',#16808,1.0);
#16806=VECTOR('',#16809,1.0);
#16807=DIRECTION('',(0,0,1));
#16808=DIRECTION('',(-0.9809347100867873,0.1943375788337149,0));
#16809=DIRECTION('',(0.20721580371493054,-0.041052495314880914,-0.9774335288495055));
#16810=FACE_SURFACE('',(#16815),#16811,.T.);
#16811=PLANE('',#16812);
#16812=AXIS2_PLACEMENT_3D('',#140,#16813,#16814);
#16813=DIRECTION('',(-0.1943375788337149,-0.9809347100867875,0));
#16814=DIRECTION('',(-0.20721580371493054,0.041052495314880914,0.9774335288495055));
#16815=FACE_BOUND('',#16816,.T.);
#16816=EDGE_LOOP('',(#16817,#16818,#16819));
#16817=ORIENTED_EDGE('',*,*,#16820,.T.);
#16818=ORIENTED_EDGE('',*,*,#16821,.T.);
#16819=ORIENTED_EDGE('',*,*,#16822,.T.);
#16820=EDGE_CURVE('',#141,#457,#16823,.F.);
#16821=EDGE_CURVE('',#457,#145,#16824,.T.);
#16822=EDGE_CURVE('',#145,#141,#16825,.T.);
#16823=LINE('',#140,#16826);
#16824=LINE('',#456,#16827);
#16825=LINE('',#144,#16828);
#16826=VECTOR('',#16829,1.0);
#16827=VECTOR('',#16830,1.0);
#16828=VECTOR('',#16831,1.0);
#16829=DIRECTION('',(-0.20721580371493054,0.041052495314880914,0.9774335288495055));
#16830=DIRECTION('',(0,0,-1));
#16831=DIRECTION('',(0.9809347100867873,-0.1943375788337149,0));
#16832=FACE_SURFACE('',(#16837),#16833,.T.);
#16833=PLANE('',#16834);
#16834=AXIS2_PLACEMENT_3D('',#696,#16835,#16836);
#16835=DIRECTION('',(0.8320448686674365,-0.5547083346446026,0));
#16836=DIRECTION('',(0,0,1));
#16837=FACE_BOUND('',#16838,.T.);
#16838=EDGE_LOOP('',(#16839,#16840,#16841));
#16839=ORIENTED_EDGE('',*,*,#16842,.T.);
#16840=ORIENTED_EDGE('',*,*,#16843,.T.);
#16841=ORIENTED_EDGE('',*,*,#16844,.T.);
#16842=EDGE_CURVE('',#697,#193,#16845,.F.);
#16843=EDGE_CURVE('',#193,#191,#16846,.T.);
#16844=EDGE_CURVE('',#191,#697,#16847,.T.);
#16845=LINE('',#696,#16848);
#16846=LINE('',#192,#16849);
#16847=LINE('',#190,#16850);
#16848=VECTOR('',#16851,1.0);
#16849=VECTOR('',#16852,1.0);
#16850=VECTOR('',#16853,1.0);
#16851=DIRECTION('',(0,0,1));
#16852=DIRECTION('',(-0.5547083346446026,-0.8320448686674365,0));
#16853=DIRECTION('',(0.11728950937688971,0.17593053561758273,-0.9773902074542383));
#16854=FACE_SURFACE('',(#16859),#16855,.T.);
#16855=PLANE('',#16856);
#16856=AXIS2_PLACEMENT_3D('',#696,#16857,#16858);
#16857=DIRECTION('',(0.8320448686674365,-0.5547083346446026,0));
#16858=DIRECTION('',(-0.11728950937688971,-0.17593053561758273,0.9773902074542383));
#16859=FACE_BOUND('',#16860,.T.);
#16860=EDGE_LOOP('',(#16861,#16862,#16863));
#16861=ORIENTED_EDGE('',*,*,#16864,.T.);
#16862=ORIENTED_EDGE('',*,*,#16865,.T.);
#16863=ORIENTED_EDGE('',*,*,#16866,.T.);
#16864=EDGE_CURVE('',#697,#191,#16867,.F.);
#16865=EDGE_CURVE('',#191,#699,#16868,.T.);
#16866=EDGE_CURVE('',#699,#697,#16869,.T.);
#16867=LINE('',#696,#16870);
#16868=LINE('',#190,#16871);
#16869=LINE('',#698,#16872);
#16870=VECTOR('',#16873,1.0);
#16871=VECTOR('',#16874,1.0);
#16872=VECTOR('',#16875,1.0);
#16873=DIRECTION('',(-0.11728950937688971,-0.17593053561758273,0.9773902074542383));
#16874=DIRECTION('',(0,0,-1));
#16875=DIRECTION('',(0.5547083346446026,0.8320448686674365,0));
#16876=FACE_SURFACE('',(#16881),#16877,.T.);
#16877=PLANE('',#16878);
#16878=AXIS2_PLACEMENT_3D('',#138,#16879,#16880);
#16879=DIRECTION('',(-0.3189981374463595,-0.9477553420085553,0));
#16880=DIRECTION('',(0,0,1));
#16881=FACE_BOUND('',#16882,.T.);
#16882=EDGE_LOOP('',(#16883,#16884,#16885));
#16883=ORIENTED_EDGE('',*,*,#16886,.T.);
#16884=ORIENTED_EDGE('',*,*,#16887,.T.);
#16885=ORIENTED_EDGE('',*,*,#16888,.T.);
#16886=EDGE_CURVE('',#139,#789,#16889,.F.);
#16887=EDGE_CURVE('',#789,#769,#16890,.T.);
#16888=EDGE_CURVE('',#769,#139,#16891,.T.);
#16889=LINE('',#138,#16892);
#16890=LINE('',#788,#16893);
#16891=LINE('',#768,#16894);
#16892=VECTOR('',#16895,1.0);
#16893=VECTOR('',#16896,1.0);
#16894=VECTOR('',#16897,1.0);
#16895=DIRECTION('',(0,0,1));
#16896=DIRECTION('',(-0.9477553420085552,0.31899813744635946,0));
#16897=DIRECTION('',(0.20036723218726707,-0.06744016207554489,-0.9773969494554595));
#16898=FACE_SURFACE('',(#16903),#16899,.T.);
#16899=PLANE('',#16900);
#16900=AXIS2_PLACEMENT_3D('',#138,#16901,#16902);
#16901=DIRECTION('',(-0.3189981374463595,-0.9477553420085553,0));
#16902=DIRECTION('',(-0.20036723218726707,0.06744016207554489,0.9773969494554595));
#16903=FACE_BOUND('',#16904,.T.);
#16904=EDGE_LOOP('',(#16905,#16906,#16907));
#16905=ORIENTED_EDGE('',*,*,#16908,.T.);
#16906=ORIENTED_EDGE('',*,*,#16909,.T.);
#16907=ORIENTED_EDGE('',*,*,#16910,.T.);
#16908=EDGE_CURVE('',#139,#769,#16911,.F.);
#16909=EDGE_CURVE('',#769,#141,#16912,.T.);
#16910=EDGE_CURVE('',#141,#139,#16913,.T.);
#16911=LINE('',#138,#16914);
#16912=LINE('',#768,#16915);
#16913=LINE('',#140,#16916);
#16914=VECTOR('',#16917,1.0);
#16915=VECTOR('',#16918,1.0);
#16916=VECTOR('',#16919,1.0);
#16917=DIRECTION('',(-0.20036723218726707,0.06744016207554489,0.9773969494554595));
#16918=DIRECTION('',(0,0,-1));
#16919=DIRECTION('',(0.9477553420085552,-0.31899813744635946,0));
#16920=FACE_SURFACE('',(#16925),#16921,.T.);
#16921=PLANE('',#16922);
#16922=AXIS2_PLACEMENT_3D('',#86,#16923,#16924);
#16923=DIRECTION('',(0.7497073694116541,-0.6617694917793185,0));
#16924=DIRECTION('',(-0.13977183698405773,-0.15834513002617578,0.9774408695072533));
#16925=FACE_BOUND('',#16926,.T.);
#16926=EDGE_LOOP('',(#16927,#16928,#16929));
#16927=ORIENTED_EDGE('',*,*,#16930,.T.);
#16928=ORIENTED_EDGE('',*,*,#16931,.T.);
#16929=ORIENTED_EDGE('',*,*,#16932,.T.);
#16930=EDGE_CURVE('',#87,#193,#16933,.F.);
#16931=EDGE_CURVE('',#193,#697,#16934,.T.);
#16932=EDGE_CURVE('',#697,#87,#16935,.T.);
#16933=LINE('',#86,#16936);
#16934=LINE('',#192,#16937);
#16935=LINE('',#696,#16938);
#16936=VECTOR('',#16939,1.0);
#16937=VECTOR('',#16940,1.0);
#16938=VECTOR('',#16941,1.0);
#16939=DIRECTION('',(-0.13977183698405773,-0.15834513002617578,0.9774408695072533));
#16940=DIRECTION('',(0,0,-1));
#16941=DIRECTION('',(0.6617694917793185,0.7497073694116542,0));
#16942=FACE_SURFACE('',(#16947),#16943,.T.);
#16943=PLANE('',#16944);
#16944=AXIS2_PLACEMENT_3D('',#134,#16945,#16946);
#16945=DIRECTION('',(-0.4435158538534028,-0.8962665269777105,0));
#16946=DIRECTION('',(0,0,1));
#16947=FACE_BOUND('',#16948,.T.);
#16948=EDGE_LOOP('',(#16949,#16950,#16951));
#16949=ORIENTED_EDGE('',*,*,#16952,.T.);
#16950=ORIENTED_EDGE('',*,*,#16953,.T.);
#16951=ORIENTED_EDGE('',*,*,#16954,.T.);
#16952=EDGE_CURVE('',#135,#133,#16955,.F.);
#16953=EDGE_CURVE('',#133,#789,#16956,.T.);
#16954=EDGE_CURVE('',#789,#135,#16957,.T.);
#16955=LINE('',#134,#16958);
#16956=LINE('',#132,#16959);
#16957=LINE('',#788,#16960);
#16958=VECTOR('',#16961,1.0);
#16959=VECTOR('',#16962,1.0);
#16960=VECTOR('',#16963,1.0);
#16961=DIRECTION('',(0,0,1));
#16962=DIRECTION('',(-0.8962665269777105,0.4435158538534028,0));
#16963=DIRECTION('',(0.18960838859638504,-0.09382736477916562,-0.9773664024266843));
#16964=FACE_SURFACE('',(#16969),#16965,.T.);
#16965=PLANE('',#16966);
#16966=AXIS2_PLACEMENT_3D('',#134,#16967,#16968);
#16967=DIRECTION('',(-0.4435158538534028,-0.8962665269777105,0));
#16968=DIRECTION('',(-0.18960838859638504,0.09382736477916562,0.9773664024266843));
#16969=FACE_BOUND('',#16970,.T.);
#16970=EDGE_LOOP('',(#16971,#16972,#16973));
#16971=ORIENTED_EDGE('',*,*,#16974,.T.);
#16972=ORIENTED_EDGE('',*,*,#16975,.T.);
#16973=ORIENTED_EDGE('',*,*,#16976,.T.);
#16974=EDGE_CURVE('',#135,#789,#16977,.F.);
#16975=EDGE_CURVE('',#789,#139,#16978,.T.);
#16976=EDGE_CURVE('',#139,#135,#16979,.T.);
#16977=LINE('',#134,#16980);
#16978=LINE('',#788,#16981);
#16979=LINE('',#138,#16982);
#16980=VECTOR('',#16983,1.0);
#16981=VECTOR('',#16984,1.0);
#16982=VECTOR('',#16985,1.0);
#16983=DIRECTION('',(-0.18960838859638504,0.09382736477916562,0.9773664024266843));
#16984=DIRECTION('',(0,0,-1));
#16985=DIRECTION('',(0.8962665269777105,-0.4435158538534028,0));
#16986=FACE_SURFACE('',(#16991),#16987,.T.);
#16987=PLANE('',#16988);
#16988=AXIS2_PLACEMENT_3D('',#856,#16989,#16990);
#16989=DIRECTION('',(0.06928052100904017,0.9975972180237453,-0));
#16990=DIRECTION('',(0,0,1));
#16991=FACE_BOUND('',#16992,.T.);
#16992=EDGE_LOOP('',(#16993,#16994,#16995));
#16993=ORIENTED_EDGE('',*,*,#16996,.T.);
#16994=ORIENTED_EDGE('',*,*,#16997,.T.);
#16995=ORIENTED_EDGE('',*,*,#16998,.T.);
#16996=EDGE_CURVE('',#857,#555,#16999,.F.);
#16997=EDGE_CURVE('',#555,#311,#17000,.T.);
#16998=EDGE_CURVE('',#311,#857,#17001,.T.);
#16999=LINE('',#856,#17002);
#17000=LINE('',#554,#17003);
#17001=LINE('',#310,#17004);
#17002=VECTOR('',#17005,1.0);
#17003=VECTOR('',#17006,1.0);
#17004=VECTOR('',#17007,1.0);
#17005=DIRECTION('',(0,0,1));
#17006=DIRECTION('',(0.9975972180237453,-0.06928052100904017,0));
#17007=DIRECTION('',(-0.21110426122817894,0.014660639525529063,-0.977353598520007));
#17008=FACE_SURFACE('',(#17013),#17009,.T.);
#17009=PLANE('',#17010);
#17010=AXIS2_PLACEMENT_3D('',#856,#17011,#17012);
#17011=DIRECTION('',(0.06928052100904017,0.9975972180237453,0));
#17012=DIRECTION('',(0.21110426122817894,-0.014660639525529063,0.977353598520007));
#17013=FACE_BOUND('',#17014,.T.);
#17014=EDGE_LOOP('',(#17015,#17016,#17017));
#17015=ORIENTED_EDGE('',*,*,#17018,.T.);
#17016=ORIENTED_EDGE('',*,*,#17019,.T.);
#17017=ORIENTED_EDGE('',*,*,#17020,.T.);
#17018=EDGE_CURVE('',#857,#311,#17021,.F.);
#17019=EDGE_CURVE('',#311,#859,#17022,.T.);
#17020=EDGE_CURVE('',#859,#857,#17023,.T.);
#17021=LINE('',#856,#17024);
#17022=LINE('',#310,#17025);
#17023=LINE('',#858,#17026);
#17024=VECTOR('',#17027,1.0);
#17025=VECTOR('',#17028,1.0);
#17026=VECTOR('',#17029,1.0);
#17027=DIRECTION('',(0.21110426122817894,-0.014660639525529063,0.977353598520007));
#17028=DIRECTION('',(0,0,-1));
#17029=DIRECTION('',(-0.9975972180237453,0.06928052100904017,0));
#17030=FACE_SURFACE('',(#17035),#17031,.T.);
#17031=PLANE('',#17032);
#17032=AXIS2_PLACEMENT_3D('',#724,#17033,#17034);
#17033=DIRECTION('',(0.1943304087631403,0.9809361305558842,-0));
#17034=DIRECTION('',(0,0,1));
#17035=FACE_BOUND('',#17036,.T.);
#17036=EDGE_LOOP('',(#17037,#17038,#17039));
#17037=ORIENTED_EDGE('',*,*,#17040,.T.);
#17038=ORIENTED_EDGE('',*,*,#17041,.T.);
#17039=ORIENTED_EDGE('',*,*,#17042,.T.);
#17040=EDGE_CURVE('',#725,#259,#17043,.F.);
#17041=EDGE_CURVE('',#259,#555,#17044,.T.);
#17042=EDGE_CURVE('',#555,#725,#17045,.T.);
#17043=LINE('',#724,#17046);
#17044=LINE('',#258,#17047);
#17045=LINE('',#554,#17048);
#17046=VECTOR('',#17049,1.0);
#17047=VECTOR('',#17050,1.0);
#17048=VECTOR('',#17051,1.0);
#17049=DIRECTION('',(0,0,1));
#17050=DIRECTION('',(0.9809361305558842,-0.1943304087631403,0));
#17051=DIRECTION('',(-0.20722116043904132,0.04105198244626898,-0.9774324147497506));
#17052=FACE_SURFACE('',(#17057),#17053,.T.);
#17053=PLANE('',#17054);
#17054=AXIS2_PLACEMENT_3D('',#724,#17055,#17056);
#17055=DIRECTION('',(0.1943304087631403,0.9809361305558842,0));
#17056=DIRECTION('',(0.20722116043904132,-0.04105198244626898,0.9774324147497506));
#17057=FACE_BOUND('',#17058,.T.);
#17058=EDGE_LOOP('',(#17059,#17060,#17061));
#17059=ORIENTED_EDGE('',*,*,#17062,.T.);
#17060=ORIENTED_EDGE('',*,*,#17063,.T.);
#17061=ORIENTED_EDGE('',*,*,#17064,.T.);
#17062=EDGE_CURVE('',#725,#555,#17065,.F.);
#17063=EDGE_CURVE('',#555,#857,#17066,.T.);
#17064=EDGE_CURVE('',#857,#725,#17067,.T.);
#17065=LINE('',#724,#17068);
#17066=LINE('',#554,#17069);
#17067=LINE('',#856,#17070);
#17068=VECTOR('',#17071,1.0);
#17069=VECTOR('',#17072,1.0);
#17070=VECTOR('',#17073,1.0);
#17071=DIRECTION('',(0.20722116043904132,-0.04105198244626898,0.9774324147497506));
#17072=DIRECTION('',(0,0,-1));
#17073=DIRECTION('',(-0.9809361305558842,0.1943304087631403,0));
#17074=FACE_SURFACE('',(#17079),#17075,.T.);
#17075=PLANE('',#17076);
#17076=AXIS2_PLACEMENT_3D('',#722,#17077,#17078);
#17077=DIRECTION('',(0,0,-1));
#17078=DIRECTION('',(-0.8008714254912406,0.5988363381021798,0));
#17079=FACE_BOUND('',#17080,.T.);
#17080=EDGE_LOOP('',(#17081,#17082,#17083));
#17081=ORIENTED_EDGE('',*,*,#17084,.T.);
#17082=ORIENTED_EDGE('',*,*,#17085,.T.);
#17083=ORIENTED_EDGE('',*,*,#17086,.T.);
#17084=EDGE_CURVE('',#723,#45,#17087,.F.);
#17085=EDGE_CURVE('',#45,#731,#17088,.T.);
#17086=EDGE_CURVE('',#731,#723,#17089,.T.);
#17087=LINE('',#722,#17090);
#17088=LINE('',#44,#17091);
#17089=LINE('',#730,#17092);
#17090=VECTOR('',#17093,1.0);
#17091=VECTOR('',#17094,1.0);
#17092=VECTOR('',#17095,1.0);
#17093=DIRECTION('',(-0.8008714254912406,0.5988363381021798,0));
#17094=DIRECTION('',(0.8482875037834879,-0.5295359392192177,0));
#17095=DIRECTION('',(-0.7517069366760014,-0.6594972944244595,0));
#17096=FACE_SURFACE('',(#17101),#17097,.T.);
#17097=PLANE('',#17098);
#17098=AXIS2_PLACEMENT_3D('',#726,#17099,#17100);
#17099=DIRECTION('',(0.3190094488086488,0.9477515347235277,-0));
#17100=DIRECTION('',(0,0,1));
#17101=FACE_BOUND('',#17102,.T.);
#17102=EDGE_LOOP('',(#17103,#17104,#17105));
#17103=ORIENTED_EDGE('',*,*,#17106,.T.);
#17104=ORIENTED_EDGE('',*,*,#17107,.T.);
#17105=ORIENTED_EDGE('',*,*,#17108,.T.);
#17106=EDGE_CURVE('',#727,#243,#17109,.F.);
#17107=EDGE_CURVE('',#243,#259,#17110,.T.);
#17108=EDGE_CURVE('',#259,#727,#17111,.T.);
#17109=LINE('',#726,#17112);
#17110=LINE('',#242,#17113);
#17111=LINE('',#258,#17114);
#17112=VECTOR('',#17115,1.0);
#17113=VECTOR('',#17116,1.0);
#17114=VECTOR('',#17117,1.0);
#17115=DIRECTION('',(0,0,1));
#17116=DIRECTION('',(0.9477515347235277,-0.3190094488086488,0));
#17117=DIRECTION('',(-0.20036096300128073,0.06744071418302068,-0.9773981965277425));
#17118=FACE_SURFACE('',(#17123),#17119,.T.);
#17119=PLANE('',#17120);
#17120=AXIS2_PLACEMENT_3D('',#726,#17121,#17122);
#17121=DIRECTION('',(0.3190094488086488,0.9477515347235277,0));
#17122=DIRECTION('',(0.20036096300128073,-0.06744071418302068,0.9773981965277425));
#17123=FACE_BOUND('',#17124,.T.);
#17124=EDGE_LOOP('',(#17125,#17126,#17127));
#17125=ORIENTED_EDGE('',*,*,#17128,.T.);
#17126=ORIENTED_EDGE('',*,*,#17129,.T.);
#17127=ORIENTED_EDGE('',*,*,#17130,.T.);
#17128=EDGE_CURVE('',#727,#259,#17131,.F.);
#17129=EDGE_CURVE('',#259,#725,#17132,.T.);
#17130=EDGE_CURVE('',#725,#727,#17133,.T.);
#17131=LINE('',#726,#17134);
#17132=LINE('',#258,#17135);
#17133=LINE('',#724,#17136);
#17134=VECTOR('',#17137,1.0);
#17135=VECTOR('',#17138,1.0);
#17136=VECTOR('',#17139,1.0);
#17137=DIRECTION('',(0.20036096300128073,-0.06744071418302068,0.9773981965277425));
#17138=DIRECTION('',(0,0,-1));
#17139=DIRECTION('',(-0.9477515347235277,0.3190094488086488,0));
#17140=FACE_SURFACE('',(#17145),#17141,.T.);
#17141=PLANE('',#17142);
#17142=AXIS2_PLACEMENT_3D('',#734,#17143,#17144);
#17143=DIRECTION('',(0.4435123328421359,0.896268269335095,-0));
#17144=DIRECTION('',(0,0,1));
#17145=FACE_BOUND('',#17146,.T.);
#17146=EDGE_LOOP('',(#17147,#17148,#17149));
#17147=ORIENTED_EDGE('',*,*,#17150,.T.);
#17148=ORIENTED_EDGE('',*,*,#17151,.T.);
#17149=ORIENTED_EDGE('',*,*,#17152,.T.);
#17150=EDGE_CURVE('',#735,#241,#17153,.F.);
#17151=EDGE_CURVE('',#241,#243,#17154,.T.);
#17152=EDGE_CURVE('',#243,#735,#17155,.T.);
#17153=LINE('',#734,#17156);
#17154=LINE('',#240,#17157);
#17155=LINE('',#242,#17158);
#17156=VECTOR('',#17159,1.0);
#17157=VECTOR('',#17160,1.0);
#17158=VECTOR('',#17161,1.0);
#17159=DIRECTION('',(0,0,1));
#17160=DIRECTION('',(0.896268269335095,-0.443512332842136,0));
#17161=DIRECTION('',(-0.18960929546668692,0.09382688625512774,-0.9773662724323436));
#17162=FACE_SURFACE('',(#17167),#17163,.T.);
#17163=PLANE('',#17164);
#17164=AXIS2_PLACEMENT_3D('',#734,#17165,#17166);
#17165=DIRECTION('',(0.4435123328421359,0.896268269335095,0));
#17166=DIRECTION('',(0.18960929546668692,-0.09382688625512774,0.9773662724323436));
#17167=FACE_BOUND('',#17168,.T.);
#17168=EDGE_LOOP('',(#17169,#17170,#17171));
#17169=ORIENTED_EDGE('',*,*,#17172,.T.);
#17170=ORIENTED_EDGE('',*,*,#17173,.T.);
#17171=ORIENTED_EDGE('',*,*,#17174,.T.);
#17172=EDGE_CURVE('',#735,#243,#17175,.F.);
#17173=EDGE_CURVE('',#243,#727,#17176,.T.);
#17174=EDGE_CURVE('',#727,#735,#17177,.T.);
#17175=LINE('',#734,#17178);
#17176=LINE('',#242,#17179);
#17177=LINE('',#726,#17180);
#17178=VECTOR('',#17181,1.0);
#17179=VECTOR('',#17182,1.0);
#17180=VECTOR('',#17183,1.0);
#17181=DIRECTION('',(0.18960929546668692,-0.09382688625512774,0.9773662724323436));
#17182=DIRECTION('',(0,0,-1));
#17183=DIRECTION('',(-0.896268269335095,0.443512332842136,0));
#17184=FACE_SURFACE('',(#17189),#17185,.T.);
#17185=PLANE('',#17186);
#17186=AXIS2_PLACEMENT_3D('',#736,#17187,#17188);
#17187=DIRECTION('',(0,0,-1));
#17188=DIRECTION('',(-0.885570026140049,0.4645058974892707,0));
#17189=FACE_BOUND('',#17190,.T.);
#17190=EDGE_LOOP('',(#17191,#17192,#17193));
#17191=ORIENTED_EDGE('',*,*,#17194,.T.);
#17192=ORIENTED_EDGE('',*,*,#17195,.T.);
#17193=ORIENTED_EDGE('',*,*,#17196,.T.);
#17194=EDGE_CURVE('',#737,#45,#17197,.F.);
#17195=EDGE_CURVE('',#45,#741,#17198,.T.);
#17196=EDGE_CURVE('',#741,#737,#17199,.T.);
#17197=LINE('',#736,#17200);
#17198=LINE('',#44,#17201);
#17199=LINE('',#740,#17202);
#17200=VECTOR('',#17203,1.0);
#17201=VECTOR('',#17204,1.0);
#17202=VECTOR('',#17205,1.0);
#17203=DIRECTION('',(-0.885570026140049,0.4645058974892707,0));
#17204=DIRECTION('',(0.9132871306541912,-0.40731635982542386,0));
#17205=DIRECTION('',(-0.8962665179548853,-0.4435158720869247,0));
#17206=FACE_SURFACE('',(#17211),#17207,.T.);
#17207=PLANE('',#17208);
#17208=AXIS2_PLACEMENT_3D('',#742,#17209,#17210);
#17209=DIRECTION('',(0,0,-1));
#17210=DIRECTION('',(-0.9325754189935113,0.36097519012956686,0));
#17211=FACE_BOUND('',#17212,.T.);
#17212=EDGE_LOOP('',(#17213,#17214,#17215));
#17213=ORIENTED_EDGE('',*,*,#17216,.T.);
#17214=ORIENTED_EDGE('',*,*,#17217,.T.);
#17215=ORIENTED_EDGE('',*,*,#17218,.T.);
#17216=EDGE_CURVE('',#743,#45,#17219,.F.);
#17217=EDGE_CURVE('',#45,#751,#17220,.T.);
#17218=EDGE_CURVE('',#751,#743,#17221,.T.);
#17219=LINE('',#742,#17222);
#17220=LINE('',#44,#17223);
#17221=LINE('',#750,#17224);
#17222=VECTOR('',#17225,1.0);
#17223=VECTOR('',#17226,1.0);
#17224=VECTOR('',#17227,1.0);
#17225=DIRECTION('',(-0.9325754189935113,0.36097519012956686,0));
#17226=DIRECTION('',(0.9453797061718554,-0.32597118148452386,0));
#17227=DIRECTION('',(-0.9809351306867745,-0.19433545580907408,0));
#17228=FACE_SURFACE('',(#17233),#17229,.T.);
#17229=PLANE('',#17230);
#17230=AXIS2_PLACEMENT_3D('',#734,#17231,#17232);
#17231=DIRECTION('',(0.5568378508198693,0.8306212180617041,-0));
#17232=DIRECTION('',(-0.17498373120000424,0.1173068574352428,0.9775580775657231));
#17233=FACE_BOUND('',#17234,.T.);
#17234=EDGE_LOOP('',(#17235,#17236,#17237));
#17235=ORIENTED_EDGE('',*,*,#17238,.T.);
#17236=ORIENTED_EDGE('',*,*,#17239,.T.);
#17237=ORIENTED_EDGE('',*,*,#17240,.T.);
#17238=EDGE_CURVE('',#735,#73,#17241,.F.);
#17239=EDGE_CURVE('',#73,#241,#17242,.T.);
#17240=EDGE_CURVE('',#241,#735,#17243,.T.);
#17241=LINE('',#734,#17244);
#17242=LINE('',#72,#17245);
#17243=LINE('',#240,#17246);
#17244=VECTOR('',#17247,1.0);
#17245=VECTOR('',#17248,1.0);
#17246=VECTOR('',#17249,1.0);
#17247=DIRECTION('',(-0.17498373120000424,0.1173068574352428,0.9775580775657231));
#17248=DIRECTION('',(0.8306212180617042,-0.5568378508198693,0));
#17249=DIRECTION('',(0,0,-1));
#17250=FACE_SURFACE('',(#17255),#17251,.T.);
#17251=PLANE('',#17252);
#17252=AXIS2_PLACEMENT_3D('',#300,#17253,#17254);
#17253=DIRECTION('',(-0.6594979505291725,0.7517063610531849,0));
#17254=DIRECTION('',(0.15929271442107976,0.1397529994927076,-0.9772895836266524));
#17255=FACE_BOUND('',#17256,.T.);
#17256=EDGE_LOOP('',(#17257,#17258,#17259));
#17257=ORIENTED_EDGE('',*,*,#17260,.T.);
#17258=ORIENTED_EDGE('',*,*,#17261,.T.);
#17259=ORIENTED_EDGE('',*,*,#17262,.T.);
#17260=EDGE_CURVE('',#301,#69,#17263,.F.);
#17261=EDGE_CURVE('',#69,#851,#17264,.T.);
#17262=EDGE_CURVE('',#851,#301,#17265,.T.);
#17263=LINE('',#300,#17266);
#17264=LINE('',#68,#17267);
#17265=LINE('',#850,#17268);
#17266=VECTOR('',#17269,1.0);
#17267=VECTOR('',#17270,1.0);
#17268=VECTOR('',#17271,1.0);
#17269=DIRECTION('',(0.15929271442107976,0.1397529994927076,-0.9772895836266524));
#17270=DIRECTION('',(-0.751706361053185,-0.6594979505291725,0));
#17271=DIRECTION('',(0,0,1));
#17272=FACE_SURFACE('',(#17277),#17273,.T.);
#17273=PLANE('',#17274);
#17274=AXIS2_PLACEMENT_3D('',#300,#17275,#17276);
#17275=DIRECTION('',(-0.5568378508198693,0.8306212180617041,0));
#17276=DIRECTION('',(0,0,-1));
#17277=FACE_BOUND('',#17278,.T.);
#17278=EDGE_LOOP('',(#17279,#17280,#17281));
#17279=ORIENTED_EDGE('',*,*,#17282,.T.);
#17280=ORIENTED_EDGE('',*,*,#17283,.T.);
#17281=ORIENTED_EDGE('',*,*,#17284,.T.);
#17282=EDGE_CURVE('',#301,#851,#17285,.F.);
#17283=EDGE_CURVE('',#851,#745,#17286,.T.);
#17284=EDGE_CURVE('',#745,#301,#17287,.T.);
#17285=LINE('',#300,#17288);
#17286=LINE('',#850,#17289);
#17287=LINE('',#744,#17290);
#17288=VECTOR('',#17291,1.0);
#17289=VECTOR('',#17292,1.0);
#17290=VECTOR('',#17293,1.0);
#17291=DIRECTION('',(0,0,-1));
#17292=DIRECTION('',(-0.8306212180617042,-0.5568378508198693,0));
#17293=DIRECTION('',(0.17498373120000424,0.1173068574352428,0.9775580775657231));
#17294=FACE_SURFACE('',(#17299),#17295,.T.);
#17295=PLANE('',#17296);
#17296=AXIS2_PLACEMENT_3D('',#300,#17297,#17298);
#17297=DIRECTION('',(-0.5568378508198693,0.8306212180617041,0));
#17298=DIRECTION('',(-0.17498373120000424,-0.1173068574352428,-0.9775580775657231));
#17299=FACE_BOUND('',#17300,.T.);
#17300=EDGE_LOOP('',(#17301,#17302,#17303));
#17301=ORIENTED_EDGE('',*,*,#17304,.T.);
#17302=ORIENTED_EDGE('',*,*,#17305,.T.);
#17303=ORIENTED_EDGE('',*,*,#17306,.T.);
#17304=EDGE_CURVE('',#301,#745,#17307,.F.);
#17305=EDGE_CURVE('',#745,#295,#17308,.T.);
#17306=EDGE_CURVE('',#295,#301,#17309,.T.);
#17307=LINE('',#300,#17310);
#17308=LINE('',#744,#17311);
#17309=LINE('',#294,#17312);
#17310=VECTOR('',#17313,1.0);
#17311=VECTOR('',#17314,1.0);
#17312=VECTOR('',#17315,1.0);
#17313=DIRECTION('',(-0.17498373120000424,-0.1173068574352428,-0.9775580775657231));
#17314=DIRECTION('',(0,0,1));
#17315=DIRECTION('',(0.8306212180617042,0.5568378508198693,0));
#17316=FACE_SURFACE('',(#17321),#17317,.T.);
#17317=PLANE('',#17318);
#17318=AXIS2_PLACEMENT_3D('',#294,#17319,#17320);
#17319=DIRECTION('',(-0.4435123328421359,0.896268269335095,0));
#17320=DIRECTION('',(0,0,-1));
#17321=FACE_BOUND('',#17322,.T.);
#17322=EDGE_LOOP('',(#17323,#17324,#17325));
#17323=ORIENTED_EDGE('',*,*,#17326,.T.);
#17324=ORIENTED_EDGE('',*,*,#17327,.T.);
#17325=ORIENTED_EDGE('',*,*,#17328,.T.);
#17326=EDGE_CURVE('',#295,#745,#17329,.F.);
#17327=EDGE_CURVE('',#745,#747,#17330,.T.);
#17328=EDGE_CURVE('',#747,#295,#17331,.T.);
#17329=LINE('',#294,#17332);
#17330=LINE('',#744,#17333);
#17331=LINE('',#746,#17334);
#17332=VECTOR('',#17335,1.0);
#17333=VECTOR('',#17336,1.0);
#17334=VECTOR('',#17337,1.0);
#17335=DIRECTION('',(0,0,-1));
#17336=DIRECTION('',(-0.896268269335095,-0.443512332842136,0));
#17337=DIRECTION('',(0.18960929546668692,0.09382688625512774,0.9773662724323436));
#17338=FACE_SURFACE('',(#17343),#17339,.T.);
#17339=PLANE('',#17340);
#17340=AXIS2_PLACEMENT_3D('',#294,#17341,#17342);
#17341=DIRECTION('',(-0.4435123328421359,0.896268269335095,0));
#17342=DIRECTION('',(-0.18960929546668692,-0.09382688625512774,-0.9773662724323436));
#17343=FACE_BOUND('',#17344,.T.);
#17344=EDGE_LOOP('',(#17345,#17346,#17347));
#17345=ORIENTED_EDGE('',*,*,#17348,.T.);
#17346=ORIENTED_EDGE('',*,*,#17349,.T.);
#17347=ORIENTED_EDGE('',*,*,#17350,.T.);
#17348=EDGE_CURVE('',#295,#747,#17351,.F.);
#17349=EDGE_CURVE('',#747,#293,#17352,.T.);
#17350=EDGE_CURVE('',#293,#295,#17353,.T.);
#17351=LINE('',#294,#17354);
#17352=LINE('',#746,#17355);
#17353=LINE('',#292,#17356);
#17354=VECTOR('',#17357,1.0);
#17355=VECTOR('',#17358,1.0);
#17356=VECTOR('',#17359,1.0);
#17357=DIRECTION('',(-0.18960929546668692,-0.09382688625512774,-0.9773662724323436));
#17358=DIRECTION('',(0,0,1));
#17359=DIRECTION('',(0.896268269335095,0.443512332842136,0));
#17360=FACE_SURFACE('',(#17365),#17361,.T.);
#17361=PLANE('',#17362);
#17362=AXIS2_PLACEMENT_3D('',#292,#17363,#17364);
#17363=DIRECTION('',(-0.31899878463175874,0.9477551241768418,0));
#17364=DIRECTION('',(0,0,-1));
#17365=FACE_BOUND('',#17366,.T.);
#17366=EDGE_LOOP('',(#17367,#17368,#17369));
#17367=ORIENTED_EDGE('',*,*,#17370,.T.);
#17368=ORIENTED_EDGE('',*,*,#17371,.T.);
#17369=ORIENTED_EDGE('',*,*,#17372,.T.);
#17370=EDGE_CURVE('',#293,#747,#17373,.F.);
#17371=EDGE_CURVE('',#747,#749,#17374,.T.);
#17372=EDGE_CURVE('',#749,#293,#17375,.T.);
#17373=LINE('',#292,#17376);
#17374=LINE('',#746,#17377);
#17375=LINE('',#748,#17378);
#17376=VECTOR('',#17379,1.0);
#17377=VECTOR('',#17380,1.0);
#17378=VECTOR('',#17381,1.0);
#17379=DIRECTION('',(0,0,-1));
#17380=DIRECTION('',(-0.9477551241768418,-0.31899878463175874,0));
#17381=DIRECTION('',(0.20036812058579098,0.06744061341934848,0.977396736189834));
#17382=FACE_SURFACE('',(#17387),#17383,.T.);
#17383=PLANE('',#17384);
#17384=AXIS2_PLACEMENT_3D('',#292,#17385,#17386);
#17385=DIRECTION('',(-0.31899878463175874,0.9477551241768418,0));
#17386=DIRECTION('',(-0.20036812058579098,-0.06744061341934848,-0.977396736189834));
#17387=FACE_BOUND('',#17388,.T.);
#17388=EDGE_LOOP('',(#17389,#17390,#17391));
#17389=ORIENTED_EDGE('',*,*,#17392,.T.);
#17390=ORIENTED_EDGE('',*,*,#17393,.T.);
#17391=ORIENTED_EDGE('',*,*,#17394,.T.);
#17392=EDGE_CURVE('',#293,#749,#17395,.F.);
#17393=EDGE_CURVE('',#749,#299,#17396,.T.);
#17394=EDGE_CURVE('',#299,#293,#17397,.T.);
#17395=LINE('',#292,#17398);
#17396=LINE('',#748,#17399);
#17397=LINE('',#298,#17400);
#17398=VECTOR('',#17401,1.0);
#17399=VECTOR('',#17402,1.0);
#17400=VECTOR('',#17403,1.0);
#17401=DIRECTION('',(-0.20036812058579098,-0.06744061341934848,-0.977396736189834));
#17402=DIRECTION('',(0,0,1));
#17403=DIRECTION('',(0.9477551241768418,0.31899878463175874,0));
#17404=FACE_SURFACE('',(#17409),#17405,.T.);
#17405=PLANE('',#17406);
#17406=AXIS2_PLACEMENT_3D('',#298,#17407,#17408);
#17407=DIRECTION('',(-0.19433713821483328,0.9809347973797589,0));
#17408=DIRECTION('',(0,0,-1));
#17409=FACE_BOUND('',#17410,.T.);
#17410=EDGE_LOOP('',(#17411,#17412,#17413));
#17411=ORIENTED_EDGE('',*,*,#17414,.T.);
#17412=ORIENTED_EDGE('',*,*,#17415,.T.);
#17413=ORIENTED_EDGE('',*,*,#17416,.T.);
#17414=EDGE_CURVE('',#299,#749,#17417,.F.);
#17415=EDGE_CURVE('',#749,#753,#17418,.T.);
#17416=EDGE_CURVE('',#753,#299,#17419,.T.);
#17417=LINE('',#298,#17420);
#17418=LINE('',#748,#17421);
#17419=LINE('',#752,#17422);
#17420=VECTOR('',#17423,1.0);
#17421=VECTOR('',#17424,1.0);
#17422=VECTOR('',#17425,1.0);
#17423=DIRECTION('',(0,0,-1));
#17424=DIRECTION('',(-0.980934797379759,-0.1943371382148333,0));
#17425=DIRECTION('',(0.2072140234224428,0.04105204588262668,0.9774339251458045));
#17426=FACE_SURFACE('',(#17431),#17427,.T.);
#17427=PLANE('',#17428);
#17428=AXIS2_PLACEMENT_3D('',#298,#17429,#17430);
#17429=DIRECTION('',(-0.19433713821483328,0.9809347973797589,0));
#17430=DIRECTION('',(-0.2072140234224428,-0.04105204588262668,-0.9774339251458045));
#17431=FACE_BOUND('',#17432,.T.);
#17432=EDGE_LOOP('',(#17433,#17434,#17435));
#17433=ORIENTED_EDGE('',*,*,#17436,.T.);
#17434=ORIENTED_EDGE('',*,*,#17437,.T.);
#17435=ORIENTED_EDGE('',*,*,#17438,.T.);
#17436=EDGE_CURVE('',#299,#753,#17439,.F.);
#17437=EDGE_CURVE('',#753,#313,#17440,.T.);
#17438=EDGE_CURVE('',#313,#299,#17441,.T.);
#17439=LINE('',#298,#17442);
#17440=LINE('',#752,#17443);
#17441=LINE('',#312,#17444);
#17442=VECTOR('',#17445,1.0);
#17443=VECTOR('',#17446,1.0);
#17444=VECTOR('',#17447,1.0);
#17445=DIRECTION('',(-0.2072140234224428,-0.04105204588262668,-0.9774339251458045));
#17446=DIRECTION('',(0,0,1));
#17447=DIRECTION('',(0.980934797379759,0.1943371382148333,0));
#17448=FACE_SURFACE('',(#17453),#17449,.T.);
#17449=PLANE('',#17450);
#17450=AXIS2_PLACEMENT_3D('',#312,#17451,#17452);
#17451=DIRECTION('',(-0.06959857006459313,0.99757507940253,0));
#17452=DIRECTION('',(0,0,-1));
#17453=FACE_BOUND('',#17454,.T.);
#17454=EDGE_LOOP('',(#17455,#17456,#17457));
#17455=ORIENTED_EDGE('',*,*,#17458,.T.);
#17456=ORIENTED_EDGE('',*,*,#17459,.T.);
#17457=ORIENTED_EDGE('',*,*,#17460,.T.);
#17458=EDGE_CURVE('',#313,#753,#17461,.F.);
#17459=EDGE_CURVE('',#753,#859,#17462,.T.);
#17460=EDGE_CURVE('',#859,#313,#17463,.T.);
#17461=LINE('',#312,#17464);
#17462=LINE('',#752,#17465);
#17463=LINE('',#858,#17466);
#17464=VECTOR('',#17467,1.0);
#17465=VECTOR('',#17468,1.0);
#17466=VECTOR('',#17469,1.0);
#17467=DIRECTION('',(0,0,-1));
#17468=DIRECTION('',(-0.99757507940253,-0.06959857006459313,0));
#17469=DIRECTION('',(0.2101778167138956,0.01466363364985657,0.9775532022399409));
#17470=FACE_SURFACE('',(#17475),#17471,.T.);
#17471=PLANE('',#17472);
#17472=AXIS2_PLACEMENT_3D('',#312,#17473,#17474);
#17473=DIRECTION('',(-0.06959857006459313,0.99757507940253,0));
#17474=DIRECTION('',(-0.2101778167138956,-0.01466363364985657,-0.9775532022399409));
#17475=FACE_BOUND('',#17476,.T.);
#17476=EDGE_LOOP('',(#17477,#17478,#17479));
#17477=ORIENTED_EDGE('',*,*,#17480,.T.);
#17478=ORIENTED_EDGE('',*,*,#17481,.T.);
#17479=ORIENTED_EDGE('',*,*,#17482,.T.);
#17480=EDGE_CURVE('',#313,#859,#17483,.F.);
#17481=EDGE_CURVE('',#859,#311,#17484,.T.);
#17482=EDGE_CURVE('',#311,#313,#17485,.T.);
#17483=LINE('',#312,#17486);
#17484=LINE('',#858,#17487);
#17485=LINE('',#310,#17488);
#17486=VECTOR('',#17489,1.0);
#17487=VECTOR('',#17490,1.0);
#17488=VECTOR('',#17491,1.0);
#17489=DIRECTION('',(-0.2101778167138956,-0.01466363364985657,-0.9775532022399409));
#17490=DIRECTION('',(0,0,1));
#17491=DIRECTION('',(0.99757507940253,0.06959857006459313,0));
#17492=FACE_SURFACE('',(#17497),#17493,.T.);
#17493=PLANE('',#17494);
#17494=AXIS2_PLACEMENT_3D('',#532,#17495,#17496);
#17495=DIRECTION('',(-0.7496898522990194,-0.6617893360880595,-0));
#17496=DIRECTION('',(-0.13977914856794785,0.15834496497605058,-0.9774398506774484));
#17497=FACE_BOUND('',#17498,.T.);
#17498=EDGE_LOOP('',(#17499,#17500,#17501));
#17499=ORIENTED_EDGE('',*,*,#17502,.T.);
#17500=ORIENTED_EDGE('',*,*,#17503,.T.);
#17501=ORIENTED_EDGE('',*,*,#17504,.T.);
#17502=EDGE_CURVE('',#533,#755,#17505,.F.);
#17503=EDGE_CURVE('',#755,#757,#17506,.T.);
#17504=EDGE_CURVE('',#757,#533,#17507,.T.);
#17505=LINE('',#532,#17508);
#17506=LINE('',#754,#17509);
#17507=LINE('',#756,#17510);
#17508=VECTOR('',#17511,1.0);
#17509=VECTOR('',#17512,1.0);
#17510=VECTOR('',#17513,1.0);
#17511=DIRECTION('',(-0.13977914856794785,0.15834496497605058,-0.9774398506774484));
#17512=DIRECTION('',(0.6617893360880593,-0.7496898522990194,0));
#17513=DIRECTION('',(0,0,1));
#17514=FACE_SURFACE('',(#17519),#17515,.T.);
#17515=PLANE('',#17516);
#17516=AXIS2_PLACEMENT_3D('',#532,#17517,#17518);
#17517=DIRECTION('',(-0.83206114565212,-0.5546839189088518,-0));
#17518=DIRECTION('',(0,0,-1));
#17519=FACE_BOUND('',#17520,.T.);
#17520=EDGE_LOOP('',(#17521,#17522,#17523));
#17521=ORIENTED_EDGE('',*,*,#17524,.T.);
#17522=ORIENTED_EDGE('',*,*,#17525,.T.);
#17523=ORIENTED_EDGE('',*,*,#17526,.T.);
#17524=EDGE_CURVE('',#533,#757,#17527,.F.);
#17525=EDGE_CURVE('',#757,#765,#17528,.T.);
#17526=EDGE_CURVE('',#765,#533,#17529,.T.);
#17527=LINE('',#532,#17530);
#17528=LINE('',#756,#17531);
#17529=LINE('',#764,#17532);
#17530=VECTOR('',#17533,1.0);
#17531=VECTOR('',#17534,1.0);
#17532=VECTOR('',#17535,1.0);
#17533=DIRECTION('',(0,0,-1));
#17534=DIRECTION('',(0.5546839189088518,-0.83206114565212,0));
#17535=DIRECTION('',(-0.11728215505497433,0.17593068948448687,0.9773910622689231));
#17536=FACE_SURFACE('',(#17541),#17537,.T.);
#17537=PLANE('',#17538);
#17538=AXIS2_PLACEMENT_3D('',#532,#17539,#17540);
#17539=DIRECTION('',(-0.83206114565212,-0.5546839189088518,0));
#17540=DIRECTION('',(0.11728215505497433,-0.17593068948448687,-0.9773910622689231));
#17541=FACE_BOUND('',#17542,.T.);
#17542=EDGE_LOOP('',(#17543,#17544,#17545));
#17543=ORIENTED_EDGE('',*,*,#17546,.T.);
#17544=ORIENTED_EDGE('',*,*,#17547,.T.);
#17545=ORIENTED_EDGE('',*,*,#17548,.T.);
#17546=EDGE_CURVE('',#533,#765,#17549,.F.);
#17547=EDGE_CURVE('',#765,#337,#17550,.T.);
#17548=EDGE_CURVE('',#337,#533,#17551,.T.);
#17549=LINE('',#532,#17552);
#17550=LINE('',#764,#17553);
#17551=LINE('',#336,#17554);
#17552=VECTOR('',#17555,1.0);
#17553=VECTOR('',#17556,1.0);
#17554=VECTOR('',#17557,1.0);
#17555=DIRECTION('',(0.11728215505497433,-0.17593068948448687,-0.9773910622689231));
#17556=DIRECTION('',(0,0,1));
#17557=DIRECTION('',(-0.5546839189088518,0.83206114565212,0));
#17558=FACE_SURFACE('',(#17563),#17559,.T.);
#17559=PLANE('',#17560);
#17560=AXIS2_PLACEMENT_3D('',#336,#17561,#17562);
#17561=DIRECTION('',(-0.8980975855180976,-0.4397962333701407,-0));
#17562=DIRECTION('',(0,0,-1));
#17563=FACE_BOUND('',#17564,.T.);
#17564=EDGE_LOOP('',(#17565,#17566,#17567));
#17565=ORIENTED_EDGE('',*,*,#17568,.T.);
#17566=ORIENTED_EDGE('',*,*,#17569,.T.);
#17567=ORIENTED_EDGE('',*,*,#17570,.T.);
#17568=EDGE_CURVE('',#337,#765,#17571,.F.);
#17569=EDGE_CURVE('',#765,#767,#17572,.T.);
#17570=EDGE_CURVE('',#767,#337,#17573,.T.);
#17571=LINE('',#336,#17574);
#17572=LINE('',#764,#17575);
#17573=LINE('',#766,#17576);
#17574=VECTOR('',#17577,1.0);
#17575=VECTOR('',#17578,1.0);
#17576=VECTOR('',#17579,1.0);
#17577=DIRECTION('',(0,0,-1));
#17578=DIRECTION('',(0.43979623337014073,-0.8980975855180977,0));
#17579=DIRECTION('',(-0.09285945604196108,0.18962611986178796,0.9774553985168603));
#17580=FACE_SURFACE('',(#17585),#17581,.T.);
#17581=PLANE('',#17582);
#17582=AXIS2_PLACEMENT_3D('',#336,#17583,#17584);
#17583=DIRECTION('',(-0.8980975855180976,-0.4397962333701407,0));
#17584=DIRECTION('',(0.09285945604196108,-0.18962611986178796,-0.9774553985168603));
#17585=FACE_BOUND('',#17586,.T.);
#17586=EDGE_LOOP('',(#17587,#17588,#17589));
#17587=ORIENTED_EDGE('',*,*,#17590,.T.);
#17588=ORIENTED_EDGE('',*,*,#17591,.T.);
#17589=ORIENTED_EDGE('',*,*,#17592,.T.);
#17590=EDGE_CURVE('',#337,#767,#17593,.F.);
#17591=EDGE_CURVE('',#767,#335,#17594,.T.);
#17592=EDGE_CURVE('',#335,#337,#17595,.T.);
#17593=LINE('',#336,#17596);
#17594=LINE('',#766,#17597);
#17595=LINE('',#334,#17598);
#17596=VECTOR('',#17599,1.0);
#17597=VECTOR('',#17600,1.0);
#17598=VECTOR('',#17601,1.0);
#17599=DIRECTION('',(0.09285945604196108,-0.18962611986178796,-0.9774553985168603));
#17600=DIRECTION('',(0,0,1));
#17601=DIRECTION('',(-0.43979623337014073,0.8980975855180977,0));
#17602=FACE_SURFACE('',(#17607),#17603,.T.);
#17603=PLANE('',#17604);
#17604=AXIS2_PLACEMENT_3D('',#612,#17605,#17606);
#17605=DIRECTION('',(0,0,-1));
#17606=DIRECTION('',(-0.3245567392338114,0.945866228923475,0));
#17607=FACE_BOUND('',#17608,.T.);
#17608=EDGE_LOOP('',(#17609,#17610,#17611));
#17609=ORIENTED_EDGE('',*,*,#17612,.T.);
#17610=ORIENTED_EDGE('',*,*,#17613,.T.);
#17611=ORIENTED_EDGE('',*,*,#17614,.T.);
#17612=EDGE_CURVE('',#613,#801,#17615,.F.);
#17613=EDGE_CURVE('',#801,#499,#17616,.T.);
#17614=EDGE_CURVE('',#499,#613,#17617,.T.);
#17615=LINE('',#612,#17618);
#17616=LINE('',#800,#17619);
#17617=LINE('',#498,#17620);
#17618=VECTOR('',#17621,1.0);
#17619=VECTOR('',#17622,1.0);
#17620=VECTOR('',#17623,1.0);
#17621=DIRECTION('',(-0.3245567392338114,0.945866228923475,0));
#17622=DIRECTION('',(0.9728314479775186,-0.2315145218468259,0));
#17623=DIRECTION('',(-0.9742185977788931,0.22560612523095946,0));
#17624=FACE_SURFACE('',(#17629),#17625,.T.);
#17625=PLANE('',#17626);
#17626=AXIS2_PLACEMENT_3D('',#800,#17627,#17628);
#17627=DIRECTION('',(0,0,-1));
#17628=DIRECTION('',(-0.43979536147012105,0.898098012484921,0));
#17629=FACE_BOUND('',#17630,.T.);
#17630=EDGE_LOOP('',(#17631,#17632,#17633));
#17631=ORIENTED_EDGE('',*,*,#17634,.T.);
#17632=ORIENTED_EDGE('',*,*,#17635,.T.);
#17633=ORIENTED_EDGE('',*,*,#17636,.T.);
#17634=EDGE_CURVE('',#801,#797,#17637,.F.);
#17635=EDGE_CURVE('',#797,#499,#17638,.T.);
#17636=EDGE_CURVE('',#499,#801,#17639,.T.);
#17637=LINE('',#800,#17640);
#17638=LINE('',#796,#17641);
#17639=LINE('',#498,#17642);
#17640=VECTOR('',#17643,1.0);
#17641=VECTOR('',#17644,1.0);
#17642=VECTOR('',#17645,1.0);
#17643=DIRECTION('',(-0.43979536147012105,0.898098012484921,0));
#17644=DIRECTION('',(0.9715419956196357,-0.23686736952863682,0));
#17645=DIRECTION('',(-0.9728314479775186,0.2315145218468259,0));
#17646=FACE_SURFACE('',(#17651),#17647,.T.);
#17647=PLANE('',#17648);
#17648=AXIS2_PLACEMENT_3D('',#334,#17649,#17650);
#17649=DIRECTION('',(-0.9458650644686237,-0.32456013282251134,-0));
#17650=DIRECTION('',(0,0,-1));
#17651=FACE_BOUND('',#17652,.T.);
#17652=EDGE_LOOP('',(#17653,#17654,#17655));
#17653=ORIENTED_EDGE('',*,*,#17656,.T.);
#17654=ORIENTED_EDGE('',*,*,#17657,.T.);
#17655=ORIENTED_EDGE('',*,*,#17658,.T.);
#17656=EDGE_CURVE('',#335,#767,#17659,.F.);
#17657=EDGE_CURVE('',#767,#827,#17660,.T.);
#17658=EDGE_CURVE('',#827,#335,#17661,.T.);
#17659=LINE('',#334,#17662);
#17660=LINE('',#766,#17663);
#17661=LINE('',#826,#17664);
#17662=VECTOR('',#17665,1.0);
#17663=VECTOR('',#17666,1.0);
#17664=VECTOR('',#17667,1.0);
#17665=DIRECTION('',(0,0,-1));
#17666=DIRECTION('',(0.32456013282251134,-0.9458650644686237,0));
#17667=DIRECTION('',(-0.06842632558932694,0.19941472879632333,0.9775231986533273));
#17668=FACE_SURFACE('',(#17673),#17669,.T.);
#17669=PLANE('',#17670);
#17670=AXIS2_PLACEMENT_3D('',#334,#17671,#17672);
#17671=DIRECTION('',(-0.9458650644686237,-0.32456013282251134,0));
#17672=DIRECTION('',(0.06842632558932694,-0.19941472879632333,-0.9775231986533273));
#17673=FACE_BOUND('',#17674,.T.);
#17674=EDGE_LOOP('',(#17675,#17676,#17677));
#17675=ORIENTED_EDGE('',*,*,#17678,.T.);
#17676=ORIENTED_EDGE('',*,*,#17679,.T.);
#17677=ORIENTED_EDGE('',*,*,#17680,.T.);
#17678=EDGE_CURVE('',#335,#827,#17681,.F.);
#17679=EDGE_CURVE('',#827,#355,#17682,.T.);
#17680=EDGE_CURVE('',#355,#335,#17683,.T.);
#17681=LINE('',#334,#17684);
#17682=LINE('',#826,#17685);
#17683=LINE('',#354,#17686);
#17684=VECTOR('',#17687,1.0);
#17685=VECTOR('',#17688,1.0);
#17686=VECTOR('',#17689,1.0);
#17687=DIRECTION('',(0.06842632558932694,-0.19941472879632333,-0.9775231986533273));
#17688=DIRECTION('',(0,0,1));
#17689=DIRECTION('',(-0.32456013282251134,0.9458650644686237,0));
#17690=FACE_SURFACE('',(#17695),#17691,.T.);
#17691=PLANE('',#17692);
#17692=AXIS2_PLACEMENT_3D('',#354,#17693,#17694);
#17693=DIRECTION('',(-0.9809351306867745,-0.19433545580907408,-0));
#17694=DIRECTION('',(0,0,-1));
#17695=FACE_BOUND('',#17696,.T.);
#17696=EDGE_LOOP('',(#17697,#17698,#17699));
#17697=ORIENTED_EDGE('',*,*,#17700,.T.);
#17698=ORIENTED_EDGE('',*,*,#17701,.T.);
#17699=ORIENTED_EDGE('',*,*,#17702,.T.);
#17700=EDGE_CURVE('',#355,#827,#17703,.F.);
#17701=EDGE_CURVE('',#827,#825,#17704,.T.);
#17702=EDGE_CURVE('',#825,#355,#17705,.T.);
#17703=LINE('',#354,#17706);
#17704=LINE('',#826,#17707);
#17705=LINE('',#824,#17708);
#17706=VECTOR('',#17709,1.0);
#17707=VECTOR('',#17710,1.0);
#17708=VECTOR('',#17711,1.0);
#17709=DIRECTION('',(0,0,-1));
#17710=DIRECTION('',(0.19433545580907408,-0.9809351306867745,0));
#17711=DIRECTION('',(-0.04105203002372371,0.20721580767969422,0.9774335475512305));
#17712=FACE_SURFACE('',(#17717),#17713,.T.);
#17713=PLANE('',#17714);
#17714=AXIS2_PLACEMENT_3D('',#354,#17715,#17716);
#17715=DIRECTION('',(-0.9809351306867745,-0.19433545580907408,0));
#17716=DIRECTION('',(0.04105203002372371,-0.20721580767969422,-0.9774335475512305));
#17717=FACE_BOUND('',#17718,.T.);
#17718=EDGE_LOOP('',(#17719,#17720,#17721));
#17719=ORIENTED_EDGE('',*,*,#17722,.T.);
#17720=ORIENTED_EDGE('',*,*,#17723,.T.);
#17721=ORIENTED_EDGE('',*,*,#17724,.T.);
#17722=EDGE_CURVE('',#355,#825,#17725,.F.);
#17723=EDGE_CURVE('',#825,#359,#17726,.T.);
#17724=EDGE_CURVE('',#359,#355,#17727,.T.);
#17725=LINE('',#354,#17728);
#17726=LINE('',#824,#17729);
#17727=LINE('',#358,#17730);
#17728=VECTOR('',#17731,1.0);
#17729=VECTOR('',#17732,1.0);
#17730=VECTOR('',#17733,1.0);
#17731=DIRECTION('',(0.04105203002372371,-0.20721580767969422,-0.9774335475512305));
#17732=DIRECTION('',(0,0,1));
#17733=DIRECTION('',(-0.19433545580907408,0.9809351306867745,0));
#17734=FACE_SURFACE('',(#17739),#17735,.T.);
#17735=PLANE('',#17736);
#17736=AXIS2_PLACEMENT_3D('',#358,#17737,#17738);
#17737=DIRECTION('',(-0.9979061437955873,-0.06467865316331728,-0));
#17738=DIRECTION('',(0,0,-1));
#17739=FACE_BOUND('',#17740,.T.);
#17740=EDGE_LOOP('',(#17741,#17742,#17743));
#17741=ORIENTED_EDGE('',*,*,#17744,.T.);
#17742=ORIENTED_EDGE('',*,*,#17745,.T.);
#17743=ORIENTED_EDGE('',*,*,#17746,.T.);
#17744=EDGE_CURVE('',#359,#825,#17747,.F.);
#17745=EDGE_CURVE('',#825,#855,#17748,.T.);
#17746=EDGE_CURVE('',#855,#359,#17749,.T.);
#17747=LINE('',#358,#17750);
#17748=LINE('',#824,#17751);
#17749=LINE('',#854,#17752);
#17750=VECTOR('',#17753,1.0);
#17751=VECTOR('',#17754,1.0);
#17752=VECTOR('',#17755,1.0);
#17753=DIRECTION('',(0,0,-1));
#17754=DIRECTION('',(0.06467865316331728,-0.9979061437955873,0));
#17755=DIRECTION('',(-0.013683066863970797,0.21111163918401482,0.9773661798334514));
#17756=FACE_SURFACE('',(#17761),#17757,.T.);
#17757=PLANE('',#17758);
#17758=AXIS2_PLACEMENT_3D('',#358,#17759,#17760);
#17759=DIRECTION('',(-0.9979061437955873,-0.06467865316331728,0));
#17760=DIRECTION('',(0.013683066863970797,-0.21111163918401482,-0.9773661798334514));
#17761=FACE_BOUND('',#17762,.T.);
#17762=EDGE_LOOP('',(#17763,#17764,#17765));
#17763=ORIENTED_EDGE('',*,*,#17766,.T.);
#17764=ORIENTED_EDGE('',*,*,#17767,.T.);
#17765=ORIENTED_EDGE('',*,*,#17768,.T.);
#17766=EDGE_CURVE('',#359,#855,#17769,.F.);
#17767=EDGE_CURVE('',#855,#357,#17770,.T.);
#17768=EDGE_CURVE('',#357,#359,#17771,.T.);
#17769=LINE('',#358,#17772);
#17770=LINE('',#854,#17773);
#17771=LINE('',#356,#17774);
#17772=VECTOR('',#17775,1.0);
#17773=VECTOR('',#17776,1.0);
#17774=VECTOR('',#17777,1.0);
#17775=DIRECTION('',(0.013683066863970797,-0.21111163918401482,-0.9773661798334514));
#17776=DIRECTION('',(0,0,1));
#17777=DIRECTION('',(-0.06467865316331728,0.9979061437955873,0));
#17778=FACE_SURFACE('',(#17783),#17779,.T.);
#17779=PLANE('',#17780);
#17780=AXIS2_PLACEMENT_3D('',#852,#17781,#17782);
#17781=DIRECTION('',(-0.9979061253641285,0.06467893753574257,0));
#17782=DIRECTION('',(0,0,1));
#17783=FACE_BOUND('',#17784,.T.);
#17784=EDGE_LOOP('',(#17785,#17786,#17787));
#17785=ORIENTED_EDGE('',*,*,#17788,.T.);
#17786=ORIENTED_EDGE('',*,*,#17789,.T.);
#17787=ORIENTED_EDGE('',*,*,#17790,.T.);
#17788=EDGE_CURVE('',#853,#535,#17791,.F.);
#17789=EDGE_CURVE('',#535,#357,#17792,.T.);
#17790=EDGE_CURVE('',#357,#853,#17793,.T.);
#17791=LINE('',#852,#17794);
#17792=LINE('',#534,#17795);
#17793=LINE('',#356,#17796);
#17794=VECTOR('',#17797,1.0);
#17795=VECTOR('',#17798,1.0);
#17796=VECTOR('',#17799,1.0);
#17797=DIRECTION('',(0,0,1));
#17798=DIRECTION('',(0.06467893753574257,0.9979061253641285,0));
#17799=DIRECTION('',(-0.01368306955644896,-0.21111074863618787,-0.9773663721541588));
#17800=FACE_SURFACE('',(#17805),#17801,.T.);
#17801=PLANE('',#17802);
#17802=AXIS2_PLACEMENT_3D('',#852,#17803,#17804);
#17803=DIRECTION('',(-0.9979061253641285,0.06467893753574257,0));
#17804=DIRECTION('',(0.01368306955644896,0.21111074863618787,0.9773663721541588));
#17805=FACE_BOUND('',#17806,.T.);
#17806=EDGE_LOOP('',(#17807,#17808,#17809));
#17807=ORIENTED_EDGE('',*,*,#17810,.T.);
#17808=ORIENTED_EDGE('',*,*,#17811,.T.);
#17809=ORIENTED_EDGE('',*,*,#17812,.T.);
#17810=EDGE_CURVE('',#853,#357,#17813,.F.);
#17811=EDGE_CURVE('',#357,#855,#17814,.T.);
#17812=EDGE_CURVE('',#855,#853,#17815,.T.);
#17813=LINE('',#852,#17816);
#17814=LINE('',#356,#17817);
#17815=LINE('',#854,#17818);
#17816=VECTOR('',#17819,1.0);
#17817=VECTOR('',#17820,1.0);
#17818=VECTOR('',#17821,1.0);
#17819=DIRECTION('',(0.01368306955644896,0.21111074863618787,0.9773663721541588));
#17820=DIRECTION('',(0,0,-1));
#17821=DIRECTION('',(-0.06467893753574257,-0.9979061253641285,0));
#17822=FACE_SURFACE('',(#17827),#17823,.T.);
#17823=PLANE('',#17824);
#17824=AXIS2_PLACEMENT_3D('',#832,#17825,#17826);
#17825=DIRECTION('',(-0.9809351306867745,0.19433545580907408,0));
#17826=DIRECTION('',(0,0,1));
#17827=FACE_BOUND('',#17828,.T.);
#17828=EDGE_LOOP('',(#17829,#17830,#17831));
#17829=ORIENTED_EDGE('',*,*,#17832,.T.);
#17830=ORIENTED_EDGE('',*,*,#17833,.T.);
#17831=ORIENTED_EDGE('',*,*,#17834,.T.);
#17832=EDGE_CURVE('',#833,#375,#17835,.F.);
#17833=EDGE_CURVE('',#375,#535,#17836,.T.);
#17834=EDGE_CURVE('',#535,#833,#17837,.T.);
#17835=LINE('',#832,#17838);
#17836=LINE('',#374,#17839);
#17837=LINE('',#534,#17840);
#17838=VECTOR('',#17841,1.0);
#17839=VECTOR('',#17842,1.0);
#17840=VECTOR('',#17843,1.0);
#17841=DIRECTION('',(0,0,1));
#17842=DIRECTION('',(0.19433545580907408,0.9809351306867745,0));
#17843=DIRECTION('',(-0.04105203002372371,-0.20721580767969422,-0.9774335475512305));
#17844=FACE_SURFACE('',(#17849),#17845,.T.);
#17845=PLANE('',#17846);
#17846=AXIS2_PLACEMENT_3D('',#832,#17847,#17848);
#17847=DIRECTION('',(-0.9809351306867745,0.19433545580907408,0));
#17848=DIRECTION('',(0.04105203002372371,0.20721580767969422,0.9774335475512305));
#17849=FACE_BOUND('',#17850,.T.);
#17850=EDGE_LOOP('',(#17851,#17852,#17853));
#17851=ORIENTED_EDGE('',*,*,#17854,.T.);
#17852=ORIENTED_EDGE('',*,*,#17855,.T.);
#17853=ORIENTED_EDGE('',*,*,#17856,.T.);
#17854=EDGE_CURVE('',#833,#535,#17857,.F.);
#17855=EDGE_CURVE('',#535,#853,#17858,.T.);
#17856=EDGE_CURVE('',#853,#833,#17859,.T.);
#17857=LINE('',#832,#17860);
#17858=LINE('',#534,#17861);
#17859=LINE('',#852,#17862);
#17860=VECTOR('',#17863,1.0);
#17861=VECTOR('',#17864,1.0);
#17862=VECTOR('',#17865,1.0);
#17863=DIRECTION('',(0.04105203002372371,0.20721580767969422,0.9774335475512305));
#17864=DIRECTION('',(0,0,-1));
#17865=DIRECTION('',(-0.19433545580907408,-0.9809351306867745,0));
#17866=FACE_SURFACE('',(#17871),#17867,.T.);
#17867=PLANE('',#17868);
#17868=AXIS2_PLACEMENT_3D('',#790,#17869,#17870);
#17869=DIRECTION('',(0,0,-1));
#17870=DIRECTION('',(-0.6617854013387003,0.7496933256838928,0));
#17871=FACE_BOUND('',#17872,.T.);
#17872=EDGE_LOOP('',(#17873,#17874,#17875));
#17873=ORIENTED_EDGE('',*,*,#17876,.T.);
#17874=ORIENTED_EDGE('',*,*,#17877,.T.);
#17875=ORIENTED_EDGE('',*,*,#17878,.T.);
#17876=EDGE_CURVE('',#791,#783,#17879,.F.);
#17877=EDGE_CURVE('',#783,#499,#17880,.T.);
#17878=EDGE_CURVE('',#499,#791,#17881,.T.);
#17879=LINE('',#790,#17882);
#17880=LINE('',#782,#17883);
#17881=LINE('',#498,#17884);
#17882=VECTOR('',#17885,1.0);
#17883=VECTOR('',#17886,1.0);
#17884=VECTOR('',#17887,1.0);
#17885=DIRECTION('',(-0.6617854013387003,0.7496933256838928,0));
#17886=DIRECTION('',(0.9694158837903999,-0.24542380539564226,0));
#17887=DIRECTION('',(-0.9703912161917764,0.24153858395263708,0));
#17888=FACE_SURFACE('',(#17893),#17889,.T.);
#17889=PLANE('',#17890);
#17890=AXIS2_PLACEMENT_3D('',#804,#17891,#17892);
#17891=DIRECTION('',(0,0,-1));
#17892=DIRECTION('',(-0.9631005842511928,-0.26914171845890267,0));
#17893=FACE_BOUND('',#17894,.T.);
#17894=EDGE_LOOP('',(#17895,#17896,#17897));
#17895=ORIENTED_EDGE('',*,*,#17898,.T.);
#17896=ORIENTED_EDGE('',*,*,#17899,.T.);
#17897=ORIENTED_EDGE('',*,*,#17900,.T.);
#17898=EDGE_CURVE('',#805,#499,#17901,.F.);
#17899=EDGE_CURVE('',#499,#783,#17902,.T.);
#17900=EDGE_CURVE('',#783,#805,#17903,.T.);
#17901=LINE('',#804,#17904);
#17902=LINE('',#498,#17905);
#17903=LINE('',#782,#17906);
#17904=VECTOR('',#17907,1.0);
#17905=VECTOR('',#17908,1.0);
#17906=VECTOR('',#17909,1.0);
#17907=DIRECTION('',(-0.9631005842511928,-0.26914171845890267,0));
#17908=DIRECTION('',(-0.9694158837903999,0.24542380539564226,0));
#17909=DIRECTION('',(0.9997133219725848,0.023943138276736557,0));
#17910=FACE_SURFACE('',(#17915),#17911,.T.);
#17911=PLANE('',#17912);
#17912=AXIS2_PLACEMENT_3D('',#804,#17913,#17914);
#17913=DIRECTION('',(0,0,-1));
#17914=DIRECTION('',(-0.9997133219725848,-0.023943138276736557,0));
#17915=FACE_BOUND('',#17916,.T.);
#17916=EDGE_LOOP('',(#17917,#17918,#17919));
#17917=ORIENTED_EDGE('',*,*,#17920,.T.);
#17918=ORIENTED_EDGE('',*,*,#17921,.T.);
#17919=ORIENTED_EDGE('',*,*,#17922,.T.);
#17920=EDGE_CURVE('',#805,#783,#17923,.F.);
#17921=EDGE_CURVE('',#783,#781,#17924,.T.);
#17922=EDGE_CURVE('',#781,#805,#17925,.T.);
#17923=LINE('',#804,#17926);
#17924=LINE('',#782,#17927);
#17925=LINE('',#780,#17928);
#17926=VECTOR('',#17929,1.0);
#17927=VECTOR('',#17930,1.0);
#17928=VECTOR('',#17931,1.0);
#17929=DIRECTION('',(-0.9997133219725848,-0.023943138276736557,0));
#17930=DIRECTION('',(-0.7517088495423996,0.6594951140983851,0));
#17931=DIRECTION('',(0.9997671877157034,0.021577079668796018,0));
#17932=FACE_SURFACE('',(#17937),#17933,.T.);
#17933=PLANE('',#17934);
#17934=AXIS2_PLACEMENT_3D('',#776,#17935,#17936);
#17935=DIRECTION('',(0,0,-1));
#17936=DIRECTION('',(0.9998381744789188,0.017989576278034016,0));
#17937=FACE_BOUND('',#17938,.T.);
#17938=EDGE_LOOP('',(#17939,#17940,#17941));
#17939=ORIENTED_EDGE('',*,*,#17942,.T.);
#17940=ORIENTED_EDGE('',*,*,#17943,.T.);
#17941=ORIENTED_EDGE('',*,*,#17944,.T.);
#17942=EDGE_CURVE('',#777,#805,#17945,.F.);
#17943=EDGE_CURVE('',#805,#779,#17946,.T.);
#17944=EDGE_CURVE('',#779,#777,#17947,.T.);
#17945=LINE('',#776,#17948);
#17946=LINE('',#804,#17949);
#17947=LINE('',#778,#17950);
#17948=VECTOR('',#17951,1.0);
#17949=VECTOR('',#17952,1.0);
#17950=VECTOR('',#17953,1.0);
#17951=DIRECTION('',(0.9998381744789188,0.017989576278034016,0));
#17952=DIRECTION('',(-0.9998081420841604,-0.019587726315716786,0));
#17953=DIRECTION('',(-0.896265651280645,0.44351762347676926,0));
#17954=FACE_SURFACE('',(#17959),#17955,.T.);
#17955=PLANE('',#17956);
#17956=AXIS2_PLACEMENT_3D('',#780,#17957,#17958);
#17957=DIRECTION('',(0,0,-1));
#17958=DIRECTION('',(-0.8306300800387705,0.5568246314009337,0));
#17959=FACE_BOUND('',#17960,.T.);
#17960=EDGE_LOOP('',(#17961,#17962,#17963));
#17961=ORIENTED_EDGE('',*,*,#17964,.T.);
#17962=ORIENTED_EDGE('',*,*,#17965,.T.);
#17963=ORIENTED_EDGE('',*,*,#17966,.T.);
#17964=EDGE_CURVE('',#781,#779,#17967,.F.);
#17965=EDGE_CURVE('',#779,#805,#17968,.T.);
#17966=EDGE_CURVE('',#805,#781,#17969,.T.);
#17967=LINE('',#780,#17970);
#17968=LINE('',#778,#17971);
#17969=LINE('',#804,#17972);
#17970=VECTOR('',#17973,1.0);
#17971=VECTOR('',#17974,1.0);
#17972=VECTOR('',#17975,1.0);
#17973=DIRECTION('',(-0.8306300800387705,0.5568246314009337,0));
#17974=DIRECTION('',(0.9998081420841604,0.019587726315716786,0));
#17975=DIRECTION('',(-0.9997671877157034,-0.021577079668796018,0));
#17976=FACE_SURFACE('',(#17981),#17977,.T.);
#17977=PLANE('',#17978);
#17978=AXIS2_PLACEMENT_3D('',#44,#17979,#17980);
#17979=DIRECTION('',(0,0,-1));
#17980=DIRECTION('',(1,0,0));
#17981=FACE_BOUND('',#17982,.T.);
#17982=EDGE_LOOP('',(#17983,#17984,#17985));
#17983=ORIENTED_EDGE('',*,*,#17986,.T.);
#17984=ORIENTED_EDGE('',*,*,#17987,.T.);
#17985=ORIENTED_EDGE('',*,*,#17988,.T.);
#17986=EDGE_CURVE('',#45,#805,#17989,.F.);
#17987=EDGE_CURVE('',#805,#763,#17990,.T.);
#17988=EDGE_CURVE('',#763,#45,#17991,.T.);
#17989=LINE('',#44,#17992);
#17990=LINE('',#804,#17993);
#17991=LINE('',#762,#17994);
#17992=VECTOR('',#17995,1.0);
#17993=VECTOR('',#17996,1.0);
#17994=VECTOR('',#17997,1.0);
#17995=DIRECTION('',(1,0,0));
#17996=DIRECTION('',(-0.9998703162141153,-0.01610437064542331,0));
#17997=DIRECTION('',(-0.9576537424533809,0.2879224019853854,0));
#17998=FACE_SURFACE('',(#18003),#17999,.T.);
#17999=PLANE('',#18000);
#18000=AXIS2_PLACEMENT_3D('',#776,#18001,#18002);
#18001=DIRECTION('',(0,0,-1));
#18002=DIRECTION('',(-0.9477546755148638,0.3190001176170871,0));
#18003=FACE_BOUND('',#18004,.T.);
#18004=EDGE_LOOP('',(#18005,#18006,#18007));
#18005=ORIENTED_EDGE('',*,*,#18008,.T.);
#18006=ORIENTED_EDGE('',*,*,#18009,.T.);
#18007=ORIENTED_EDGE('',*,*,#18010,.T.);
#18008=EDGE_CURVE('',#777,#771,#18011,.F.);
#18009=EDGE_CURVE('',#771,#805,#18012,.T.);
#18010=EDGE_CURVE('',#805,#777,#18013,.T.);
#18011=LINE('',#776,#18014);
#18012=LINE('',#770,#18015);
#18013=LINE('',#804,#18016);
#18014=VECTOR('',#18017,1.0);
#18015=VECTOR('',#18018,1.0);
#18016=VECTOR('',#18019,1.0);
#18017=DIRECTION('',(-0.9477546755148638,0.3190001176170871,0));
#18018=DIRECTION('',(0.9998583770776088,0.016829313346959716,0));
#18019=DIRECTION('',(-0.9998381744789188,-0.017989576278034016,0));
#18020=FACE_SURFACE('',(#18025),#18021,.T.);
#18021=PLANE('',#18022);
#18022=AXIS2_PLACEMENT_3D('',#758,#18023,#18024);
#18023=DIRECTION('',(0,0,-1));
#18024=DIRECTION('',(-0.9533856154333518,0.30175464915187156,0));
#18025=FACE_BOUND('',#18026,.T.);
#18026=EDGE_LOOP('',(#18027,#18028,#18029));
#18027=ORIENTED_EDGE('',*,*,#18030,.T.);
#18028=ORIENTED_EDGE('',*,*,#18031,.T.);
#18029=ORIENTED_EDGE('',*,*,#18032,.T.);
#18030=EDGE_CURVE('',#759,#45,#18033,.F.);
#18031=EDGE_CURVE('',#45,#763,#18034,.T.);
#18032=EDGE_CURVE('',#763,#759,#18035,.T.);
#18033=LINE('',#758,#18036);
#18034=LINE('',#44,#18037);
#18035=LINE('',#762,#18038);
#18036=VECTOR('',#18039,1.0);
#18037=VECTOR('',#18040,1.0);
#18038=VECTOR('',#18041,1.0);
#18039=DIRECTION('',(-0.9533856154333518,0.30175464915187156,0));
#18040=DIRECTION('',(0.9576537424533809,-0.2879224019853854,0));
#18041=DIRECTION('',(-0.9975976069888874,0.06927491992088561,0));
#18042=FACE_SURFACE('',(#18047),#18043,.T.);
#18043=PLANE('',#18044);
#18044=AXIS2_PLACEMENT_3D('',#750,#18045,#18046);
#18045=DIRECTION('',(0,0,-1));
#18046=DIRECTION('',(-0.9453797061718554,0.32597118148452386,0));
#18047=FACE_BOUND('',#18048,.T.);
#18048=EDGE_LOOP('',(#18049,#18050,#18051));
#18049=ORIENTED_EDGE('',*,*,#18052,.T.);
#18050=ORIENTED_EDGE('',*,*,#18053,.T.);
#18051=ORIENTED_EDGE('',*,*,#18054,.T.);
#18052=EDGE_CURVE('',#751,#45,#18055,.F.);
#18053=EDGE_CURVE('',#45,#759,#18056,.T.);
#18054=EDGE_CURVE('',#759,#751,#18057,.T.);
#18055=LINE('',#750,#18058);
#18056=LINE('',#44,#18059);
#18057=LINE('',#758,#18060);
#18058=VECTOR('',#18061,1.0);
#18059=VECTOR('',#18062,1.0);
#18060=VECTOR('',#18063,1.0);
#18061=DIRECTION('',(-0.9453797061718554,0.32597118148452386,0));
#18062=DIRECTION('',(0.9533856154333518,-0.30175464915187156,0));
#18063=DIRECTION('',(-0.9975753008830336,-0.069595395452034,0));
#18064=FACE_SURFACE('',(#18069),#18065,.T.);
#18065=PLANE('',#18066);
#18066=AXIS2_PLACEMENT_3D('',#770,#18067,#18068);
#18067=DIRECTION('',(0,0,-1));
#18068=DIRECTION('',(-0.9809351306867745,0.19433545580907408,0));
#18069=FACE_BOUND('',#18070,.T.);
#18070=EDGE_LOOP('',(#18071,#18072,#18073));
#18071=ORIENTED_EDGE('',*,*,#18074,.T.);
#18072=ORIENTED_EDGE('',*,*,#18075,.T.);
#18073=ORIENTED_EDGE('',*,*,#18076,.T.);
#18074=EDGE_CURVE('',#771,#763,#18077,.F.);
#18075=EDGE_CURVE('',#763,#805,#18078,.T.);
#18076=EDGE_CURVE('',#805,#771,#18079,.T.);
#18077=LINE('',#770,#18080);
#18078=LINE('',#762,#18081);
#18079=LINE('',#804,#18082);
#18080=VECTOR('',#18083,1.0);
#18081=VECTOR('',#18084,1.0);
#18082=VECTOR('',#18085,1.0);
#18083=DIRECTION('',(-0.9809351306867745,0.19433545580907408,0));
#18084=DIRECTION('',(0.9998703162141153,0.01610437064542331,0));
#18085=DIRECTION('',(-0.9998583770776088,-0.016829313346959716,0));
#18086=FACE_SURFACE('',(#18091),#18087,.T.);
#18087=PLANE('',#18088);
#18088=AXIS2_PLACEMENT_3D('',#834,#18089,#18090);
#18089=DIRECTION('',(-0.9458652973625161,0.3245594540994282,0));
#18090=DIRECTION('',(0,0,1));
#18091=FACE_BOUND('',#18092,.T.);
#18092=EDGE_LOOP('',(#18093,#18094,#18095));
#18093=ORIENTED_EDGE('',*,*,#18096,.T.);
#18094=ORIENTED_EDGE('',*,*,#18097,.T.);
#18095=ORIENTED_EDGE('',*,*,#18098,.T.);
#18096=EDGE_CURVE('',#835,#373,#18099,.F.);
#18097=EDGE_CURVE('',#373,#375,#18100,.T.);
#18098=EDGE_CURVE('',#375,#835,#18101,.T.);
#18099=LINE('',#834,#18102);
#18100=LINE('',#372,#18103);
#18101=LINE('',#374,#18104);
#18102=VECTOR('',#18105,1.0);
#18103=VECTOR('',#18106,1.0);
#18104=VECTOR('',#18107,1.0);
#18105=DIRECTION('',(0,0,1));
#18106=DIRECTION('',(0.3245594540994282,0.9458652973625161,0));
#18107=DIRECTION('',(-0.06842631922902018,-0.1994151763798325,-0.9775231077914058));
#18108=FACE_SURFACE('',(#18113),#18109,.T.);
#18109=PLANE('',#18110);
#18110=AXIS2_PLACEMENT_3D('',#834,#18111,#18112);
#18111=DIRECTION('',(-0.9458652973625161,0.3245594540994282,0));
#18112=DIRECTION('',(0.06842631922902018,0.1994151763798325,0.9775231077914058));
#18113=FACE_BOUND('',#18114,.T.);
#18114=EDGE_LOOP('',(#18115,#18116,#18117));
#18115=ORIENTED_EDGE('',*,*,#18118,.T.);
#18116=ORIENTED_EDGE('',*,*,#18119,.T.);
#18117=ORIENTED_EDGE('',*,*,#18120,.T.);
#18118=EDGE_CURVE('',#835,#375,#18121,.F.);
#18119=EDGE_CURVE('',#375,#833,#18122,.T.);
#18120=EDGE_CURVE('',#833,#835,#18123,.T.);
#18121=LINE('',#834,#18124);
#18122=LINE('',#374,#18125);
#18123=LINE('',#832,#18126);
#18124=VECTOR('',#18127,1.0);
#18125=VECTOR('',#18128,1.0);
#18126=VECTOR('',#18129,1.0);
#18127=DIRECTION('',(0.06842631922902018,0.1994151763798325,0.9775231077914058));
#18128=DIRECTION('',(0,0,-1));
#18129=DIRECTION('',(-0.3245594540994282,-0.9458652973625161,0));
#18130=FACE_SURFACE('',(#18135),#18131,.T.);
#18131=PLANE('',#18132);
#18132=AXIS2_PLACEMENT_3D('',#836,#18133,#18134);
#18133=DIRECTION('',(-0.8980971585487347,0.4397971052732029,0));
#18134=DIRECTION('',(0,0,1));
#18135=FACE_BOUND('',#18136,.T.);
#18136=EDGE_LOOP('',(#18137,#18138,#18139));
#18137=ORIENTED_EDGE('',*,*,#18140,.T.);
#18138=ORIENTED_EDGE('',*,*,#18141,.T.);
#18139=ORIENTED_EDGE('',*,*,#18142,.T.);
#18140=EDGE_CURVE('',#837,#383,#18143,.F.);
#18141=EDGE_CURVE('',#383,#373,#18144,.T.);
#18142=EDGE_CURVE('',#373,#837,#18145,.T.);
#18143=LINE('',#836,#18146);
#18144=LINE('',#382,#18147);
#18145=LINE('',#372,#18148);
#18146=VECTOR('',#18149,1.0);
#18147=VECTOR('',#18150,1.0);
#18148=VECTOR('',#18151,1.0);
#18149=DIRECTION('',(0,0,1));
#18150=DIRECTION('',(0.439797105273203,0.8980971585487348,0));
#18151=DIRECTION('',(-0.0928594642490825,-0.18962567053426263,-0.9774554849065019));
#18152=FACE_SURFACE('',(#18157),#18153,.T.);
#18153=PLANE('',#18154);
#18154=AXIS2_PLACEMENT_3D('',#836,#18155,#18156);
#18155=DIRECTION('',(-0.8980971585487347,0.4397971052732029,0));
#18156=DIRECTION('',(0.0928594642490825,0.18962567053426263,0.9774554849065019));
#18157=FACE_BOUND('',#18158,.T.);
#18158=EDGE_LOOP('',(#18159,#18160,#18161));
#18159=ORIENTED_EDGE('',*,*,#18162,.T.);
#18160=ORIENTED_EDGE('',*,*,#18163,.T.);
#18161=ORIENTED_EDGE('',*,*,#18164,.T.);
#18162=EDGE_CURVE('',#837,#373,#18165,.F.);
#18163=EDGE_CURVE('',#373,#835,#18166,.T.);
#18164=EDGE_CURVE('',#835,#837,#18167,.T.);
#18165=LINE('',#836,#18168);
#18166=LINE('',#372,#18169);
#18167=LINE('',#834,#18170);
#18168=VECTOR('',#18171,1.0);
#18169=VECTOR('',#18172,1.0);
#18170=VECTOR('',#18173,1.0);
#18171=DIRECTION('',(0.0928594642490825,0.18962567053426263,0.9774554849065019));
#18172=DIRECTION('',(0,0,-1));
#18173=DIRECTION('',(-0.439797105273203,-0.8980971585487348,0));
#18174=FACE_SURFACE('',(#18179),#18175,.T.);
#18175=PLANE('',#18176);
#18176=AXIS2_PLACEMENT_3D('',#66,#18177,#18178);
#18177=DIRECTION('',(-0.83206114565212,0.5546839189088518,0));
#18178=DIRECTION('',(0,0,1));
#18179=FACE_BOUND('',#18180,.T.);
#18180=EDGE_LOOP('',(#18181,#18182,#18183));
#18181=ORIENTED_EDGE('',*,*,#18184,.T.);
#18182=ORIENTED_EDGE('',*,*,#18185,.T.);
#18183=ORIENTED_EDGE('',*,*,#18186,.T.);
#18184=EDGE_CURVE('',#67,#381,#18187,.F.);
#18185=EDGE_CURVE('',#381,#383,#18188,.T.);
#18186=EDGE_CURVE('',#383,#67,#18189,.T.);
#18187=LINE('',#66,#18190);
#18188=LINE('',#380,#18191);
#18189=LINE('',#382,#18192);
#18190=VECTOR('',#18193,1.0);
#18191=VECTOR('',#18194,1.0);
#18192=VECTOR('',#18195,1.0);
#18193=DIRECTION('',(0,0,1));
#18194=DIRECTION('',(0.5546839189088518,0.83206114565212,0));
#18195=DIRECTION('',(-0.11728215505497433,-0.17593068948448687,-0.9773910622689231));
#18196=FACE_SURFACE('',(#18201),#18197,.T.);
#18197=PLANE('',#18198);
#18198=AXIS2_PLACEMENT_3D('',#66,#18199,#18200);
#18199=DIRECTION('',(-0.83206114565212,0.5546839189088518,0));
#18200=DIRECTION('',(0.11728215505497433,0.17593068948448687,0.9773910622689231));
#18201=FACE_BOUND('',#18202,.T.);
#18202=EDGE_LOOP('',(#18203,#18204,#18205));
#18203=ORIENTED_EDGE('',*,*,#18206,.T.);
#18204=ORIENTED_EDGE('',*,*,#18207,.T.);
#18205=ORIENTED_EDGE('',*,*,#18208,.T.);
#18206=EDGE_CURVE('',#67,#383,#18209,.F.);
#18207=EDGE_CURVE('',#383,#837,#18210,.T.);
#18208=EDGE_CURVE('',#837,#67,#18211,.T.);
#18209=LINE('',#66,#18212);
#18210=LINE('',#382,#18213);
#18211=LINE('',#836,#18214);
#18212=VECTOR('',#18215,1.0);
#18213=VECTOR('',#18216,1.0);
#18214=VECTOR('',#18217,1.0);
#18215=DIRECTION('',(0.11728215505497433,0.17593068948448687,0.9773910622689231));
#18216=DIRECTION('',(0,0,-1));
#18217=DIRECTION('',(-0.5546839189088518,-0.83206114565212,0));
#18218=FACE_SURFACE('',(#18223),#18219,.T.);
#18219=PLANE('',#18220);
#18220=AXIS2_PLACEMENT_3D('',#68,#18221,#18222);
#18221=DIRECTION('',(-0.7496898522990194,0.6617893360880595,0));
#18222=DIRECTION('',(0,0,1));
#18223=FACE_BOUND('',#18224,.T.);
#18224=EDGE_LOOP('',(#18225,#18226,#18227));
#18225=ORIENTED_EDGE('',*,*,#18228,.T.);
#18226=ORIENTED_EDGE('',*,*,#18229,.T.);
#18227=ORIENTED_EDGE('',*,*,#18230,.T.);
#18228=EDGE_CURVE('',#69,#379,#18231,.F.);
#18229=EDGE_CURVE('',#379,#381,#18232,.T.);
#18230=EDGE_CURVE('',#381,#69,#18233,.T.);
#18231=LINE('',#68,#18234);
#18232=LINE('',#378,#18235);
#18233=LINE('',#380,#18236);
#18234=VECTOR('',#18237,1.0);
#18235=VECTOR('',#18238,1.0);
#18236=VECTOR('',#18239,1.0);
#18237=DIRECTION('',(0,0,1));
#18238=DIRECTION('',(0.6617893360880593,0.7496898522990194,0));
#18239=DIRECTION('',(-0.13977914856794785,-0.15834496497605058,-0.9774398506774484));
#18240=FACE_SURFACE('',(#18245),#18241,.T.);
#18241=PLANE('',#18242);
#18242=AXIS2_PLACEMENT_3D('',#68,#18243,#18244);
#18243=DIRECTION('',(-0.7496898522990194,0.6617893360880595,0));
#18244=DIRECTION('',(0.13977914856794785,0.15834496497605058,0.9774398506774484));
#18245=FACE_BOUND('',#18246,.T.);
#18246=EDGE_LOOP('',(#18247,#18248,#18249));
#18247=ORIENTED_EDGE('',*,*,#18250,.T.);
#18248=ORIENTED_EDGE('',*,*,#18251,.T.);
#18249=ORIENTED_EDGE('',*,*,#18252,.T.);
#18250=EDGE_CURVE('',#69,#381,#18253,.F.);
#18251=EDGE_CURVE('',#381,#67,#18254,.T.);
#18252=EDGE_CURVE('',#67,#69,#18255,.T.);
#18253=LINE('',#68,#18256);
#18254=LINE('',#380,#18257);
#18255=LINE('',#66,#18258);
#18256=VECTOR('',#18259,1.0);
#18257=VECTOR('',#18260,1.0);
#18258=VECTOR('',#18261,1.0);
#18259=DIRECTION('',(0.13977914856794785,0.15834496497605058,0.9774398506774484));
#18260=DIRECTION('',(0,0,-1));
#18261=DIRECTION('',(-0.6617893360880593,-0.7496898522990194,0));
#18262=FACE_SURFACE('',(#18267),#18263,.T.);
#18263=PLANE('',#18264);
#18264=AXIS2_PLACEMENT_3D('',#68,#18265,#18266);
#18265=DIRECTION('',(-0.6594979505291725,0.7517063610531849,0));
#18266=DIRECTION('',(-0.15929271442107976,-0.1397529994927076,0.9772895836266524));
#18267=FACE_BOUND('',#18268,.T.);
#18268=EDGE_LOOP('',(#18269,#18270,#18271));
#18269=ORIENTED_EDGE('',*,*,#18272,.T.);
#18270=ORIENTED_EDGE('',*,*,#18273,.T.);
#18271=ORIENTED_EDGE('',*,*,#18274,.T.);
#18272=EDGE_CURVE('',#69,#301,#18275,.F.);
#18273=EDGE_CURVE('',#301,#379,#18276,.T.);
#18274=EDGE_CURVE('',#379,#69,#18277,.T.);
#18275=LINE('',#68,#18278);
#18276=LINE('',#300,#18279);
#18277=LINE('',#378,#18280);
#18278=VECTOR('',#18281,1.0);
#18279=VECTOR('',#18282,1.0);
#18280=VECTOR('',#18283,1.0);
#18281=DIRECTION('',(-0.15929271442107976,-0.1397529994927076,0.9772895836266524));
#18282=DIRECTION('',(0.751706361053185,0.6594979505291725,0));
#18283=DIRECTION('',(0,0,-1));
#18284=FACE_SURFACE('',(#18289),#18285,.T.);
#18285=PLANE('',#18286);
#18286=AXIS2_PLACEMENT_3D('',#192,#18287,#18288);
#18287=DIRECTION('',(0.7497073694116541,-0.6617694917793185,0));
#18288=DIRECTION('',(0.13977183698405773,0.15834513002617578,-0.9774408695072533));
#18289=FACE_BOUND('',#18290,.T.);
#18290=EDGE_LOOP('',(#18291,#18292,#18293));
#18291=ORIENTED_EDGE('',*,*,#18294,.T.);
#18292=ORIENTED_EDGE('',*,*,#18295,.T.);
#18293=ORIENTED_EDGE('',*,*,#18296,.T.);
#18294=EDGE_CURVE('',#193,#87,#18297,.F.);
#18295=EDGE_CURVE('',#87,#397,#18298,.T.);
#18296=EDGE_CURVE('',#397,#193,#18299,.T.);
#18297=LINE('',#192,#18300);
#18298=LINE('',#86,#18301);
#18299=LINE('',#396,#18302);
#18300=VECTOR('',#18303,1.0);
#18301=VECTOR('',#18304,1.0);
#18302=VECTOR('',#18305,1.0);
#18303=DIRECTION('',(0.13977183698405773,0.15834513002617578,-0.9774408695072533));
#18304=DIRECTION('',(0,0,1));
#18305=DIRECTION('',(-0.6617694917793185,-0.7497073694116542,0));
#18306=FACE_SURFACE('',(#18311),#18307,.T.);
#18307=PLANE('',#18308);
#18308=AXIS2_PLACEMENT_3D('',#82,#18309,#18310);
#18309=DIRECTION('',(0.6594792649146743,-0.7517227541770973,0));
#18310=DIRECTION('',(0,0,1));
#18311=FACE_BOUND('',#18312,.T.);
#18312=EDGE_LOOP('',(#18313,#18314,#18315));
#18313=ORIENTED_EDGE('',*,*,#18316,.T.);
#18314=ORIENTED_EDGE('',*,*,#18317,.T.);
#18315=ORIENTED_EDGE('',*,*,#18318,.T.);
#18316=EDGE_CURVE('',#83,#579,#18319,.F.);
#18317=EDGE_CURVE('',#579,#397,#18320,.T.);
#18318=EDGE_CURVE('',#397,#83,#18321,.T.);
#18319=LINE('',#82,#18322);
#18320=LINE('',#578,#18323);
#18321=LINE('',#396,#18324);
#18322=VECTOR('',#18325,1.0);
#18323=VECTOR('',#18326,1.0);
#18324=VECTOR('',#18327,1.0);
#18325=DIRECTION('',(0,0,1));
#18326=DIRECTION('',(-0.7517227541770974,-0.6594792649146743,0));
#18327=DIRECTION('',(0.15929999171742373,0.1397523765975701,-0.977288486514683));
#18328=FACE_SURFACE('',(#18333),#18329,.T.);
#18329=PLANE('',#18330);
#18330=AXIS2_PLACEMENT_3D('',#82,#18331,#18332);
#18331=DIRECTION('',(0.6594792649146743,-0.7517227541770973,0));
#18332=DIRECTION('',(-0.15929999171742373,-0.1397523765975701,0.977288486514683));
#18333=FACE_BOUND('',#18334,.T.);
#18334=EDGE_LOOP('',(#18335,#18336,#18337));
#18335=ORIENTED_EDGE('',*,*,#18338,.T.);
#18336=ORIENTED_EDGE('',*,*,#18339,.T.);
#18337=ORIENTED_EDGE('',*,*,#18340,.T.);
#18338=EDGE_CURVE('',#83,#397,#18341,.F.);
#18339=EDGE_CURVE('',#397,#87,#18342,.T.);
#18340=EDGE_CURVE('',#87,#83,#18343,.T.);
#18341=LINE('',#82,#18344);
#18342=LINE('',#396,#18345);
#18343=LINE('',#86,#18346);
#18344=VECTOR('',#18347,1.0);
#18345=VECTOR('',#18348,1.0);
#18346=VECTOR('',#18349,1.0);
#18347=DIRECTION('',(-0.15929999171742373,-0.1397523765975701,0.977288486514683));
#18348=DIRECTION('',(0,0,-1));
#18349=DIRECTION('',(0.7517227541770974,0.6594792649146743,0));
#18350=FACE_SURFACE('',(#18355),#18351,.T.);
#18351=PLANE('',#18352);
#18352=AXIS2_PLACEMENT_3D('',#80,#18353,#18354);
#18353=DIRECTION('',(0.5568378508198693,-0.8306212180617041,0));
#18354=DIRECTION('',(0,0,1));
#18355=FACE_BOUND('',#18356,.T.);
#18356=EDGE_LOOP('',(#18357,#18358,#18359));
#18357=ORIENTED_EDGE('',*,*,#18360,.T.);
#18358=ORIENTED_EDGE('',*,*,#18361,.T.);
#18359=ORIENTED_EDGE('',*,*,#18362,.T.);
#18360=EDGE_CURVE('',#81,#581,#18363,.F.);
#18361=EDGE_CURVE('',#581,#579,#18364,.T.);
#18362=EDGE_CURVE('',#579,#81,#18365,.T.);
#18363=LINE('',#80,#18366);
#18364=LINE('',#580,#18367);
#18365=LINE('',#578,#18368);
#18366=VECTOR('',#18369,1.0);
#18367=VECTOR('',#18370,1.0);
#18368=VECTOR('',#18371,1.0);
#18369=DIRECTION('',(0,0,1));
#18370=DIRECTION('',(-0.8306212180617042,-0.5568378508198693,0));
#18371=DIRECTION('',(0.17498373120000424,0.1173068574352428,-0.9775580775657231));
#18372=FACE_SURFACE('',(#18377),#18373,.T.);
#18373=PLANE('',#18374);
#18374=AXIS2_PLACEMENT_3D('',#80,#18375,#18376);
#18375=DIRECTION('',(0.5568378508198693,-0.8306212180617041,0));
#18376=DIRECTION('',(-0.17498373120000424,-0.1173068574352428,0.9775580775657231));
#18377=FACE_BOUND('',#18378,.T.);
#18378=EDGE_LOOP('',(#18379,#18380,#18381));
#18379=ORIENTED_EDGE('',*,*,#18382,.T.);
#18380=ORIENTED_EDGE('',*,*,#18383,.T.);
#18381=ORIENTED_EDGE('',*,*,#18384,.T.);
#18382=EDGE_CURVE('',#81,#579,#18385,.F.);
#18383=EDGE_CURVE('',#579,#83,#18386,.T.);
#18384=EDGE_CURVE('',#83,#81,#18387,.T.);
#18385=LINE('',#80,#18388);
#18386=LINE('',#578,#18389);
#18387=LINE('',#82,#18390);
#18388=VECTOR('',#18391,1.0);
#18389=VECTOR('',#18392,1.0);
#18390=VECTOR('',#18393,1.0);
#18391=DIRECTION('',(-0.17498373120000424,-0.1173068574352428,0.9775580775657231));
#18392=DIRECTION('',(0,0,-1));
#18393=DIRECTION('',(0.8306212180617042,0.5568378508198693,0));
#18394=FACE_SURFACE('',(#18399),#18395,.T.);
#18395=PLANE('',#18396);
#18396=AXIS2_PLACEMENT_3D('',#106,#18397,#18398);
#18397=DIRECTION('',(0.4435141024671238,-0.8962673936458815,0));
#18398=DIRECTION('',(0,0,1));
#18399=FACE_BOUND('',#18400,.T.);
#18400=EDGE_LOOP('',(#18401,#18402,#18403));
#18401=ORIENTED_EDGE('',*,*,#18404,.T.);
#18402=ORIENTED_EDGE('',*,*,#18405,.T.);
#18403=ORIENTED_EDGE('',*,*,#18406,.T.);
#18404=EDGE_CURVE('',#107,#407,#18407,.F.);
#18405=EDGE_CURVE('',#407,#581,#18408,.T.);
#18406=EDGE_CURVE('',#581,#107,#18409,.T.);
#18407=LINE('',#106,#18410);
#18408=LINE('',#406,#18411);
#18409=LINE('',#580,#18412);
#18410=VECTOR('',#18413,1.0);
#18411=VECTOR('',#18414,1.0);
#18412=VECTOR('',#18415,1.0);
#18413=DIRECTION('',(0,0,1));
#18414=DIRECTION('',(-0.8962673936458815,-0.4435141024671238,0));
#18415=DIRECTION('',(0.1896092871755246,0.09382734819683725,-0.9773662296944473));
#18416=FACE_SURFACE('',(#18421),#18417,.T.);
#18417=PLANE('',#18418);
#18418=AXIS2_PLACEMENT_3D('',#106,#18419,#18420);
#18419=DIRECTION('',(0.4435141024671238,-0.8962673936458815,0));
#18420=DIRECTION('',(-0.1896092871755246,-0.09382734819683725,0.9773662296944473));
#18421=FACE_BOUND('',#18422,.T.);
#18422=EDGE_LOOP('',(#18423,#18424,#18425));
#18423=ORIENTED_EDGE('',*,*,#18426,.T.);
#18424=ORIENTED_EDGE('',*,*,#18427,.T.);
#18425=ORIENTED_EDGE('',*,*,#18428,.T.);
#18426=EDGE_CURVE('',#107,#581,#18429,.F.);
#18427=EDGE_CURVE('',#581,#81,#18430,.T.);
#18428=EDGE_CURVE('',#81,#107,#18431,.T.);
#18429=LINE('',#106,#18432);
#18430=LINE('',#580,#18433);
#18431=LINE('',#80,#18434);
#18432=VECTOR('',#18435,1.0);
#18433=VECTOR('',#18436,1.0);
#18434=VECTOR('',#18437,1.0);
#18435=DIRECTION('',(-0.1896092871755246,-0.09382734819683725,0.9773662296944473));
#18436=DIRECTION('',(0,0,-1));
#18437=DIRECTION('',(0.8962673936458815,0.4435141024671238,0));
#18438=FACE_SURFACE('',(#18443),#18439,.T.);
#18439=PLANE('',#18440);
#18440=AXIS2_PLACEMENT_3D('',#276,#18441,#18442);
#18441=DIRECTION('',(0.319007468593123,-0.9477522012540027,0));
#18442=DIRECTION('',(0,0,1));
#18443=FACE_BOUND('',#18444,.T.);
#18444=EDGE_LOOP('',(#18445,#18446,#18447));
#18445=ORIENTED_EDGE('',*,*,#18448,.T.);
#18446=ORIENTED_EDGE('',*,*,#18449,.T.);
#18447=ORIENTED_EDGE('',*,*,#18450,.T.);
#18448=EDGE_CURVE('',#277,#409,#18451,.F.);
#18449=EDGE_CURVE('',#409,#407,#18452,.T.);
#18450=EDGE_CURVE('',#407,#277,#18453,.T.);
#18451=LINE('',#276,#18454);
#18452=LINE('',#408,#18455);
#18453=LINE('',#406,#18456);
#18454=VECTOR('',#18457,1.0);
#18455=VECTOR('',#18458,1.0);
#18456=VECTOR('',#18459,1.0);
#18457=DIRECTION('',(0,0,1));
#18458=DIRECTION('',(-0.9477522012540027,-0.319007468593123,0));
#18459=DIRECTION('',(0.2003609692988857,0.0674402502429767,-0.9773982272486358));
#18460=FACE_SURFACE('',(#18465),#18461,.T.);
#18461=PLANE('',#18462);
#18462=AXIS2_PLACEMENT_3D('',#276,#18463,#18464);
#18463=DIRECTION('',(0.319007468593123,-0.9477522012540027,0));
#18464=DIRECTION('',(-0.2003609692988857,-0.0674402502429767,0.9773982272486358));
#18465=FACE_BOUND('',#18466,.T.);
#18466=EDGE_LOOP('',(#18467,#18468,#18469));
#18467=ORIENTED_EDGE('',*,*,#18470,.T.);
#18468=ORIENTED_EDGE('',*,*,#18471,.T.);
#18469=ORIENTED_EDGE('',*,*,#18472,.T.);
#18470=EDGE_CURVE('',#277,#407,#18473,.F.);
#18471=EDGE_CURVE('',#407,#107,#18474,.T.);
#18472=EDGE_CURVE('',#107,#277,#18475,.T.);
#18473=LINE('',#276,#18476);
#18474=LINE('',#406,#18477);
#18475=LINE('',#106,#18478);
#18476=VECTOR('',#18479,1.0);
#18477=VECTOR('',#18480,1.0);
#18478=VECTOR('',#18481,1.0);
#18479=DIRECTION('',(-0.2003609692988857,-0.0674402502429767,0.9773982272486358));
#18480=DIRECTION('',(0,0,-1));
#18481=DIRECTION('',(0.9477522012540027,0.319007468593123,0));
#18482=FACE_SURFACE('',(#18487),#18483,.T.);
#18483=PLANE('',#18484);
#18484=AXIS2_PLACEMENT_3D('',#288,#18485,#18486);
#18485=DIRECTION('',(0.19433253173697246,-0.9809357099773147,0));
#18486=DIRECTION('',(0,0,1));
#18487=FACE_BOUND('',#18488,.T.);
#18488=EDGE_LOOP('',(#18489,#18490,#18491));
#18489=ORIENTED_EDGE('',*,*,#18492,.T.);
#18490=ORIENTED_EDGE('',*,*,#18493,.T.);
#18491=ORIENTED_EDGE('',*,*,#18494,.T.);
#18492=EDGE_CURVE('',#289,#441,#18495,.F.);
#18493=EDGE_CURVE('',#441,#409,#18496,.T.);
#18494=EDGE_CURVE('',#409,#289,#18497,.T.);
#18495=LINE('',#288,#18498);
#18496=LINE('',#440,#18499);
#18497=LINE('',#408,#18500);
#18498=VECTOR('',#18501,1.0);
#18499=VECTOR('',#18502,1.0);
#18500=VECTOR('',#18503,1.0);
#18501=DIRECTION('',(0,0,1));
#18502=DIRECTION('',(-0.9809357099773147,-0.19433253173697249,0));
#18503=DIRECTION('',(0.2072211564741844,0.04105244773688876,-0.9774323960480907));
#18504=FACE_SURFACE('',(#18509),#18505,.T.);
#18505=PLANE('',#18506);
#18506=AXIS2_PLACEMENT_3D('',#288,#18507,#18508);
#18507=DIRECTION('',(0.19433253173697246,-0.9809357099773147,0));
#18508=DIRECTION('',(-0.2072211564741844,-0.04105244773688876,0.9774323960480907));
#18509=FACE_BOUND('',#18510,.T.);
#18510=EDGE_LOOP('',(#18511,#18512,#18513));
#18511=ORIENTED_EDGE('',*,*,#18514,.T.);
#18512=ORIENTED_EDGE('',*,*,#18515,.T.);
#18513=ORIENTED_EDGE('',*,*,#18516,.T.);
#18514=EDGE_CURVE('',#289,#409,#18517,.F.);
#18515=EDGE_CURVE('',#409,#277,#18518,.T.);
#18516=EDGE_CURVE('',#277,#289,#18519,.T.);
#18517=LINE('',#288,#18520);
#18518=LINE('',#408,#18521);
#18519=LINE('',#276,#18522);
#18520=VECTOR('',#18523,1.0);
#18521=VECTOR('',#18524,1.0);
#18522=VECTOR('',#18525,1.0);
#18523=DIRECTION('',(-0.2072211564741844,-0.04105244773688876,0.9774323960480907));
#18524=DIRECTION('',(0,0,-1));
#18525=DIRECTION('',(0.9809357099773147,0.19433253173697249,0));
#18526=FACE_SURFACE('',(#18531),#18527,.T.);
#18527=PLANE('',#18528);
#18528=AXIS2_PLACEMENT_3D('',#440,#18529,#18530);
#18529=DIRECTION('',(0.06468007505039759,-0.9979060516358617,0));
#18530=DIRECTION('',(0,0,-1));
#18531=FACE_BOUND('',#18532,.T.);
#18532=EDGE_LOOP('',(#18533,#18534,#18535));
#18533=ORIENTED_EDGE('',*,*,#18536,.T.);
#18534=ORIENTED_EDGE('',*,*,#18537,.T.);
#18535=ORIENTED_EDGE('',*,*,#18538,.T.);
#18536=EDGE_CURVE('',#441,#289,#18539,.F.);
#18537=EDGE_CURVE('',#289,#843,#18540,.T.);
#18538=EDGE_CURVE('',#843,#441,#18541,.T.);
#18539=LINE('',#440,#18542);
#18540=LINE('',#288,#18543);
#18541=LINE('',#842,#18544);
#18542=VECTOR('',#18545,1.0);
#18543=VECTOR('',#18546,1.0);
#18544=VECTOR('',#18547,1.0);
#18545=DIRECTION('',(0,0,-1));
#18546=DIRECTION('',(0.9979060516358615,0.06468007505039758,0));
#18547=DIRECTION('',(-0.2111071864396231,-0.01368308032625864,0.9773671414296325));
#18548=FACE_SURFACE('',(#18553),#18549,.T.);
#18549=PLANE('',#18550);
#18550=AXIS2_PLACEMENT_3D('',#440,#18551,#18552);
#18551=DIRECTION('',(0.06468007505039759,-0.9979060516358617,0));
#18552=DIRECTION('',(0.2111071864396231,0.01368308032625864,-0.9773671414296325));
#18553=FACE_BOUND('',#18554,.T.);
#18554=EDGE_LOOP('',(#18555,#18556,#18557));
#18555=ORIENTED_EDGE('',*,*,#18558,.T.);
#18556=ORIENTED_EDGE('',*,*,#18559,.T.);
#18557=ORIENTED_EDGE('',*,*,#18560,.T.);
#18558=EDGE_CURVE('',#441,#843,#18561,.F.);
#18559=EDGE_CURVE('',#843,#519,#18562,.T.);
#18560=EDGE_CURVE('',#519,#441,#18563,.T.);
#18561=LINE('',#440,#18564);
#18562=LINE('',#842,#18565);
#18563=LINE('',#518,#18566);
#18564=VECTOR('',#18567,1.0);
#18565=VECTOR('',#18568,1.0);
#18566=VECTOR('',#18569,1.0);
#18567=DIRECTION('',(0.2111071864396231,0.01368308032625864,-0.9773671414296325));
#18568=DIRECTION('',(0,0,1));
#18569=DIRECTION('',(-0.9979060516358615,-0.06468007505039758,0));
#18570=FACE_SURFACE('',(#18575),#18571,.T.);
#18571=PLANE('',#18572);
#18572=AXIS2_PLACEMENT_3D('',#844,#18573,#18574);
#18573=DIRECTION('',(-0.0649771897843992,-0.9978867494900021,0));
#18574=DIRECTION('',(0,0,1));
#18575=FACE_BOUND('',#18576,.T.);
#18576=EDGE_LOOP('',(#18577,#18578,#18579));
#18577=ORIENTED_EDGE('',*,*,#18580,.T.);
#18578=ORIENTED_EDGE('',*,*,#18581,.T.);
#18579=ORIENTED_EDGE('',*,*,#18582,.T.);
#18580=EDGE_CURVE('',#845,#501,#18583,.F.);
#18581=EDGE_CURVE('',#501,#519,#18584,.T.);
#18582=EDGE_CURVE('',#519,#845,#18585,.T.);
#18583=LINE('',#844,#18586);
#18584=LINE('',#500,#18587);
#18585=LINE('',#518,#18588);
#18586=VECTOR('',#18589,1.0);
#18587=VECTOR('',#18590,1.0);
#18588=VECTOR('',#18591,1.0);
#18589=DIRECTION('',(0,0,1));
#18590=DIRECTION('',(-0.9978867494900021,0.0649771897843992,0));
#18591=DIRECTION('',(0.21018073027759007,-0.013685874882345473,-0.9775667534489314));
#18592=FACE_SURFACE('',(#18597),#18593,.T.);
#18593=PLANE('',#18594);
#18594=AXIS2_PLACEMENT_3D('',#844,#18595,#18596);
#18595=DIRECTION('',(-0.0649771897843992,-0.9978867494900021,0));
#18596=DIRECTION('',(-0.21018073027759007,0.013685874882345473,0.9775667534489314));
#18597=FACE_BOUND('',#18598,.T.);
#18598=EDGE_LOOP('',(#18599,#18600,#18601));
#18599=ORIENTED_EDGE('',*,*,#18602,.T.);
#18600=ORIENTED_EDGE('',*,*,#18603,.T.);
#18601=ORIENTED_EDGE('',*,*,#18604,.T.);
#18602=EDGE_CURVE('',#845,#519,#18605,.F.);
#18603=EDGE_CURVE('',#519,#843,#18606,.T.);
#18604=EDGE_CURVE('',#843,#845,#18607,.T.);
#18605=LINE('',#844,#18608);
#18606=LINE('',#518,#18609);
#18607=LINE('',#842,#18610);
#18608=VECTOR('',#18611,1.0);
#18609=VECTOR('',#18612,1.0);
#18610=VECTOR('',#18613,1.0);
#18611=DIRECTION('',(-0.21018073027759007,0.013685874882345473,0.9775667534489314));
#18612=DIRECTION('',(0,0,-1));
#18613=DIRECTION('',(0.9978867494900021,-0.0649771897843992,0));
#18614=FACE_SURFACE('',(#18619),#18615,.T.);
#18615=PLANE('',#18616);
#18616=AXIS2_PLACEMENT_3D('',#716,#18617,#18618);
#18617=DIRECTION('',(-0.19433926125641088,-0.9809343767726323,0));
#18618=DIRECTION('',(0,0,1));
#18619=FACE_BOUND('',#18620,.T.);
#18620=EDGE_LOOP('',(#18621,#18622,#18623));
#18621=ORIENTED_EDGE('',*,*,#18624,.T.);
#18622=ORIENTED_EDGE('',*,*,#18625,.T.);
#18623=ORIENTED_EDGE('',*,*,#18626,.T.);
#18624=EDGE_CURVE('',#717,#503,#18627,.F.);
#18625=EDGE_CURVE('',#503,#501,#18628,.T.);
#18626=EDGE_CURVE('',#501,#717,#18629,.T.);
#18627=LINE('',#716,#18630);
#18628=LINE('',#502,#18631);
#18629=LINE('',#500,#18632);
#18630=VECTOR('',#18633,1.0);
#18631=VECTOR('',#18634,1.0);
#18632=VECTOR('',#18635,1.0);
#18633=DIRECTION('',(0,0,1));
#18634=DIRECTION('',(-0.9809343767726323,0.19433926125641088,0));
#18635=DIRECTION('',(0.2072140194577102,-0.04105251117396303,-0.9774339064440579));
#18636=FACE_SURFACE('',(#18641),#18637,.T.);
#18637=PLANE('',#18638);
#18638=AXIS2_PLACEMENT_3D('',#716,#18639,#18640);
#18639=DIRECTION('',(-0.19433926125641088,-0.9809343767726323,0));
#18640=DIRECTION('',(-0.2072140194577102,0.04105251117396303,0.9774339064440579));
#18641=FACE_BOUND('',#18642,.T.);
#18642=EDGE_LOOP('',(#18643,#18644,#18645));
#18643=ORIENTED_EDGE('',*,*,#18646,.T.);
#18644=ORIENTED_EDGE('',*,*,#18647,.T.);
#18645=ORIENTED_EDGE('',*,*,#18648,.T.);
#18646=EDGE_CURVE('',#717,#501,#18649,.F.);
#18647=EDGE_CURVE('',#501,#845,#18650,.T.);
#18648=EDGE_CURVE('',#845,#717,#18651,.T.);
#18649=LINE('',#716,#18652);
#18650=LINE('',#500,#18653);
#18651=LINE('',#844,#18654);
#18652=VECTOR('',#18655,1.0);
#18653=VECTOR('',#18656,1.0);
#18654=VECTOR('',#18657,1.0);
#18655=DIRECTION('',(-0.2072140194577102,0.04105251117396303,0.9774339064440579));
#18656=DIRECTION('',(0,0,-1));
#18657=DIRECTION('',(0.9809343767726323,-0.19433926125641088,0));
#18658=FACE_SURFACE('',(#18663),#18659,.T.);
#18659=PLANE('',#18660);
#18660=AXIS2_PLACEMENT_3D('',#718,#18661,#18662);
#18661=DIRECTION('',(-0.3189968044674308,-0.9477557906652787,0));
#18662=DIRECTION('',(0,0,1));
#18663=FACE_BOUND('',#18664,.T.);
#18664=EDGE_LOOP('',(#18665,#18666,#18667));
#18665=ORIENTED_EDGE('',*,*,#18668,.T.);
#18666=ORIENTED_EDGE('',*,*,#18669,.T.);
#18667=ORIENTED_EDGE('',*,*,#18670,.T.);
#18668=EDGE_CURVE('',#719,#611,#18671,.F.);
#18669=EDGE_CURVE('',#611,#503,#18672,.T.);
#18670=EDGE_CURVE('',#503,#719,#18673,.T.);
#18671=LINE('',#718,#18674);
#18672=LINE('',#610,#18675);
#18673=LINE('',#502,#18676);
#18674=VECTOR('',#18677,1.0);
#18675=VECTOR('',#18678,1.0);
#18676=VECTOR('',#18679,1.0);
#18677=DIRECTION('',(0,0,1));
#18678=DIRECTION('',(-0.9477557906652787,0.3189968044674308,0));
#18679=DIRECTION('',(0.2003681268836021,-0.06744014947999133,-0.9773967669105895));
#18680=FACE_SURFACE('',(#18685),#18681,.T.);
#18681=PLANE('',#18682);
#18682=AXIS2_PLACEMENT_3D('',#718,#18683,#18684);
#18683=DIRECTION('',(-0.3189968044674308,-0.9477557906652787,0));
#18684=DIRECTION('',(-0.2003681268836021,0.06744014947999133,0.9773967669105895));
#18685=FACE_BOUND('',#18686,.T.);
#18686=EDGE_LOOP('',(#18687,#18688,#18689));
#18687=ORIENTED_EDGE('',*,*,#18690,.T.);
#18688=ORIENTED_EDGE('',*,*,#18691,.T.);
#18689=ORIENTED_EDGE('',*,*,#18692,.T.);
#18690=EDGE_CURVE('',#719,#503,#18693,.F.);
#18691=EDGE_CURVE('',#503,#717,#18694,.T.);
#18692=EDGE_CURVE('',#717,#719,#18695,.T.);
#18693=LINE('',#718,#18696);
#18694=LINE('',#502,#18697);
#18695=LINE('',#716,#18698);
#18696=VECTOR('',#18699,1.0);
#18697=VECTOR('',#18700,1.0);
#18698=VECTOR('',#18701,1.0);
#18699=DIRECTION('',(-0.2003681268836021,0.06744014947999133,0.9773967669105895));
#18700=DIRECTION('',(0,0,-1));
#18701=DIRECTION('',(0.9477557906652787,-0.3189968044674308,0));
#18702=FACE_SURFACE('',(#18707),#18703,.T.);
#18703=PLANE('',#18704);
#18704=AXIS2_PLACEMENT_3D('',#846,#18705,#18706);
#18705=DIRECTION('',(-0.4435141024671238,-0.8962673936458815,0));
#18706=DIRECTION('',(0,0,1));
#18707=FACE_BOUND('',#18708,.T.);
#18708=EDGE_LOOP('',(#18709,#18710,#18711));
#18709=ORIENTED_EDGE('',*,*,#18712,.T.);
#18710=ORIENTED_EDGE('',*,*,#18713,.T.);
#18711=ORIENTED_EDGE('',*,*,#18714,.T.);
#18712=EDGE_CURVE('',#847,#661,#18715,.F.);
#18713=EDGE_CURVE('',#661,#611,#18716,.T.);
#18714=EDGE_CURVE('',#611,#847,#18717,.T.);
#18715=LINE('',#846,#18718);
#18716=LINE('',#660,#18719);
#18717=LINE('',#610,#18720);
#18718=VECTOR('',#18721,1.0);
#18719=VECTOR('',#18722,1.0);
#18720=VECTOR('',#18723,1.0);
#18721=DIRECTION('',(0,0,1));
#18722=DIRECTION('',(-0.8962673936458815,0.4435141024671238,0));
#18723=DIRECTION('',(0.1896092871755246,-0.09382734819683725,-0.9773662296944473));
#18724=FACE_SURFACE('',(#18729),#18725,.T.);
#18725=PLANE('',#18726);
#18726=AXIS2_PLACEMENT_3D('',#846,#18727,#18728);
#18727=DIRECTION('',(-0.4435141024671238,-0.8962673936458815,0));
#18728=DIRECTION('',(-0.1896092871755246,0.09382734819683725,0.9773662296944473));
#18729=FACE_BOUND('',#18730,.T.);
#18730=EDGE_LOOP('',(#18731,#18732,#18733));
#18731=ORIENTED_EDGE('',*,*,#18734,.T.);
#18732=ORIENTED_EDGE('',*,*,#18735,.T.);
#18733=ORIENTED_EDGE('',*,*,#18736,.T.);
#18734=EDGE_CURVE('',#847,#611,#18737,.F.);
#18735=EDGE_CURVE('',#611,#719,#18738,.T.);
#18736=EDGE_CURVE('',#719,#847,#18739,.T.);
#18737=LINE('',#846,#18740);
#18738=LINE('',#610,#18741);
#18739=LINE('',#718,#18742);
#18740=VECTOR('',#18743,1.0);
#18741=VECTOR('',#18744,1.0);
#18742=VECTOR('',#18745,1.0);
#18743=DIRECTION('',(-0.1896092871755246,0.09382734819683725,0.9773662296944473));
#18744=DIRECTION('',(0,0,-1));
#18745=DIRECTION('',(0.8962673936458815,-0.4435141024671238,0));
#18746=FACE_SURFACE('',(#18751),#18747,.T.);
#18747=PLANE('',#18748);
#18748=AXIS2_PLACEMENT_3D('',#848,#18749,#18750);
#18749=DIRECTION('',(-0.5568378508198693,-0.8306212180617041,0));
#18750=DIRECTION('',(0,0,1));
#18751=FACE_BOUND('',#18752,.T.);
#18752=EDGE_LOOP('',(#18753,#18754,#18755));
#18753=ORIENTED_EDGE('',*,*,#18756,.T.);
#18754=ORIENTED_EDGE('',*,*,#18757,.T.);
#18755=ORIENTED_EDGE('',*,*,#18758,.T.);
#18756=EDGE_CURVE('',#849,#663,#18759,.F.);
#18757=EDGE_CURVE('',#663,#661,#18760,.T.);
#18758=EDGE_CURVE('',#661,#849,#18761,.T.);
#18759=LINE('',#848,#18762);
#18760=LINE('',#662,#18763);
#18761=LINE('',#660,#18764);
#18762=VECTOR('',#18765,1.0);
#18763=VECTOR('',#18766,1.0);
#18764=VECTOR('',#18767,1.0);
#18765=DIRECTION('',(0,0,1));
#18766=DIRECTION('',(-0.8306212180617042,0.5568378508198693,0));
#18767=DIRECTION('',(0.17498373120000424,-0.1173068574352428,-0.9775580775657231));
#18768=FACE_SURFACE('',(#18773),#18769,.T.);
#18769=PLANE('',#18770);
#18770=AXIS2_PLACEMENT_3D('',#848,#18771,#18772);
#18771=DIRECTION('',(-0.5568378508198693,-0.8306212180617041,0));
#18772=DIRECTION('',(-0.17498373120000424,0.1173068574352428,0.9775580775657231));
#18773=FACE_BOUND('',#18774,.T.);
#18774=EDGE_LOOP('',(#18775,#18776,#18777));
#18775=ORIENTED_EDGE('',*,*,#18778,.T.);
#18776=ORIENTED_EDGE('',*,*,#18779,.T.);
#18777=ORIENTED_EDGE('',*,*,#18780,.T.);
#18778=EDGE_CURVE('',#849,#661,#18781,.F.);
#18779=EDGE_CURVE('',#661,#847,#18782,.T.);
#18780=EDGE_CURVE('',#847,#849,#18783,.T.);
#18781=LINE('',#848,#18784);
#18782=LINE('',#660,#18785);
#18783=LINE('',#846,#18786);
#18784=VECTOR('',#18787,1.0);
#18785=VECTOR('',#18788,1.0);
#18786=VECTOR('',#18789,1.0);
#18787=DIRECTION('',(-0.17498373120000424,0.1173068574352428,0.9775580775657231));
#18788=DIRECTION('',(0,0,-1));
#18789=DIRECTION('',(0.8306212180617042,-0.5568378508198693,0));
#18790=FACE_SURFACE('',(#18795),#18791,.T.);
#18791=PLANE('',#18792);
#18792=AXIS2_PLACEMENT_3D('',#754,#18793,#18794);
#18793=DIRECTION('',(-0.6594967078956401,-0.7517074512566791,0));
#18794=DIRECTION('',(0,0,1));
#18795=FACE_BOUND('',#18796,.T.);
#18796=EDGE_LOOP('',(#18797,#18798,#18799));
#18797=ORIENTED_EDGE('',*,*,#18800,.T.);
#18798=ORIENTED_EDGE('',*,*,#18801,.T.);
#18799=ORIENTED_EDGE('',*,*,#18802,.T.);
#18800=EDGE_CURVE('',#755,#531,#18803,.F.);
#18801=EDGE_CURVE('',#531,#663,#18804,.T.);
#18802=EDGE_CURVE('',#663,#755,#18805,.T.);
#18803=LINE('',#754,#18806);
#18804=LINE('',#530,#18807);
#18805=LINE('',#662,#18808);
#18806=VECTOR('',#18809,1.0);
#18807=VECTOR('',#18810,1.0);
#18808=VECTOR('',#18811,1.0);
#18809=DIRECTION('',(0,0,1));
#18810=DIRECTION('',(-0.7517074512566793,0.6594967078956402,0));
#18811=DIRECTION('',(0.15929272479516304,-0.13975254258623102,-0.9772896472735277));
#18812=FACE_SURFACE('',(#18817),#18813,.T.);
#18813=PLANE('',#18814);
#18814=AXIS2_PLACEMENT_3D('',#754,#18815,#18816);
#18815=DIRECTION('',(-0.6594967078956401,-0.7517074512566791,0));
#18816=DIRECTION('',(-0.15929272479516304,0.13975254258623102,0.9772896472735277));
#18817=FACE_BOUND('',#18818,.T.);
#18818=EDGE_LOOP('',(#18819,#18820,#18821));
#18819=ORIENTED_EDGE('',*,*,#18822,.T.);
#18820=ORIENTED_EDGE('',*,*,#18823,.T.);
#18821=ORIENTED_EDGE('',*,*,#18824,.T.);
#18822=EDGE_CURVE('',#755,#663,#18825,.F.);
#18823=EDGE_CURVE('',#663,#849,#18826,.T.);
#18824=EDGE_CURVE('',#849,#755,#18827,.T.);
#18825=LINE('',#754,#18828);
#18826=LINE('',#662,#18829);
#18827=LINE('',#848,#18830);
#18828=VECTOR('',#18831,1.0);
#18829=VECTOR('',#18832,1.0);
#18830=VECTOR('',#18833,1.0);
#18831=DIRECTION('',(-0.15929272479516304,0.13975254258623102,0.9772896472735277));
#18832=DIRECTION('',(0,0,-1));
#18833=DIRECTION('',(0.7517074512566793,-0.6594967078956402,0));
#18834=FACE_SURFACE('',(#18839),#18835,.T.);
#18835=PLANE('',#18836);
#18836=AXIS2_PLACEMENT_3D('',#754,#18837,#18838);
#18837=DIRECTION('',(-0.7496898522990194,-0.6617893360880595,0));
#18838=DIRECTION('',(0.13977914856794785,-0.15834496497605058,0.9774398506774484));
#18839=FACE_BOUND('',#18840,.T.);
#18840=EDGE_LOOP('',(#18841,#18842,#18843));
#18841=ORIENTED_EDGE('',*,*,#18844,.T.);
#18842=ORIENTED_EDGE('',*,*,#18845,.T.);
#18843=ORIENTED_EDGE('',*,*,#18846,.T.);
#18844=EDGE_CURVE('',#755,#533,#18847,.F.);
#18845=EDGE_CURVE('',#533,#531,#18848,.T.);
#18846=EDGE_CURVE('',#531,#755,#18849,.T.);
#18847=LINE('',#754,#18850);
#18848=LINE('',#532,#18851);
#18849=LINE('',#530,#18852);
#18850=VECTOR('',#18853,1.0);
#18851=VECTOR('',#18854,1.0);
#18852=VECTOR('',#18855,1.0);
#18853=DIRECTION('',(0.13977914856794785,-0.15834496497605058,0.9774398506774484));
#18854=DIRECTION('',(-0.6617893360880593,0.7496898522990194,0));
#18855=DIRECTION('',(0,0,-1));
#18856=FACE_SURFACE('',(#18861),#18857,.T.);
#18857=PLANE('',#18858);
#18858=AXIS2_PLACEMENT_3D('',#424,#18859,#18860);
#18859=DIRECTION('',(0.5568470102928118,0.8306150775948852,-0));
#18860=DIRECTION('',(0,0,1));
#18861=FACE_BOUND('',#18862,.T.);
#18862=EDGE_LOOP('',(#18863,#18864,#18865));
#18863=ORIENTED_EDGE('',*,*,#18866,.T.);
#18864=ORIENTED_EDGE('',*,*,#18867,.T.);
#18865=ORIENTED_EDGE('',*,*,#18868,.T.);
#18866=EDGE_CURVE('',#425,#515,#18869,.F.);
#18867=EDGE_CURVE('',#515,#329,#18870,.T.);
#18868=EDGE_CURVE('',#329,#425,#18871,.T.);
#18869=LINE('',#424,#18872);
#18870=LINE('',#514,#18873);
#18871=LINE('',#328,#18874);
#18872=VECTOR('',#18875,1.0);
#18873=VECTOR('',#18876,1.0);
#18874=VECTOR('',#18877,1.0);
#18875=DIRECTION('',(0,0,1));
#18876=DIRECTION('',(0.174983673789687,-0.11730961576327621,-0.9775577568392249));
#18877=DIRECTION('',(-0.8306150775948853,0.5568470102928118,0));
#18878=FACE_SURFACE('',(#18883),#18879,.T.);
#18879=PLANE('',#18880);
#18880=AXIS2_PLACEMENT_3D('',#584,#18881,#18882);
#18881=DIRECTION('',(0.5568470102928118,0.8306150775948852,0));
#18882=DIRECTION('',(0,0,-1));
#18883=FACE_BOUND('',#18884,.T.);
#18884=EDGE_LOOP('',(#18885,#18886,#18887));
#18885=ORIENTED_EDGE('',*,*,#18888,.T.);
#18886=ORIENTED_EDGE('',*,*,#18889,.T.);
#18887=ORIENTED_EDGE('',*,*,#18890,.T.);
#18888=EDGE_CURVE('',#585,#329,#18891,.F.);
#18889=EDGE_CURVE('',#329,#515,#18892,.T.);
#18890=EDGE_CURVE('',#515,#585,#18893,.T.);
#18891=LINE('',#584,#18894);
#18892=LINE('',#328,#18895);
#18893=LINE('',#514,#18896);
#18894=VECTOR('',#18897,1.0);
#18895=VECTOR('',#18898,1.0);
#18896=VECTOR('',#18899,1.0);
#18897=DIRECTION('',(0,0,-1));
#18898=DIRECTION('',(-0.174983673789687,0.11730961576327621,0.9775577568392249));
#18899=DIRECTION('',(0.8306150775948853,-0.5568470102928118,0));
#18900=FACE_SURFACE('',(#18905),#18901,.T.);
#18901=PLANE('',#18902);
#18902=AXIS2_PLACEMENT_3D('',#514,#18903,#18904);
#18903=DIRECTION('',(0.6594730515772818,0.7517282050338059,0));
#18904=DIRECTION('',(0,0,-1));
#18905=FACE_BOUND('',#18906,.T.);
#18906=EDGE_LOOP('',(#18907,#18908,#18909));
#18907=ORIENTED_EDGE('',*,*,#18910,.T.);
#18908=ORIENTED_EDGE('',*,*,#18911,.T.);
#18909=ORIENTED_EDGE('',*,*,#18912,.T.);
#18910=EDGE_CURVE('',#515,#425,#18913,.F.);
#18911=EDGE_CURVE('',#425,#445,#18914,.T.);
#18912=EDGE_CURVE('',#445,#515,#18915,.T.);
#18913=LINE('',#514,#18916);
#18914=LINE('',#424,#18917);
#18915=LINE('',#444,#18918);
#18916=VECTOR('',#18919,1.0);
#18917=VECTOR('',#18920,1.0);
#18918=VECTOR('',#18921,1.0);
#18919=DIRECTION('',(0,0,-1));
#18920=DIRECTION('',(-0.751728205033806,0.6594730515772818,0));
#18921=DIRECTION('',(0.1593000435895947,-0.13975009206645325,0.9772888047449284));
#18922=FACE_SURFACE('',(#18927),#18923,.T.);
#18923=PLANE('',#18924);
#18924=AXIS2_PLACEMENT_3D('',#514,#18925,#18926);
#18925=DIRECTION('',(0.6594730515772818,0.7517282050338059,0));
#18926=DIRECTION('',(-0.1593000435895947,0.13975009206645325,-0.9772888047449284));
#18927=FACE_BOUND('',#18928,.T.);
#18928=EDGE_LOOP('',(#18929,#18930,#18931));
#18929=ORIENTED_EDGE('',*,*,#18932,.T.);
#18930=ORIENTED_EDGE('',*,*,#18933,.T.);
#18931=ORIENTED_EDGE('',*,*,#18934,.T.);
#18932=EDGE_CURVE('',#515,#445,#18935,.F.);
#18933=EDGE_CURVE('',#445,#513,#18936,.T.);
#18934=EDGE_CURVE('',#513,#515,#18937,.T.);
#18935=LINE('',#514,#18938);
#18936=LINE('',#444,#18939);
#18937=LINE('',#512,#18940);
#18938=VECTOR('',#18941,1.0);
#18939=VECTOR('',#18942,1.0);
#18940=VECTOR('',#18943,1.0);
#18941=DIRECTION('',(-0.1593000435895947,0.13975009206645325,-0.9772888047449284));
#18942=DIRECTION('',(0,0,1));
#18943=DIRECTION('',(0.751728205033806,-0.6594730515772818,0));
#18944=FACE_SURFACE('',(#18949),#18945,.T.);
#18945=PLANE('',#18946);
#18946=AXIS2_PLACEMENT_3D('',#496,#18947,#18948);
#18947=DIRECTION('',(0.749713167781615,0.6617629228468876,-0));
#18948=DIRECTION('',(0,0,1));
#18949=FACE_BOUND('',#18950,.T.);
#18950=EDGE_LOOP('',(#18951,#18952,#18953));
#18951=ORIENTED_EDGE('',*,*,#18954,.T.);
#18952=ORIENTED_EDGE('',*,*,#18955,.T.);
#18953=ORIENTED_EDGE('',*,*,#18956,.T.);
#18954=EDGE_CURVE('',#497,#511,#18957,.F.);
#18955=EDGE_CURVE('',#511,#513,#18958,.T.);
#18956=EDGE_CURVE('',#513,#497,#18959,.T.);
#18957=LINE('',#496,#18960);
#18958=LINE('',#510,#18961);
#18959=LINE('',#512,#18962);
#18960=VECTOR('',#18963,1.0);
#18961=VECTOR('',#18964,1.0);
#18962=VECTOR('',#18965,1.0);
#18963=DIRECTION('',(0,0,1));
#18964=DIRECTION('',(0.6617629228468876,-0.7497131677816151,0));
#18965=DIRECTION('',(-0.13977177509130967,0.15834785638845805,-0.9774404366839979));
#18966=FACE_SURFACE('',(#18971),#18967,.T.);
#18967=PLANE('',#18968);
#18968=AXIS2_PLACEMENT_3D('',#496,#18969,#18970);
#18969=DIRECTION('',(0.749713167781615,0.6617629228468876,0));
#18970=DIRECTION('',(0.13977177509130967,-0.15834785638845805,0.9774404366839979));
#18971=FACE_BOUND('',#18972,.T.);
#18972=EDGE_LOOP('',(#18973,#18974,#18975));
#18973=ORIENTED_EDGE('',*,*,#18976,.T.);
#18974=ORIENTED_EDGE('',*,*,#18977,.T.);
#18975=ORIENTED_EDGE('',*,*,#18978,.T.);
#18976=EDGE_CURVE('',#497,#513,#18979,.F.);
#18977=EDGE_CURVE('',#513,#445,#18980,.T.);
#18978=EDGE_CURVE('',#445,#497,#18981,.T.);
#18979=LINE('',#496,#18982);
#18980=LINE('',#512,#18983);
#18981=LINE('',#444,#18984);
#18982=VECTOR('',#18985,1.0);
#18983=VECTOR('',#18986,1.0);
#18984=VECTOR('',#18987,1.0);
#18985=DIRECTION('',(0.13977177509130967,-0.15834785638845805,0.9774404366839979));
#18986=DIRECTION('',(0,0,-1));
#18987=DIRECTION('',(-0.6617629228468876,0.7497131677816151,0));
#18988=FACE_SURFACE('',(#18993),#18989,.T.);
#18989=PLANE('',#18990);
#18990=AXIS2_PLACEMENT_3D('',#522,#18991,#18992);
#18991=DIRECTION('',(0.8320448686674365,0.5547083346446026,-0));
#18992=DIRECTION('',(0,0,1));
#18993=FACE_BOUND('',#18994,.T.);
#18994=EDGE_LOOP('',(#18995,#18996,#18997));
#18995=ORIENTED_EDGE('',*,*,#18998,.T.);
#18996=ORIENTED_EDGE('',*,*,#18999,.T.);
#18997=ORIENTED_EDGE('',*,*,#19000,.T.);
#18998=EDGE_CURVE('',#523,#517,#19001,.F.);
#18999=EDGE_CURVE('',#517,#511,#19002,.T.);
#19000=EDGE_CURVE('',#511,#523,#19003,.T.);
#19001=LINE('',#522,#19004);
#19002=LINE('',#516,#19005);
#19003=LINE('',#510,#19006);
#19004=VECTOR('',#19007,1.0);
#19005=VECTOR('',#19008,1.0);
#19006=VECTOR('',#19009,1.0);
#19007=DIRECTION('',(0,0,1));
#19008=DIRECTION('',(0.5547083346446026,-0.8320448686674365,0));
#19009=DIRECTION('',(-0.11728950937688971,0.17593053561758273,-0.9773902074542383));
#19010=FACE_SURFACE('',(#19015),#19011,.T.);
#19011=PLANE('',#19012);
#19012=AXIS2_PLACEMENT_3D('',#522,#19013,#19014);
#19013=DIRECTION('',(0.8320448686674365,0.5547083346446026,0));
#19014=DIRECTION('',(0.11728950937688971,-0.17593053561758273,0.9773902074542383));
#19015=FACE_BOUND('',#19016,.T.);
#19016=EDGE_LOOP('',(#19017,#19018,#19019));
#19017=ORIENTED_EDGE('',*,*,#19020,.T.);
#19018=ORIENTED_EDGE('',*,*,#19021,.T.);
#19019=ORIENTED_EDGE('',*,*,#19022,.T.);
#19020=EDGE_CURVE('',#523,#511,#19023,.F.);
#19021=EDGE_CURVE('',#511,#497,#19024,.T.);
#19022=EDGE_CURVE('',#497,#523,#19025,.T.);
#19023=LINE('',#522,#19026);
#19024=LINE('',#510,#19027);
#19025=LINE('',#496,#19028);
#19026=VECTOR('',#19029,1.0);
#19027=VECTOR('',#19030,1.0);
#19028=VECTOR('',#19031,1.0);
#19029=DIRECTION('',(0.11728950937688971,-0.17593053561758273,0.9773902074542383));
#19030=DIRECTION('',(0,0,-1));
#19031=DIRECTION('',(-0.5547083346446026,0.8320448686674365,0));
#19032=FACE_SURFACE('',(#19037),#19033,.T.);
#19033=PLANE('',#19034);
#19034=AXIS2_PLACEMENT_3D('',#520,#19035,#19036);
#19035=DIRECTION('',(0.8980980124849212,0.43979536147012105,-0));
#19036=DIRECTION('',(0,0,1));
#19037=FACE_BOUND('',#19038,.T.);
#19038=EDGE_LOOP('',(#19039,#19040,#19041));
#19039=ORIENTED_EDGE('',*,*,#19042,.T.);
#19040=ORIENTED_EDGE('',*,*,#19043,.T.);
#19041=ORIENTED_EDGE('',*,*,#19044,.T.);
#19042=EDGE_CURVE('',#521,#527,#19045,.F.);
#19043=EDGE_CURVE('',#527,#517,#19046,.T.);
#19044=EDGE_CURVE('',#517,#521,#19047,.T.);
#19045=LINE('',#520,#19048);
#19046=LINE('',#526,#19049);
#19047=LINE('',#516,#19050);
#19048=VECTOR('',#19051,1.0);
#19049=VECTOR('',#19052,1.0);
#19050=VECTOR('',#19053,1.0);
#19051=DIRECTION('',(0,0,1));
#19052=DIRECTION('',(0.43979536147012105,-0.898098012484921,0));
#19053=DIRECTION('',(-0.09285944783482167,0.18962656918919413,-0.9774553121270292));
#19054=FACE_SURFACE('',(#19059),#19055,.T.);
#19055=PLANE('',#19056);
#19056=AXIS2_PLACEMENT_3D('',#520,#19057,#19058);
#19057=DIRECTION('',(0.8980980124849212,0.43979536147012105,0));
#19058=DIRECTION('',(0.09285944783482167,-0.18962656918919413,0.9774553121270292));
#19059=FACE_BOUND('',#19060,.T.);
#19060=EDGE_LOOP('',(#19061,#19062,#19063));
#19061=ORIENTED_EDGE('',*,*,#19064,.T.);
#19062=ORIENTED_EDGE('',*,*,#19065,.T.);
#19063=ORIENTED_EDGE('',*,*,#19066,.T.);
#19064=EDGE_CURVE('',#521,#517,#19067,.F.);
#19065=EDGE_CURVE('',#517,#523,#19068,.T.);
#19066=EDGE_CURVE('',#523,#521,#19069,.T.);
#19067=LINE('',#520,#19070);
#19068=LINE('',#516,#19071);
#19069=LINE('',#522,#19072);
#19070=VECTOR('',#19073,1.0);
#19071=VECTOR('',#19074,1.0);
#19072=VECTOR('',#19075,1.0);
#19073=DIRECTION('',(0.09285944783482167,-0.18962656918919413,0.9774553121270292));
#19074=DIRECTION('',(0,0,-1));
#19075=DIRECTION('',(-0.43979536147012105,0.898098012484921,0));
#19076=FACE_SURFACE('',(#19081),#19077,.T.);
#19077=PLANE('',#19078);
#19078=AXIS2_PLACEMENT_3D('',#524,#19079,#19080);
#19079=DIRECTION('',(0.9458625025393723,0.32456759895275417,-0));
#19080=DIRECTION('',(0,0,1));
#19081=FACE_BOUND('',#19082,.T.);
#19082=EDGE_LOOP('',(#19083,#19084,#19085));
#19083=ORIENTED_EDGE('',*,*,#19086,.T.);
#19084=ORIENTED_EDGE('',*,*,#19087,.T.);
#19085=ORIENTED_EDGE('',*,*,#19088,.T.);
#19086=EDGE_CURVE('',#525,#537,#19089,.F.);
#19087=EDGE_CURVE('',#537,#527,#19090,.T.);
#19088=EDGE_CURVE('',#527,#525,#19091,.T.);
#19089=LINE('',#524,#19092);
#19090=LINE('',#536,#19093);
#19091=LINE('',#526,#19094);
#19092=VECTOR('',#19095,1.0);
#19093=VECTOR('',#19096,1.0);
#19094=VECTOR('',#19097,1.0);
#19095=DIRECTION('',(0,0,1));
#19096=DIRECTION('',(0.32456759895275417,-0.9458625025393723,0));
#19097=DIRECTION('',(-0.06842639555183722,0.19940980536948485,-0.977524198122117));
#19098=FACE_SURFACE('',(#19103),#19099,.T.);
#19099=PLANE('',#19100);
#19100=AXIS2_PLACEMENT_3D('',#524,#19101,#19102);
#19101=DIRECTION('',(0.9458625025393723,0.32456759895275417,0));
#19102=DIRECTION('',(0.06842639555183722,-0.19940980536948485,0.977524198122117));
#19103=FACE_BOUND('',#19104,.T.);
#19104=EDGE_LOOP('',(#19105,#19106,#19107));
#19105=ORIENTED_EDGE('',*,*,#19108,.T.);
#19106=ORIENTED_EDGE('',*,*,#19109,.T.);
#19107=ORIENTED_EDGE('',*,*,#19110,.T.);
#19108=EDGE_CURVE('',#525,#527,#19111,.F.);
#19109=EDGE_CURVE('',#527,#521,#19112,.T.);
#19110=EDGE_CURVE('',#521,#525,#19113,.T.);
#19111=LINE('',#524,#19114);
#19112=LINE('',#526,#19115);
#19113=LINE('',#520,#19116);
#19114=VECTOR('',#19117,1.0);
#19115=VECTOR('',#19118,1.0);
#19116=VECTOR('',#19119,1.0);
#19117=DIRECTION('',(0.06842639555183722,-0.19940980536948485,0.977524198122117));
#19118=DIRECTION('',(0,0,-1));
#19119=DIRECTION('',(-0.32456759895275417,0.9458625025393723,0));
#19120=FACE_SURFACE('',(#19125),#19121,.T.);
#19121=PLANE('',#19122);
#19122=AXIS2_PLACEMENT_3D('',#840,#19123,#19124);
#19123=DIRECTION('',(0.9809361305558842,0.1943304087631403,-0));
#19124=DIRECTION('',(0,0,1));
#19125=FACE_BOUND('',#19126,.T.);
#19126=EDGE_LOOP('',(#19127,#19128,#19129));
#19127=ORIENTED_EDGE('',*,*,#19130,.T.);
#19128=ORIENTED_EDGE('',*,*,#19131,.T.);
#19129=ORIENTED_EDGE('',*,*,#19132,.T.);
#19130=EDGE_CURVE('',#841,#583,#19133,.F.);
#19131=EDGE_CURVE('',#583,#537,#19134,.T.);
#19132=EDGE_CURVE('',#537,#841,#19135,.T.);
#19133=LINE('',#840,#19136);
#19134=LINE('',#582,#19137);
#19135=LINE('',#536,#19138);
#19136=VECTOR('',#19139,1.0);
#19137=VECTOR('',#19140,1.0);
#19138=VECTOR('',#19141,1.0);
#19139=DIRECTION('',(0,0,1));
#19140=DIRECTION('',(0.1943304087631403,-0.9809361305558842,0));
#19141=DIRECTION('',(-0.04105198244626898,0.20722116043904132,-0.9774324147497506));
#19142=FACE_SURFACE('',(#19147),#19143,.T.);
#19143=PLANE('',#19144);
#19144=AXIS2_PLACEMENT_3D('',#840,#19145,#19146);
#19145=DIRECTION('',(0.9809361305558842,0.1943304087631403,0));
#19146=DIRECTION('',(0.04105198244626898,-0.20722116043904132,0.9774324147497506));
#19147=FACE_BOUND('',#19148,.T.);
#19148=EDGE_LOOP('',(#19149,#19150,#19151));
#19149=ORIENTED_EDGE('',*,*,#19152,.T.);
#19150=ORIENTED_EDGE('',*,*,#19153,.T.);
#19151=ORIENTED_EDGE('',*,*,#19154,.T.);
#19152=EDGE_CURVE('',#841,#537,#19155,.F.);
#19153=EDGE_CURVE('',#537,#525,#19156,.T.);
#19154=EDGE_CURVE('',#525,#841,#19157,.T.);
#19155=LINE('',#840,#19158);
#19156=LINE('',#536,#19159);
#19157=LINE('',#524,#19160);
#19158=VECTOR('',#19161,1.0);
#19159=VECTOR('',#19162,1.0);
#19160=VECTOR('',#19163,1.0);
#19161=DIRECTION('',(0.04105198244626898,-0.20722116043904132,0.9774324147497506));
#19162=DIRECTION('',(0,0,-1));
#19163=DIRECTION('',(-0.1943304087631403,0.9809361305558842,0));
#19164=FACE_SURFACE('',(#19169),#19165,.T.);
#19165=PLANE('',#19166);
#19166=AXIS2_PLACEMENT_3D('',#582,#19167,#19168);
#19167=DIRECTION('',(0.9979060516358617,0.06468007505039759,0));
#19168=DIRECTION('',(0,0,-1));
#19169=FACE_BOUND('',#19170,.T.);
#19170=EDGE_LOOP('',(#19171,#19172,#19173));
#19171=ORIENTED_EDGE('',*,*,#19174,.T.);
#19172=ORIENTED_EDGE('',*,*,#19175,.T.);
#19173=ORIENTED_EDGE('',*,*,#19176,.T.);
#19174=EDGE_CURVE('',#583,#841,#19177,.F.);
#19175=EDGE_CURVE('',#841,#701,#19178,.T.);
#19176=EDGE_CURVE('',#701,#583,#19179,.T.);
#19177=LINE('',#582,#19180);
#19178=LINE('',#840,#19181);
#19179=LINE('',#700,#19182);
#19180=VECTOR('',#19183,1.0);
#19181=VECTOR('',#19184,1.0);
#19182=VECTOR('',#19185,1.0);
#19183=DIRECTION('',(0,0,-1));
#19184=DIRECTION('',(-0.06468007505039758,0.9979060516358615,0));
#19185=DIRECTION('',(0.01368308032625864,-0.2111071864396231,0.9773671414296325));
#19186=FACE_SURFACE('',(#19191),#19187,.T.);
#19187=PLANE('',#19188);
#19188=AXIS2_PLACEMENT_3D('',#582,#19189,#19190);
#19189=DIRECTION('',(0.9979060516358617,0.06468007505039759,0));
#19190=DIRECTION('',(-0.01368308032625864,0.2111071864396231,-0.9773671414296325));
#19191=FACE_BOUND('',#19192,.T.);
#19192=EDGE_LOOP('',(#19193,#19194,#19195));
#19193=ORIENTED_EDGE('',*,*,#19196,.T.);
#19194=ORIENTED_EDGE('',*,*,#19197,.T.);
#19195=ORIENTED_EDGE('',*,*,#19198,.T.);
#19196=EDGE_CURVE('',#583,#701,#19199,.F.);
#19197=EDGE_CURVE('',#701,#543,#19200,.T.);
#19198=EDGE_CURVE('',#543,#583,#19201,.T.);
#19199=LINE('',#582,#19202);
#19200=LINE('',#700,#19203);
#19201=LINE('',#542,#19204);
#19202=VECTOR('',#19205,1.0);
#19203=VECTOR('',#19206,1.0);
#19204=VECTOR('',#19207,1.0);
#19205=DIRECTION('',(-0.01368308032625864,0.2111071864396231,-0.9773671414296325));
#19206=DIRECTION('',(0,0,1));
#19207=DIRECTION('',(0.06468007505039758,-0.9979060516358615,0));
#19208=FACE_SURFACE('',(#19213),#19209,.T.);
#19209=PLANE('',#19210);
#19210=AXIS2_PLACEMENT_3D('',#702,#19211,#19212);
#19211=DIRECTION('',(0.9979061990885053,-0.06467780006101324,0));
#19212=DIRECTION('',(0,0,1));
#19213=FACE_BOUND('',#19214,.T.);
#19214=EDGE_LOOP('',(#19215,#19216,#19217));
#19215=ORIENTED_EDGE('',*,*,#19218,.T.);
#19216=ORIENTED_EDGE('',*,*,#19219,.T.);
#19217=ORIENTED_EDGE('',*,*,#19220,.T.);
#19218=EDGE_CURVE('',#703,#545,#19221,.F.);
#19219=EDGE_CURVE('',#545,#543,#19222,.T.);
#19220=EDGE_CURVE('',#543,#703,#19223,.T.);
#19221=LINE('',#702,#19224);
#19222=LINE('',#544,#19225);
#19223=LINE('',#542,#19226);
#19224=VECTOR('',#19227,1.0);
#19225=VECTOR('',#19228,1.0);
#19226=VECTOR('',#19229,1.0);
#19227=DIRECTION('',(0,0,1));
#19228=DIRECTION('',(-0.06467780006101326,-0.9979061990885053,0));
#19229=DIRECTION('',(0.013683058786474508,0.2111143108243413,-0.9773656028669154));
#19230=FACE_SURFACE('',(#19235),#19231,.T.);
#19231=PLANE('',#19232);
#19232=AXIS2_PLACEMENT_3D('',#702,#19233,#19234);
#19233=DIRECTION('',(0.9979061990885053,-0.06467780006101324,0));
#19234=DIRECTION('',(-0.013683058786474508,-0.2111143108243413,0.9773656028669154));
#19235=FACE_BOUND('',#19236,.T.);
#19236=EDGE_LOOP('',(#19237,#19238,#19239));
#19237=ORIENTED_EDGE('',*,*,#19240,.T.);
#19238=ORIENTED_EDGE('',*,*,#19241,.T.);
#19239=ORIENTED_EDGE('',*,*,#19242,.T.);
#19240=EDGE_CURVE('',#703,#543,#19243,.F.);
#19241=EDGE_CURVE('',#543,#701,#19244,.T.);
#19242=EDGE_CURVE('',#701,#703,#19245,.T.);
#19243=LINE('',#702,#19246);
#19244=LINE('',#542,#19247);
#19245=LINE('',#700,#19248);
#19246=VECTOR('',#19249,1.0);
#19247=VECTOR('',#19250,1.0);
#19248=VECTOR('',#19251,1.0);
#19249=DIRECTION('',(-0.013683058786474508,-0.2111143108243413,0.9773656028669154));
#19250=DIRECTION('',(0,0,-1));
#19251=DIRECTION('',(0.06467780006101326,0.9979061990885053,0));
#19252=FACE_SURFACE('',(#19257),#19253,.T.);
#19253=PLANE('',#19254);
#19254=AXIS2_PLACEMENT_3D('',#404,#19255,#19256);
#19255=DIRECTION('',(0.9809347973797589,-0.19433713821483328,0));
#19256=DIRECTION('',(0,0,1));
#19257=FACE_BOUND('',#19258,.T.);
#19258=EDGE_LOOP('',(#19259,#19260,#19261));
#19259=ORIENTED_EDGE('',*,*,#19262,.T.);
#19260=ORIENTED_EDGE('',*,*,#19263,.T.);
#19261=ORIENTED_EDGE('',*,*,#19264,.T.);
#19262=EDGE_CURVE('',#405,#403,#19265,.F.);
#19263=EDGE_CURVE('',#403,#545,#19266,.T.);
#19264=EDGE_CURVE('',#545,#405,#19267,.T.);
#19265=LINE('',#404,#19268);
#19266=LINE('',#402,#19269);
#19267=LINE('',#544,#19270);
#19268=VECTOR('',#19271,1.0);
#19269=VECTOR('',#19272,1.0);
#19270=VECTOR('',#19273,1.0);
#19271=DIRECTION('',(0,0,1));
#19272=DIRECTION('',(-0.1943371382148333,-0.980934797379759,0));
#19273=DIRECTION('',(0.04105204588262668,0.2072140234224428,-0.9774339251458045));
#19274=FACE_SURFACE('',(#19279),#19275,.T.);
#19275=PLANE('',#19276);
#19276=AXIS2_PLACEMENT_3D('',#404,#19277,#19278);
#19277=DIRECTION('',(0.9809347973797589,-0.19433713821483328,0));
#19278=DIRECTION('',(-0.04105204588262668,-0.2072140234224428,0.9774339251458045));
#19279=FACE_BOUND('',#19280,.T.);
#19280=EDGE_LOOP('',(#19281,#19282,#19283));
#19281=ORIENTED_EDGE('',*,*,#19284,.T.);
#19282=ORIENTED_EDGE('',*,*,#19285,.T.);
#19283=ORIENTED_EDGE('',*,*,#19286,.T.);
#19284=EDGE_CURVE('',#405,#545,#19287,.F.);
#19285=EDGE_CURVE('',#545,#703,#19288,.T.);
#19286=EDGE_CURVE('',#703,#405,#19289,.T.);
#19287=LINE('',#404,#19290);
#19288=LINE('',#544,#19291);
#19289=LINE('',#702,#19292);
#19290=VECTOR('',#19293,1.0);
#19291=VECTOR('',#19294,1.0);
#19292=VECTOR('',#19295,1.0);
#19293=DIRECTION('',(-0.04105204588262668,-0.2072140234224428,0.9774339251458045));
#19294=DIRECTION('',(0,0,-1));
#19295=DIRECTION('',(0.1943371382148333,0.980934797379759,0));
#19296=FACE_SURFACE('',(#19301),#19297,.T.);
#19297=PLANE('',#19298);
#19298=AXIS2_PLACEMENT_3D('',#274,#19299,#19300);
#19299=DIRECTION('',(0.06468007505039759,0.9979060516358617,-0));
#19300=DIRECTION('',(0,0,1));
#19301=FACE_BOUND('',#19302,.T.);
#19302=EDGE_LOOP('',(#19303,#19304,#19305));
#19303=ORIENTED_EDGE('',*,*,#19306,.T.);
#19304=ORIENTED_EDGE('',*,*,#19307,.T.);
#19305=ORIENTED_EDGE('',*,*,#19308,.T.);
#19306=EDGE_CURVE('',#275,#505,#19309,.F.);
#19307=EDGE_CURVE('',#505,#211,#19310,.T.);
#19308=EDGE_CURVE('',#211,#275,#19311,.T.);
#19309=LINE('',#274,#19312);
#19310=LINE('',#504,#19313);
#19311=LINE('',#210,#19314);
#19312=VECTOR('',#19315,1.0);
#19313=VECTOR('',#19316,1.0);
#19314=VECTOR('',#19317,1.0);
#19315=DIRECTION('',(0,0,1));
#19316=DIRECTION('',(0.9979060516358615,-0.06468007505039758,0));
#19317=DIRECTION('',(-0.2111071864396231,0.01368308032625864,-0.9773671414296325));
#19318=FACE_SURFACE('',(#19323),#19319,.T.);
#19319=PLANE('',#19320);
#19320=AXIS2_PLACEMENT_3D('',#274,#19321,#19322);
#19321=DIRECTION('',(0.06468007505039759,0.9979060516358617,0));
#19322=DIRECTION('',(0.2111071864396231,-0.01368308032625864,0.9773671414296325));
#19323=FACE_BOUND('',#19324,.T.);
#19324=EDGE_LOOP('',(#19325,#19326,#19327));
#19325=ORIENTED_EDGE('',*,*,#19328,.T.);
#19326=ORIENTED_EDGE('',*,*,#19329,.T.);
#19327=ORIENTED_EDGE('',*,*,#19330,.T.);
#19328=EDGE_CURVE('',#275,#211,#19331,.F.);
#19329=EDGE_CURVE('',#211,#209,#19332,.T.);
#19330=EDGE_CURVE('',#209,#275,#19333,.T.);
#19331=LINE('',#274,#19334);
#19332=LINE('',#210,#19335);
#19333=LINE('',#208,#19336);
#19334=VECTOR('',#19337,1.0);
#19335=VECTOR('',#19338,1.0);
#19336=VECTOR('',#19339,1.0);
#19337=DIRECTION('',(0.2111071864396231,-0.01368308032625864,0.9773671414296325));
#19338=DIRECTION('',(0,0,-1));
#19339=DIRECTION('',(-0.9979060516358615,0.06468007505039758,0));
#19340=FACE_SURFACE('',(#19345),#19341,.T.);
#19341=PLANE('',#19342);
#19342=AXIS2_PLACEMENT_3D('',#272,#19343,#19344);
#19343=DIRECTION('',(0.1943304087631403,0.9809361305558842,-0));
#19344=DIRECTION('',(0,0,1));
#19345=FACE_BOUND('',#19346,.T.);
#19346=EDGE_LOOP('',(#19347,#19348,#19349));
#19347=ORIENTED_EDGE('',*,*,#19350,.T.);
#19348=ORIENTED_EDGE('',*,*,#19351,.T.);
#19349=ORIENTED_EDGE('',*,*,#19352,.T.);
#19350=EDGE_CURVE('',#273,#507,#19353,.F.);
#19351=EDGE_CURVE('',#507,#505,#19354,.T.);
#19352=EDGE_CURVE('',#505,#273,#19355,.T.);
#19353=LINE('',#272,#19356);
#19354=LINE('',#506,#19357);
#19355=LINE('',#504,#19358);
#19356=VECTOR('',#19359,1.0);
#19357=VECTOR('',#19360,1.0);
#19358=VECTOR('',#19361,1.0);
#19359=DIRECTION('',(0,0,1));
#19360=DIRECTION('',(0.9809361305558842,-0.1943304087631403,0));
#19361=DIRECTION('',(-0.20722116043904132,0.04105198244626898,-0.9774324147497506));
#19362=FACE_SURFACE('',(#19367),#19363,.T.);
#19363=PLANE('',#19364);
#19364=AXIS2_PLACEMENT_3D('',#272,#19365,#19366);
#19365=DIRECTION('',(0.1943304087631403,0.9809361305558842,0));
#19366=DIRECTION('',(0.20722116043904132,-0.04105198244626898,0.9774324147497506));
#19367=FACE_BOUND('',#19368,.T.);
#19368=EDGE_LOOP('',(#19369,#19370,#19371));
#19369=ORIENTED_EDGE('',*,*,#19372,.T.);
#19370=ORIENTED_EDGE('',*,*,#19373,.T.);
#19371=ORIENTED_EDGE('',*,*,#19374,.T.);
#19372=EDGE_CURVE('',#273,#505,#19375,.F.);
#19373=EDGE_CURVE('',#505,#275,#19376,.T.);
#19374=EDGE_CURVE('',#275,#273,#19377,.T.);
#19375=LINE('',#272,#19378);
#19376=LINE('',#504,#19379);
#19377=LINE('',#274,#19380);
#19378=VECTOR('',#19381,1.0);
#19379=VECTOR('',#19382,1.0);
#19380=VECTOR('',#19383,1.0);
#19381=DIRECTION('',(0.20722116043904132,-0.04105198244626898,0.9774324147497506));
#19382=DIRECTION('',(0,0,-1));
#19383=DIRECTION('',(-0.9809361305558842,0.1943304087631403,0));
#19384=FACE_SURFACE('',(#19389),#19385,.T.);
#19385=PLANE('',#19386);
#19386=AXIS2_PLACEMENT_3D('',#330,#19387,#19388);
#19387=DIRECTION('',(0.3190094488086488,0.9477515347235277,-0));
#19388=DIRECTION('',(0,0,1));
#19389=FACE_BOUND('',#19390,.T.);
#19390=EDGE_LOOP('',(#19391,#19392,#19393));
#19391=ORIENTED_EDGE('',*,*,#19394,.T.);
#19392=ORIENTED_EDGE('',*,*,#19395,.T.);
#19393=ORIENTED_EDGE('',*,*,#19396,.T.);
#19394=EDGE_CURVE('',#331,#509,#19397,.F.);
#19395=EDGE_CURVE('',#509,#507,#19398,.T.);
#19396=EDGE_CURVE('',#507,#331,#19399,.T.);
#19397=LINE('',#330,#19400);
#19398=LINE('',#508,#19401);
#19399=LINE('',#506,#19402);
#19400=VECTOR('',#19403,1.0);
#19401=VECTOR('',#19404,1.0);
#19402=VECTOR('',#19405,1.0);
#19403=DIRECTION('',(0,0,1));
#19404=DIRECTION('',(0.9477515347235277,-0.3190094488086488,0));
#19405=DIRECTION('',(-0.20036096300128073,0.06744071418302068,-0.9773981965277425));
#19406=FACE_SURFACE('',(#19411),#19407,.T.);
#19407=PLANE('',#19408);
#19408=AXIS2_PLACEMENT_3D('',#330,#19409,#19410);
#19409=DIRECTION('',(0.3190094488086488,0.9477515347235277,0));
#19410=DIRECTION('',(0.20036096300128073,-0.06744071418302068,0.9773981965277425));
#19411=FACE_BOUND('',#19412,.T.);
#19412=EDGE_LOOP('',(#19413,#19414,#19415));
#19413=ORIENTED_EDGE('',*,*,#19416,.T.);
#19414=ORIENTED_EDGE('',*,*,#19417,.T.);
#19415=ORIENTED_EDGE('',*,*,#19418,.T.);
#19416=EDGE_CURVE('',#331,#507,#19419,.F.);
#19417=EDGE_CURVE('',#507,#273,#19420,.T.);
#19418=EDGE_CURVE('',#273,#331,#19421,.T.);
#19419=LINE('',#330,#19422);
#19420=LINE('',#506,#19423);
#19421=LINE('',#272,#19424);
#19422=VECTOR('',#19425,1.0);
#19423=VECTOR('',#19426,1.0);
#19424=VECTOR('',#19427,1.0);
#19425=DIRECTION('',(0.20036096300128073,-0.06744071418302068,0.9773981965277425));
#19426=DIRECTION('',(0,0,-1));
#19427=DIRECTION('',(-0.9477515347235277,0.3190094488086488,0));
#19428=FACE_SURFACE('',(#19433),#19429,.T.);
#19429=PLANE('',#19430);
#19430=AXIS2_PLACEMENT_3D('',#328,#19431,#19432);
#19431=DIRECTION('',(0.44351587208692467,0.8962665179548852,-0));
#19432=DIRECTION('',(0,0,1));
#19433=FACE_BOUND('',#19434,.T.);
#19434=EDGE_LOOP('',(#19435,#19436,#19437));
#19435=ORIENTED_EDGE('',*,*,#19438,.T.);
#19436=ORIENTED_EDGE('',*,*,#19439,.T.);
#19437=ORIENTED_EDGE('',*,*,#19440,.T.);
#19438=EDGE_CURVE('',#329,#585,#19441,.F.);
#19439=EDGE_CURVE('',#585,#509,#19442,.T.);
#19440=EDGE_CURVE('',#509,#329,#19443,.T.);
#19441=LINE('',#328,#19444);
#19442=LINE('',#584,#19445);
#19443=LINE('',#508,#19446);
#19444=VECTOR('',#19447,1.0);
#19445=VECTOR('',#19448,1.0);
#19446=VECTOR('',#19449,1.0);
#19447=DIRECTION('',(0,0,1));
#19448=DIRECTION('',(0.8962665179548853,-0.4435158720869247,0));
#19449=DIRECTION('',(-0.1896092788843222,0.09382781013848616,-0.9773661869563443));
#19450=FACE_SURFACE('',(#19455),#19451,.T.);
#19451=PLANE('',#19452);
#19452=AXIS2_PLACEMENT_3D('',#328,#19453,#19454);
#19453=DIRECTION('',(0.44351587208692467,0.8962665179548852,0));
#19454=DIRECTION('',(0.1896092788843222,-0.09382781013848616,0.9773661869563443));
#19455=FACE_BOUND('',#19456,.T.);
#19456=EDGE_LOOP('',(#19457,#19458,#19459));
#19457=ORIENTED_EDGE('',*,*,#19460,.T.);
#19458=ORIENTED_EDGE('',*,*,#19461,.T.);
#19459=ORIENTED_EDGE('',*,*,#19462,.T.);
#19460=EDGE_CURVE('',#329,#509,#19463,.F.);
#19461=EDGE_CURVE('',#509,#331,#19464,.T.);
#19462=EDGE_CURVE('',#331,#329,#19465,.T.);
#19463=LINE('',#328,#19466);
#19464=LINE('',#508,#19467);
#19465=LINE('',#330,#19468);
#19466=VECTOR('',#19469,1.0);
#19467=VECTOR('',#19470,1.0);
#19468=VECTOR('',#19471,1.0);
#19469=DIRECTION('',(0.1896092788843222,-0.09382781013848616,0.9773661869563443));
#19470=DIRECTION('',(0,0,-1));
#19471=DIRECTION('',(-0.8962665179548853,0.4435158720869247,0));
ENDSEC;
END-ISO-10303-21;
